occupation_code,occupation_title,skill_id,skill_name,skill_score
11-1011,Chief executives,1,Adaptability,4.2
11-1011,Chief executives,2,Computers and information technology,3.7
11-1011,Chief executives,3,Creativity and innovation,3.5
11-1011,Chief executives,4,Critical and analytical thinking,4.1
11-1011,Chief executives,5,Customer service,3.9
11-1011,Chief executives,6,Detail oriented,3.7
11-1011,Chief executives,7,Fine motor,1.7
11-1011,Chief executives,8,Interpersonal,4.0
11-1011,Chief executives,9,Leadership,4.5
11-1011,Chief executives,10,Mathematics,3.3
11-1011,Chief executives,11,Mechanical,1.5
11-1011,Chief executives,12,Physical strength and stamina,1.3
11-1011,Chief executives,13,Problem solving and decision making,4.6
11-1011,Chief executives,14,Project management,4.1
11-1011,Chief executives,15,Science,1.8
11-1011,Chief executives,16,Speaking and listening,4.0
11-1011,Chief executives,17,Writing and reading,4.2
11-1021,General and operations managers,1,Adaptability,4.1
11-1021,General and operations managers,2,Computers and information technology,3.5
11-1021,General and operations managers,3,Creativity and innovation,3.1
11-1021,General and operations managers,4,Critical and analytical thinking,3.6
11-1021,General and operations managers,5,Customer service,3.6
11-1021,General and operations managers,6,Detail oriented,3.6
11-1021,General and operations managers,7,Fine motor,1.7
11-1021,General and operations managers,8,Interpersonal,3.7
11-1021,General and operations managers,9,Leadership,4.0
11-1021,General and operations managers,10,Mathematics,3.0
11-1021,General and operations managers,11,Mechanical,1.7
11-1021,General and operations managers,12,Physical strength and stamina,1.7
11-1021,General and operations managers,13,Problem solving and decision making,4.1
11-1021,General and operations managers,14,Project management,3.6
11-1021,General and operations managers,15,Science,1.7
11-1021,General and operations managers,16,Speaking and listening,3.5
11-1021,General and operations managers,17,Writing and reading,3.8
11-2011,Advertising and promotions managers,1,Adaptability,4.0
11-2011,Advertising and promotions managers,2,Computers and information technology,3.6
11-2011,Advertising and promotions managers,3,Creativity and innovation,3.5
11-2011,Advertising and promotions managers,4,Critical and analytical thinking,3.5
11-2011,Advertising and promotions managers,5,Customer service,3.5
11-2011,Advertising and promotions managers,6,Detail oriented,3.5
11-2011,Advertising and promotions managers,7,Fine motor,1.6
11-2011,Advertising and promotions managers,8,Interpersonal,3.5
11-2011,Advertising and promotions managers,9,Leadership,3.2
11-2011,Advertising and promotions managers,10,Mathematics,3.0
11-2011,Advertising and promotions managers,11,Mechanical,1.3
11-2011,Advertising and promotions managers,12,Physical strength and stamina,1.3
11-2011,Advertising and promotions managers,13,Problem solving and decision making,3.8
11-2011,Advertising and promotions managers,14,Project management,3.1
11-2011,Advertising and promotions managers,15,Science,1.4
11-2011,Advertising and promotions managers,16,Speaking and listening,3.9
11-2011,Advertising and promotions managers,17,Writing and reading,3.7
11-2021,Marketing managers,1,Adaptability,4.0
11-2021,Marketing managers,2,Computers and information technology,3.6
11-2021,Marketing managers,3,Creativity and innovation,3.4
11-2021,Marketing managers,4,Critical and analytical thinking,3.7
11-2021,Marketing managers,5,Customer service,3.5
11-2021,Marketing managers,6,Detail oriented,3.4
11-2021,Marketing managers,7,Fine motor,1.7
11-2021,Marketing managers,8,Interpersonal,3.5
11-2021,Marketing managers,9,Leadership,3.8
11-2021,Marketing managers,10,Mathematics,3.1
11-2021,Marketing managers,11,Mechanical,1.1
11-2021,Marketing managers,12,Physical strength and stamina,1.3
11-2021,Marketing managers,13,Problem solving and decision making,4.0
11-2021,Marketing managers,14,Project management,3.3
11-2021,Marketing managers,15,Science,1.3
11-2021,Marketing managers,16,Speaking and listening,3.8
11-2021,Marketing managers,17,Writing and reading,3.7
11-2022,Sales managers,1,Adaptability,4.0
11-2022,Sales managers,2,Computers and information technology,3.5
11-2022,Sales managers,3,Creativity and innovation,3.0
11-2022,Sales managers,4,Critical and analytical thinking,3.7
11-2022,Sales managers,5,Customer service,4.0
11-2022,Sales managers,6,Detail oriented,3.0
11-2022,Sales managers,7,Fine motor,1.5
11-2022,Sales managers,8,Interpersonal,3.8
11-2022,Sales managers,9,Leadership,4.3
11-2022,Sales managers,10,Mathematics,2.9
11-2022,Sales managers,11,Mechanical,1.2
11-2022,Sales managers,12,Physical strength and stamina,1.2
11-2022,Sales managers,13,Problem solving and decision making,4.1
11-2022,Sales managers,14,Project management,3.3
11-2022,Sales managers,15,Science,1.3
11-2022,Sales managers,16,Speaking and listening,3.7
11-2022,Sales managers,17,Writing and reading,3.8
11-2032,Public relations managers,1,Adaptability,4.0
11-2032,Public relations managers,2,Computers and information technology,3.4
11-2032,Public relations managers,3,Creativity and innovation,3.3
11-2032,Public relations managers,4,Critical and analytical thinking,3.5
11-2032,Public relations managers,5,Customer service,3.7
11-2032,Public relations managers,6,Detail oriented,3.7
11-2032,Public relations managers,7,Fine motor,1.4
11-2032,Public relations managers,8,Interpersonal,3.6
11-2032,Public relations managers,9,Leadership,3.5
11-2032,Public relations managers,10,Mathematics,2.1
11-2032,Public relations managers,11,Mechanical,1.1
11-2032,Public relations managers,12,Physical strength and stamina,1.2
11-2032,Public relations managers,13,Problem solving and decision making,3.8
11-2032,Public relations managers,14,Project management,3.0
11-2032,Public relations managers,15,Science,1.2
11-2032,Public relations managers,16,Speaking and listening,4.1
11-2032,Public relations managers,17,Writing and reading,4.0
11-2033,Fundraising managers,1,Adaptability,4.0
11-2033,Fundraising managers,2,Computers and information technology,3.4
11-2033,Fundraising managers,3,Creativity and innovation,3.0
11-2033,Fundraising managers,4,Critical and analytical thinking,3.4
11-2033,Fundraising managers,5,Customer service,3.5
11-2033,Fundraising managers,6,Detail oriented,3.7
11-2033,Fundraising managers,7,Fine motor,1.6
11-2033,Fundraising managers,8,Interpersonal,3.7
11-2033,Fundraising managers,9,Leadership,3.3
11-2033,Fundraising managers,10,Mathematics,3.0
11-2033,Fundraising managers,11,Mechanical,1.2
11-2033,Fundraising managers,12,Physical strength and stamina,1.4
11-2033,Fundraising managers,13,Problem solving and decision making,3.8
11-2033,Fundraising managers,14,Project management,3.1
11-2033,Fundraising managers,15,Science,1.1
11-2033,Fundraising managers,16,Speaking and listening,3.8
11-2033,Fundraising managers,17,Writing and reading,3.7
11-3012,Administrative services managers,1,Adaptability,4.0
11-3012,Administrative services managers,2,Computers and information technology,3.6
11-3012,Administrative services managers,3,Creativity and innovation,2.9
11-3012,Administrative services managers,4,Critical and analytical thinking,3.5
11-3012,Administrative services managers,5,Customer service,3.4
11-3012,Administrative services managers,6,Detail oriented,3.6
11-3012,Administrative services managers,7,Fine motor,2.0
11-3012,Administrative services managers,8,Interpersonal,3.6
11-3012,Administrative services managers,9,Leadership,3.7
11-3012,Administrative services managers,10,Mathematics,2.7
11-3012,Administrative services managers,11,Mechanical,1.8
11-3012,Administrative services managers,12,Physical strength and stamina,1.8
11-3012,Administrative services managers,13,Problem solving and decision making,3.6
11-3012,Administrative services managers,14,Project management,3.6
11-3012,Administrative services managers,15,Science,1.4
11-3012,Administrative services managers,16,Speaking and listening,3.5
11-3012,Administrative services managers,17,Writing and reading,3.8
11-3013,Facilities managers,1,Adaptability,4.2
11-3013,Facilities managers,2,Computers and information technology,3.5
11-3013,Facilities managers,3,Creativity and innovation,3.1
11-3013,Facilities managers,4,Critical and analytical thinking,3.4
11-3013,Facilities managers,5,Customer service,3.4
11-3013,Facilities managers,6,Detail oriented,3.5
11-3013,Facilities managers,7,Fine motor,2.4
11-3013,Facilities managers,8,Interpersonal,3.7
11-3013,Facilities managers,9,Leadership,3.9
11-3013,Facilities managers,10,Mathematics,2.8
11-3013,Facilities managers,11,Mechanical,2.7
11-3013,Facilities managers,12,Physical strength and stamina,2.3
11-3013,Facilities managers,13,Problem solving and decision making,3.9
11-3013,Facilities managers,14,Project management,3.5
11-3013,Facilities managers,15,Science,2.2
11-3013,Facilities managers,16,Speaking and listening,3.4
11-3013,Facilities managers,17,Writing and reading,3.6
11-3021,Computer and information systems managers,1,Adaptability,3.9
11-3021,Computer and information systems managers,2,Computers and information technology,4.2
11-3021,Computer and information systems managers,3,Creativity and innovation,3.0
11-3021,Computer and information systems managers,4,Critical and analytical thinking,3.9
11-3021,Computer and information systems managers,5,Customer service,3.0
11-3021,Computer and information systems managers,6,Detail oriented,3.8
11-3021,Computer and information systems managers,7,Fine motor,2.3
11-3021,Computer and information systems managers,8,Interpersonal,3.4
11-3021,Computer and information systems managers,9,Leadership,3.9
11-3021,Computer and information systems managers,10,Mathematics,3.1
11-3021,Computer and information systems managers,11,Mechanical,1.7
11-3021,Computer and information systems managers,12,Physical strength and stamina,1.3
11-3021,Computer and information systems managers,13,Problem solving and decision making,4.1
11-3021,Computer and information systems managers,14,Project management,3.5
11-3021,Computer and information systems managers,15,Science,1.4
11-3021,Computer and information systems managers,16,Speaking and listening,3.4
11-3021,Computer and information systems managers,17,Writing and reading,3.8
11-3031,Financial managers,1,Adaptability,3.9
11-3031,Financial managers,2,Computers and information technology,3.6
11-3031,Financial managers,3,Creativity and innovation,2.7
11-3031,Financial managers,4,Critical and analytical thinking,3.5
11-3031,Financial managers,5,Customer service,3.3
11-3031,Financial managers,6,Detail oriented,3.8
11-3031,Financial managers,7,Fine motor,1.9
11-3031,Financial managers,8,Interpersonal,3.7
11-3031,Financial managers,9,Leadership,4.0
11-3031,Financial managers,10,Mathematics,3.6
11-3031,Financial managers,11,Mechanical,1.3
11-3031,Financial managers,12,Physical strength and stamina,1.2
11-3031,Financial managers,13,Problem solving and decision making,3.9
11-3031,Financial managers,14,Project management,3.2
11-3031,Financial managers,15,Science,1.1
11-3031,Financial managers,16,Speaking and listening,3.7
11-3031,Financial managers,17,Writing and reading,3.8
11-3051,Industrial production managers,1,Adaptability,4.0
11-3051,Industrial production managers,2,Computers and information technology,3.5
11-3051,Industrial production managers,3,Creativity and innovation,2.9
11-3051,Industrial production managers,4,Critical and analytical thinking,3.7
11-3051,Industrial production managers,5,Customer service,2.9
11-3051,Industrial production managers,6,Detail oriented,3.8
11-3051,Industrial production managers,7,Fine motor,2.4
11-3051,Industrial production managers,8,Interpersonal,3.4
11-3051,Industrial production managers,9,Leadership,3.9
11-3051,Industrial production managers,10,Mathematics,3.3
11-3051,Industrial production managers,11,Mechanical,2.5
11-3051,Industrial production managers,12,Physical strength and stamina,2.1
11-3051,Industrial production managers,13,Problem solving and decision making,4.1
11-3051,Industrial production managers,14,Project management,3.5
11-3051,Industrial production managers,15,Science,1.8
11-3051,Industrial production managers,16,Speaking and listening,3.5
11-3051,Industrial production managers,17,Writing and reading,3.6
11-3061,Purchasing managers,1,Adaptability,4.2
11-3061,Purchasing managers,2,Computers and information technology,3.8
11-3061,Purchasing managers,3,Creativity and innovation,3.1
11-3061,Purchasing managers,4,Critical and analytical thinking,3.7
11-3061,Purchasing managers,5,Customer service,3.3
11-3061,Purchasing managers,6,Detail oriented,3.6
11-3061,Purchasing managers,7,Fine motor,1.3
11-3061,Purchasing managers,8,Interpersonal,3.6
11-3061,Purchasing managers,9,Leadership,4.1
11-3061,Purchasing managers,10,Mathematics,3.2
11-3061,Purchasing managers,11,Mechanical,1.4
11-3061,Purchasing managers,12,Physical strength and stamina,1.3
11-3061,Purchasing managers,13,Problem solving and decision making,3.8
11-3061,Purchasing managers,14,Project management,3.6
11-3061,Purchasing managers,15,Science,1.4
11-3061,Purchasing managers,16,Speaking and listening,3.7
11-3061,Purchasing managers,17,Writing and reading,3.8
11-3071,"Transportation, storage, and distribution managers",1,Adaptability,4.0
11-3071,"Transportation, storage, and distribution managers",2,Computers and information technology,3.5
11-3071,"Transportation, storage, and distribution managers",3,Creativity and innovation,3.0
11-3071,"Transportation, storage, and distribution managers",4,Critical and analytical thinking,3.6
11-3071,"Transportation, storage, and distribution managers",5,Customer service,3.4
11-3071,"Transportation, storage, and distribution managers",6,Detail oriented,3.5
11-3071,"Transportation, storage, and distribution managers",7,Fine motor,2.0
11-3071,"Transportation, storage, and distribution managers",8,Interpersonal,3.4
11-3071,"Transportation, storage, and distribution managers",9,Leadership,3.9
11-3071,"Transportation, storage, and distribution managers",10,Mathematics,3.0
11-3071,"Transportation, storage, and distribution managers",11,Mechanical,1.8
11-3071,"Transportation, storage, and distribution managers",12,Physical strength and stamina,1.5
11-3071,"Transportation, storage, and distribution managers",13,Problem solving and decision making,3.9
11-3071,"Transportation, storage, and distribution managers",14,Project management,3.5
11-3071,"Transportation, storage, and distribution managers",15,Science,1.5
11-3071,"Transportation, storage, and distribution managers",16,Speaking and listening,3.4
11-3071,"Transportation, storage, and distribution managers",17,Writing and reading,3.8
11-3111,Compensation and benefits managers,1,Adaptability,4.0
11-3111,Compensation and benefits managers,2,Computers and information technology,3.5
11-3111,Compensation and benefits managers,3,Creativity and innovation,2.8
11-3111,Compensation and benefits managers,4,Critical and analytical thinking,3.6
11-3111,Compensation and benefits managers,5,Customer service,2.9
11-3111,Compensation and benefits managers,6,Detail oriented,3.5
11-3111,Compensation and benefits managers,7,Fine motor,1.5
11-3111,Compensation and benefits managers,8,Interpersonal,3.5
11-3111,Compensation and benefits managers,9,Leadership,3.6
11-3111,Compensation and benefits managers,10,Mathematics,3.2
11-3111,Compensation and benefits managers,11,Mechanical,1.1
11-3111,Compensation and benefits managers,12,Physical strength and stamina,1.2
11-3111,Compensation and benefits managers,13,Problem solving and decision making,3.8
11-3111,Compensation and benefits managers,14,Project management,3.2
11-3111,Compensation and benefits managers,15,Science,1.0
11-3111,Compensation and benefits managers,16,Speaking and listening,3.6
11-3111,Compensation and benefits managers,17,Writing and reading,3.9
11-3121,Human resources managers,1,Adaptability,4.3
11-3121,Human resources managers,2,Computers and information technology,3.6
11-3121,Human resources managers,3,Creativity and innovation,3.0
11-3121,Human resources managers,4,Critical and analytical thinking,3.7
11-3121,Human resources managers,5,Customer service,3.6
11-3121,Human resources managers,6,Detail oriented,3.7
11-3121,Human resources managers,7,Fine motor,1.6
11-3121,Human resources managers,8,Interpersonal,4.0
11-3121,Human resources managers,9,Leadership,4.2
11-3121,Human resources managers,10,Mathematics,3.0
11-3121,Human resources managers,11,Mechanical,1.2
11-3121,Human resources managers,12,Physical strength and stamina,1.4
11-3121,Human resources managers,13,Problem solving and decision making,4.1
11-3121,Human resources managers,14,Project management,3.4
11-3121,Human resources managers,15,Science,1.2
11-3121,Human resources managers,16,Speaking and listening,3.9
11-3121,Human resources managers,17,Writing and reading,4.2
11-3131,Training and development managers,1,Adaptability,4.1
11-3131,Training and development managers,2,Computers and information technology,3.7
11-3131,Training and development managers,3,Creativity and innovation,3.3
11-3131,Training and development managers,4,Critical and analytical thinking,3.6
11-3131,Training and development managers,5,Customer service,2.7
11-3131,Training and development managers,6,Detail oriented,3.0
11-3131,Training and development managers,7,Fine motor,1.6
11-3131,Training and development managers,8,Interpersonal,3.8
11-3131,Training and development managers,9,Leadership,4.3
11-3131,Training and development managers,10,Mathematics,2.6
11-3131,Training and development managers,11,Mechanical,1.1
11-3131,Training and development managers,12,Physical strength and stamina,1.3
11-3131,Training and development managers,13,Problem solving and decision making,3.7
11-3131,Training and development managers,14,Project management,3.6
11-3131,Training and development managers,15,Science,1.1
11-3131,Training and development managers,16,Speaking and listening,3.8
11-3131,Training and development managers,17,Writing and reading,4.0
11-9013,"Farmers, ranchers, and other agricultural managers",1,Adaptability,3.8
11-9013,"Farmers, ranchers, and other agricultural managers",2,Computers and information technology,2.9
11-9013,"Farmers, ranchers, and other agricultural managers",3,Creativity and innovation,3.1
11-9013,"Farmers, ranchers, and other agricultural managers",4,Critical and analytical thinking,3.5
11-9013,"Farmers, ranchers, and other agricultural managers",5,Customer service,2.9
11-9013,"Farmers, ranchers, and other agricultural managers",6,Detail oriented,3.4
11-9013,"Farmers, ranchers, and other agricultural managers",7,Fine motor,2.7
11-9013,"Farmers, ranchers, and other agricultural managers",8,Interpersonal,3.3
11-9013,"Farmers, ranchers, and other agricultural managers",9,Leadership,3.7
11-9013,"Farmers, ranchers, and other agricultural managers",10,Mathematics,3.1
11-9013,"Farmers, ranchers, and other agricultural managers",11,Mechanical,2.7
11-9013,"Farmers, ranchers, and other agricultural managers",12,Physical strength and stamina,2.5
11-9013,"Farmers, ranchers, and other agricultural managers",13,Problem solving and decision making,3.8
11-9013,"Farmers, ranchers, and other agricultural managers",14,Project management,3.6
11-9013,"Farmers, ranchers, and other agricultural managers",15,Science,2.9
11-9013,"Farmers, ranchers, and other agricultural managers",16,Speaking and listening,3.3
11-9013,"Farmers, ranchers, and other agricultural managers",17,Writing and reading,3.5
11-9021,Construction managers,1,Adaptability,4.0
11-9021,Construction managers,2,Computers and information technology,3.5
11-9021,Construction managers,3,Creativity and innovation,2.9
11-9021,Construction managers,4,Critical and analytical thinking,3.7
11-9021,Construction managers,5,Customer service,3.3
11-9021,Construction managers,6,Detail oriented,3.9
11-9021,Construction managers,7,Fine motor,2.3
11-9021,Construction managers,8,Interpersonal,3.5
11-9021,Construction managers,9,Leadership,4.1
11-9021,Construction managers,10,Mathematics,3.6
11-9021,Construction managers,11,Mechanical,2.3
11-9021,Construction managers,12,Physical strength and stamina,2.3
11-9021,Construction managers,13,Problem solving and decision making,4.0
11-9021,Construction managers,14,Project management,3.9
11-9021,Construction managers,15,Science,2.4
11-9021,Construction managers,16,Speaking and listening,3.7
11-9021,Construction managers,17,Writing and reading,3.8
11-9031,"Education and childcare administrators, preschool and daycare",1,Adaptability,4.2
11-9031,"Education and childcare administrators, preschool and daycare",2,Computers and information technology,3.4
11-9031,"Education and childcare administrators, preschool and daycare",3,Creativity and innovation,3.3
11-9031,"Education and childcare administrators, preschool and daycare",4,Critical and analytical thinking,3.3
11-9031,"Education and childcare administrators, preschool and daycare",5,Customer service,3.7
11-9031,"Education and childcare administrators, preschool and daycare",6,Detail oriented,3.9
11-9031,"Education and childcare administrators, preschool and daycare",7,Fine motor,1.9
11-9031,"Education and childcare administrators, preschool and daycare",8,Interpersonal,4.1
11-9031,"Education and childcare administrators, preschool and daycare",9,Leadership,4.1
11-9031,"Education and childcare administrators, preschool and daycare",10,Mathematics,2.9
11-9031,"Education and childcare administrators, preschool and daycare",11,Mechanical,1.4
11-9031,"Education and childcare administrators, preschool and daycare",12,Physical strength and stamina,2.0
11-9031,"Education and childcare administrators, preschool and daycare",13,Problem solving and decision making,4.0
11-9031,"Education and childcare administrators, preschool and daycare",14,Project management,3.5
11-9031,"Education and childcare administrators, preschool and daycare",15,Science,1.7
11-9031,"Education and childcare administrators, preschool and daycare",16,Speaking and listening,3.6
11-9031,"Education and childcare administrators, preschool and daycare",17,Writing and reading,3.8
11-9032,"Education administrators, kindergarten through secondary",1,Adaptability,4.2
11-9032,"Education administrators, kindergarten through secondary",2,Computers and information technology,3.6
11-9032,"Education administrators, kindergarten through secondary",3,Creativity and innovation,3.3
11-9032,"Education administrators, kindergarten through secondary",4,Critical and analytical thinking,4.0
11-9032,"Education administrators, kindergarten through secondary",5,Customer service,3.7
11-9032,"Education administrators, kindergarten through secondary",6,Detail oriented,3.1
11-9032,"Education administrators, kindergarten through secondary",7,Fine motor,1.4
11-9032,"Education administrators, kindergarten through secondary",8,Interpersonal,4.2
11-9032,"Education administrators, kindergarten through secondary",9,Leadership,4.4
11-9032,"Education administrators, kindergarten through secondary",10,Mathematics,3.1
11-9032,"Education administrators, kindergarten through secondary",11,Mechanical,1.5
11-9032,"Education administrators, kindergarten through secondary",12,Physical strength and stamina,1.8
11-9032,"Education administrators, kindergarten through secondary",13,Problem solving and decision making,4.2
11-9032,"Education administrators, kindergarten through secondary",14,Project management,3.7
11-9032,"Education administrators, kindergarten through secondary",15,Science,1.8
11-9032,"Education administrators, kindergarten through secondary",16,Speaking and listening,4.3
11-9032,"Education administrators, kindergarten through secondary",17,Writing and reading,4.4
11-9033,"Education administrators, postsecondary",1,Adaptability,4.2
11-9033,"Education administrators, postsecondary",2,Computers and information technology,3.4
11-9033,"Education administrators, postsecondary",3,Creativity and innovation,3.4
11-9033,"Education administrators, postsecondary",4,Critical and analytical thinking,3.6
11-9033,"Education administrators, postsecondary",5,Customer service,3.3
11-9033,"Education administrators, postsecondary",6,Detail oriented,3.6
11-9033,"Education administrators, postsecondary",7,Fine motor,1.3
11-9033,"Education administrators, postsecondary",8,Interpersonal,3.8
11-9033,"Education administrators, postsecondary",9,Leadership,3.9
11-9033,"Education administrators, postsecondary",10,Mathematics,2.9
11-9033,"Education administrators, postsecondary",11,Mechanical,1.1
11-9033,"Education administrators, postsecondary",12,Physical strength and stamina,1.3
11-9033,"Education administrators, postsecondary",13,Problem solving and decision making,4.2
11-9033,"Education administrators, postsecondary",14,Project management,3.4
11-9033,"Education administrators, postsecondary",15,Science,1.4
11-9033,"Education administrators, postsecondary",16,Speaking and listening,3.8
11-9033,"Education administrators, postsecondary",17,Writing and reading,4.1
11-9039,"Education administrators, all other",1,Adaptability,4.2
11-9039,"Education administrators, all other",2,Computers and information technology,3.5
11-9039,"Education administrators, all other",3,Creativity and innovation,3.3
11-9039,"Education administrators, all other",4,Critical and analytical thinking,3.7
11-9039,"Education administrators, all other",5,Customer service,3.6
11-9039,"Education administrators, all other",6,Detail oriented,3.4
11-9039,"Education administrators, all other",7,Fine motor,1.5
11-9039,"Education administrators, all other",8,Interpersonal,4.0
11-9039,"Education administrators, all other",9,Leadership,4.2
11-9039,"Education administrators, all other",10,Mathematics,3.0
11-9039,"Education administrators, all other",11,Mechanical,1.3
11-9039,"Education administrators, all other",12,Physical strength and stamina,1.6
11-9039,"Education administrators, all other",13,Problem solving and decision making,4.2
11-9039,"Education administrators, all other",14,Project management,3.6
11-9039,"Education administrators, all other",15,Science,1.6
11-9039,"Education administrators, all other",16,Speaking and listening,4.1
11-9039,"Education administrators, all other",17,Writing and reading,4.2
11-9041,Architectural and engineering managers,1,Adaptability,4.1
11-9041,Architectural and engineering managers,2,Computers and information technology,3.7
11-9041,Architectural and engineering managers,3,Creativity and innovation,3.4
11-9041,Architectural and engineering managers,4,Critical and analytical thinking,3.7
11-9041,Architectural and engineering managers,5,Customer service,3.2
11-9041,Architectural and engineering managers,6,Detail oriented,3.5
11-9041,Architectural and engineering managers,7,Fine motor,2.0
11-9041,Architectural and engineering managers,8,Interpersonal,3.3
11-9041,Architectural and engineering managers,9,Leadership,4.0
11-9041,Architectural and engineering managers,10,Mathematics,3.8
11-9041,Architectural and engineering managers,11,Mechanical,1.7
11-9041,Architectural and engineering managers,12,Physical strength and stamina,1.3
11-9041,Architectural and engineering managers,13,Problem solving and decision making,4.0
11-9041,Architectural and engineering managers,14,Project management,3.2
11-9041,Architectural and engineering managers,15,Science,2.4
11-9041,Architectural and engineering managers,16,Speaking and listening,3.7
11-9041,Architectural and engineering managers,17,Writing and reading,4.0
11-9051,Food service managers,1,Adaptability,4.0
11-9051,Food service managers,2,Computers and information technology,3.0
11-9051,Food service managers,3,Creativity and innovation,2.7
11-9051,Food service managers,4,Critical and analytical thinking,3.3
11-9051,Food service managers,5,Customer service,3.9
11-9051,Food service managers,6,Detail oriented,3.6
11-9051,Food service managers,7,Fine motor,2.4
11-9051,Food service managers,8,Interpersonal,3.8
11-9051,Food service managers,9,Leadership,4.1
11-9051,Food service managers,10,Mathematics,3.0
11-9051,Food service managers,11,Mechanical,2.0
11-9051,Food service managers,12,Physical strength and stamina,2.4
11-9051,Food service managers,13,Problem solving and decision making,3.8
11-9051,Food service managers,14,Project management,3.4
11-9051,Food service managers,15,Science,1.4
11-9051,Food service managers,16,Speaking and listening,3.4
11-9051,Food service managers,17,Writing and reading,3.4
11-9071,Gambling managers,1,Adaptability,4.0
11-9071,Gambling managers,2,Computers and information technology,3.5
11-9071,Gambling managers,3,Creativity and innovation,2.7
11-9071,Gambling managers,4,Critical and analytical thinking,3.5
11-9071,Gambling managers,5,Customer service,4.0
11-9071,Gambling managers,6,Detail oriented,3.9
11-9071,Gambling managers,7,Fine motor,1.9
11-9071,Gambling managers,8,Interpersonal,3.6
11-9071,Gambling managers,9,Leadership,3.8
11-9071,Gambling managers,10,Mathematics,3.4
11-9071,Gambling managers,11,Mechanical,1.6
11-9071,Gambling managers,12,Physical strength and stamina,1.9
11-9071,Gambling managers,13,Problem solving and decision making,4.0
11-9071,Gambling managers,14,Project management,3.2
11-9071,Gambling managers,15,Science,1.4
11-9071,Gambling managers,16,Speaking and listening,3.6
11-9071,Gambling managers,17,Writing and reading,3.5
11-9072,"Entertainment and recreation managers, except gambling",1,Adaptability,4.1
11-9072,"Entertainment and recreation managers, except gambling",2,Computers and information technology,3.6
11-9072,"Entertainment and recreation managers, except gambling",3,Creativity and innovation,3.5
11-9072,"Entertainment and recreation managers, except gambling",4,Critical and analytical thinking,3.2
11-9072,"Entertainment and recreation managers, except gambling",5,Customer service,3.7
11-9072,"Entertainment and recreation managers, except gambling",6,Detail oriented,3.5
11-9072,"Entertainment and recreation managers, except gambling",7,Fine motor,1.9
11-9072,"Entertainment and recreation managers, except gambling",8,Interpersonal,4.1
11-9072,"Entertainment and recreation managers, except gambling",9,Leadership,4.0
11-9072,"Entertainment and recreation managers, except gambling",10,Mathematics,2.7
11-9072,"Entertainment and recreation managers, except gambling",11,Mechanical,1.6
11-9072,"Entertainment and recreation managers, except gambling",12,Physical strength and stamina,2.2
11-9072,"Entertainment and recreation managers, except gambling",13,Problem solving and decision making,3.8
11-9072,"Entertainment and recreation managers, except gambling",14,Project management,3.5
11-9072,"Entertainment and recreation managers, except gambling",15,Science,2.1
11-9072,"Entertainment and recreation managers, except gambling",16,Speaking and listening,3.8
11-9072,"Entertainment and recreation managers, except gambling",17,Writing and reading,3.8
11-9081,Lodging managers,1,Adaptability,4.3
11-9081,Lodging managers,2,Computers and information technology,3.7
11-9081,Lodging managers,3,Creativity and innovation,3.2
11-9081,Lodging managers,4,Critical and analytical thinking,3.4
11-9081,Lodging managers,5,Customer service,4.0
11-9081,Lodging managers,6,Detail oriented,3.6
11-9081,Lodging managers,7,Fine motor,2.1
11-9081,Lodging managers,8,Interpersonal,4.1
11-9081,Lodging managers,9,Leadership,4.1
11-9081,Lodging managers,10,Mathematics,3.3
11-9081,Lodging managers,11,Mechanical,1.9
11-9081,Lodging managers,12,Physical strength and stamina,2.1
11-9081,Lodging managers,13,Problem solving and decision making,4.1
11-9081,Lodging managers,14,Project management,3.4
11-9081,Lodging managers,15,Science,1.5
11-9081,Lodging managers,16,Speaking and listening,3.9
11-9081,Lodging managers,17,Writing and reading,3.8
11-9111,Medical and health services managers,1,Adaptability,4.4
11-9111,Medical and health services managers,2,Computers and information technology,3.9
11-9111,Medical and health services managers,3,Creativity and innovation,3.0
11-9111,Medical and health services managers,4,Critical and analytical thinking,4.0
11-9111,Medical and health services managers,5,Customer service,3.6
11-9111,Medical and health services managers,6,Detail oriented,3.5
11-9111,Medical and health services managers,7,Fine motor,1.7
11-9111,Medical and health services managers,8,Interpersonal,4.0
11-9111,Medical and health services managers,9,Leadership,4.3
11-9111,Medical and health services managers,10,Mathematics,3.0
11-9111,Medical and health services managers,11,Mechanical,1.4
11-9111,Medical and health services managers,12,Physical strength and stamina,1.4
11-9111,Medical and health services managers,13,Problem solving and decision making,3.9
11-9111,Medical and health services managers,14,Project management,3.8
11-9111,Medical and health services managers,15,Science,2.1
11-9111,Medical and health services managers,16,Speaking and listening,3.7
11-9111,Medical and health services managers,17,Writing and reading,4.0
11-9121,Natural sciences managers,1,Adaptability,4.2
11-9121,Natural sciences managers,2,Computers and information technology,3.8
11-9121,Natural sciences managers,3,Creativity and innovation,3.0
11-9121,Natural sciences managers,4,Critical and analytical thinking,3.9
11-9121,Natural sciences managers,5,Customer service,2.7
11-9121,Natural sciences managers,6,Detail oriented,3.8
11-9121,Natural sciences managers,7,Fine motor,1.9
11-9121,Natural sciences managers,8,Interpersonal,3.3
11-9121,Natural sciences managers,9,Leadership,4.0
11-9121,Natural sciences managers,10,Mathematics,3.2
11-9121,Natural sciences managers,11,Mechanical,1.8
11-9121,Natural sciences managers,12,Physical strength and stamina,1.7
11-9121,Natural sciences managers,13,Problem solving and decision making,3.8
11-9121,Natural sciences managers,14,Project management,3.6
11-9121,Natural sciences managers,15,Science,3.5
11-9121,Natural sciences managers,16,Speaking and listening,3.6
11-9121,Natural sciences managers,17,Writing and reading,4.0
11-9131,Postmasters and mail superintendents,1,Adaptability,4.1
11-9131,Postmasters and mail superintendents,2,Computers and information technology,3.7
11-9131,Postmasters and mail superintendents,3,Creativity and innovation,2.8
11-9131,Postmasters and mail superintendents,4,Critical and analytical thinking,3.5
11-9131,Postmasters and mail superintendents,5,Customer service,3.9
11-9131,Postmasters and mail superintendents,6,Detail oriented,3.5
11-9131,Postmasters and mail superintendents,7,Fine motor,1.7
11-9131,Postmasters and mail superintendents,8,Interpersonal,3.7
11-9131,Postmasters and mail superintendents,9,Leadership,4.1
11-9131,Postmasters and mail superintendents,10,Mathematics,3.0
11-9131,Postmasters and mail superintendents,11,Mechanical,1.7
11-9131,Postmasters and mail superintendents,12,Physical strength and stamina,1.9
11-9131,Postmasters and mail superintendents,13,Problem solving and decision making,3.8
11-9131,Postmasters and mail superintendents,14,Project management,3.4
11-9131,Postmasters and mail superintendents,15,Science,1.4
11-9131,Postmasters and mail superintendents,16,Speaking and listening,3.8
11-9131,Postmasters and mail superintendents,17,Writing and reading,3.7
11-9141,"Property, real estate, and community association managers",1,Adaptability,4.0
11-9141,"Property, real estate, and community association managers",2,Computers and information technology,3.5
11-9141,"Property, real estate, and community association managers",3,Creativity and innovation,2.6
11-9141,"Property, real estate, and community association managers",4,Critical and analytical thinking,3.2
11-9141,"Property, real estate, and community association managers",5,Customer service,3.7
11-9141,"Property, real estate, and community association managers",6,Detail oriented,3.5
11-9141,"Property, real estate, and community association managers",7,Fine motor,1.5
11-9141,"Property, real estate, and community association managers",8,Interpersonal,3.5
11-9141,"Property, real estate, and community association managers",9,Leadership,3.8
11-9141,"Property, real estate, and community association managers",10,Mathematics,3.2
11-9141,"Property, real estate, and community association managers",11,Mechanical,1.5
11-9141,"Property, real estate, and community association managers",12,Physical strength and stamina,1.4
11-9141,"Property, real estate, and community association managers",13,Problem solving and decision making,3.6
11-9141,"Property, real estate, and community association managers",14,Project management,3.4
11-9141,"Property, real estate, and community association managers",15,Science,1.5
11-9141,"Property, real estate, and community association managers",16,Speaking and listening,3.5
11-9141,"Property, real estate, and community association managers",17,Writing and reading,3.7
11-9151,Social and community service managers,1,Adaptability,4.4
11-9151,Social and community service managers,2,Computers and information technology,3.6
11-9151,Social and community service managers,3,Creativity and innovation,3.3
11-9151,Social and community service managers,4,Critical and analytical thinking,3.6
11-9151,Social and community service managers,5,Customer service,3.7
11-9151,Social and community service managers,6,Detail oriented,3.6
11-9151,Social and community service managers,7,Fine motor,2.1
11-9151,Social and community service managers,8,Interpersonal,4.1
11-9151,Social and community service managers,9,Leadership,3.9
11-9151,Social and community service managers,10,Mathematics,2.9
11-9151,Social and community service managers,11,Mechanical,1.4
11-9151,Social and community service managers,12,Physical strength and stamina,1.5
11-9151,Social and community service managers,13,Problem solving and decision making,4.1
11-9151,Social and community service managers,14,Project management,3.1
11-9151,Social and community service managers,15,Science,1.7
11-9151,Social and community service managers,16,Speaking and listening,3.7
11-9151,Social and community service managers,17,Writing and reading,3.8
11-9161,Emergency management directors,1,Adaptability,4.2
11-9161,Emergency management directors,2,Computers and information technology,3.7
11-9161,Emergency management directors,3,Creativity and innovation,3.1
11-9161,Emergency management directors,4,Critical and analytical thinking,3.8
11-9161,Emergency management directors,5,Customer service,3.5
11-9161,Emergency management directors,6,Detail oriented,3.4
11-9161,Emergency management directors,7,Fine motor,1.8
11-9161,Emergency management directors,8,Interpersonal,4.1
11-9161,Emergency management directors,9,Leadership,4.0
11-9161,Emergency management directors,10,Mathematics,2.9
11-9161,Emergency management directors,11,Mechanical,1.8
11-9161,Emergency management directors,12,Physical strength and stamina,1.7
11-9161,Emergency management directors,13,Problem solving and decision making,3.9
11-9161,Emergency management directors,14,Project management,3.5
11-9161,Emergency management directors,15,Science,2.1
11-9161,Emergency management directors,16,Speaking and listening,3.9
11-9161,Emergency management directors,17,Writing and reading,4.0
11-9171,Funeral home managers,1,Adaptability,4.1
11-9171,Funeral home managers,2,Computers and information technology,3.6
11-9171,Funeral home managers,3,Creativity and innovation,2.9
11-9171,Funeral home managers,4,Critical and analytical thinking,2.9
11-9171,Funeral home managers,5,Customer service,4.0
11-9171,Funeral home managers,6,Detail oriented,3.9
11-9171,Funeral home managers,7,Fine motor,2.2
11-9171,Funeral home managers,8,Interpersonal,4.2
11-9171,Funeral home managers,9,Leadership,3.9
11-9171,Funeral home managers,10,Mathematics,2.8
11-9171,Funeral home managers,11,Mechanical,1.9
11-9171,Funeral home managers,12,Physical strength and stamina,2.2
11-9171,Funeral home managers,13,Problem solving and decision making,3.9
11-9171,Funeral home managers,14,Project management,3.4
11-9171,Funeral home managers,15,Science,2.3
11-9171,Funeral home managers,16,Speaking and listening,3.6
11-9171,Funeral home managers,17,Writing and reading,3.6
11-9179,"Personal service managers, all other",1,Adaptability,4.1
11-9179,"Personal service managers, all other",2,Computers and information technology,3.6
11-9179,"Personal service managers, all other",3,Creativity and innovation,2.9
11-9179,"Personal service managers, all other",4,Critical and analytical thinking,2.9
11-9179,"Personal service managers, all other",5,Customer service,4.0
11-9179,"Personal service managers, all other",6,Detail oriented,3.9
11-9179,"Personal service managers, all other",7,Fine motor,2.2
11-9179,"Personal service managers, all other",8,Interpersonal,4.2
11-9179,"Personal service managers, all other",9,Leadership,3.9
11-9179,"Personal service managers, all other",10,Mathematics,2.8
11-9179,"Personal service managers, all other",11,Mechanical,1.9
11-9179,"Personal service managers, all other",12,Physical strength and stamina,2.2
11-9179,"Personal service managers, all other",13,Problem solving and decision making,3.9
11-9179,"Personal service managers, all other",14,Project management,3.4
11-9179,"Personal service managers, all other",15,Science,2.3
11-9179,"Personal service managers, all other",16,Speaking and listening,3.6
11-9179,"Personal service managers, all other",17,Writing and reading,3.6
11-9199,"Managers, all other",1,Adaptability,4.1
11-9199,"Managers, all other",2,Computers and information technology,3.4
11-9199,"Managers, all other",3,Creativity and innovation,3.0
11-9199,"Managers, all other",4,Critical and analytical thinking,3.6
11-9199,"Managers, all other",5,Customer service,3.4
11-9199,"Managers, all other",6,Detail oriented,3.6
11-9199,"Managers, all other",7,Fine motor,2.0
11-9199,"Managers, all other",8,Interpersonal,3.7
11-9199,"Managers, all other",9,Leadership,4.0
11-9199,"Managers, all other",10,Mathematics,3.2
11-9199,"Managers, all other",11,Mechanical,1.9
11-9199,"Managers, all other",12,Physical strength and stamina,1.9
11-9199,"Managers, all other",13,Problem solving and decision making,3.9
11-9199,"Managers, all other",14,Project management,3.6
11-9199,"Managers, all other",15,Science,2.1
11-9199,"Managers, all other",16,Speaking and listening,3.7
11-9199,"Managers, all other",17,Writing and reading,3.8
13-1011,"Agents and business managers of artists, performers, and athletes",1,Adaptability,3.7
13-1011,"Agents and business managers of artists, performers, and athletes",2,Computers and information technology,3.1
13-1011,"Agents and business managers of artists, performers, and athletes",3,Creativity and innovation,3.6
13-1011,"Agents and business managers of artists, performers, and athletes",4,Critical and analytical thinking,3.1
13-1011,"Agents and business managers of artists, performers, and athletes",5,Customer service,3.3
13-1011,"Agents and business managers of artists, performers, and athletes",6,Detail oriented,3.6
13-1011,"Agents and business managers of artists, performers, and athletes",7,Fine motor,1.5
13-1011,"Agents and business managers of artists, performers, and athletes",8,Interpersonal,3.5
13-1011,"Agents and business managers of artists, performers, and athletes",9,Leadership,2.8
13-1011,"Agents and business managers of artists, performers, and athletes",10,Mathematics,2.4
13-1011,"Agents and business managers of artists, performers, and athletes",11,Mechanical,1.1
13-1011,"Agents and business managers of artists, performers, and athletes",12,Physical strength and stamina,1.2
13-1011,"Agents and business managers of artists, performers, and athletes",13,Problem solving and decision making,3.6
13-1011,"Agents and business managers of artists, performers, and athletes",14,Project management,2.6
13-1011,"Agents and business managers of artists, performers, and athletes",15,Science,1.2
13-1011,"Agents and business managers of artists, performers, and athletes",16,Speaking and listening,3.7
13-1011,"Agents and business managers of artists, performers, and athletes",17,Writing and reading,3.6
13-1020,Buyers and purchasing agents,1,Adaptability,4.0
13-1020,Buyers and purchasing agents,2,Computers and information technology,3.6
13-1020,Buyers and purchasing agents,3,Creativity and innovation,2.7
13-1020,Buyers and purchasing agents,4,Critical and analytical thinking,3.6
13-1020,Buyers and purchasing agents,5,Customer service,3.3
13-1020,Buyers and purchasing agents,6,Detail oriented,3.7
13-1020,Buyers and purchasing agents,7,Fine motor,1.6
13-1020,Buyers and purchasing agents,8,Interpersonal,3.3
13-1020,Buyers and purchasing agents,9,Leadership,3.4
13-1020,Buyers and purchasing agents,10,Mathematics,3.2
13-1020,Buyers and purchasing agents,11,Mechanical,1.3
13-1020,Buyers and purchasing agents,12,Physical strength and stamina,1.4
13-1020,Buyers and purchasing agents,13,Problem solving and decision making,3.9
13-1020,Buyers and purchasing agents,14,Project management,3.4
13-1020,Buyers and purchasing agents,15,Science,1.5
13-1020,Buyers and purchasing agents,16,Speaking and listening,3.6
13-1020,Buyers and purchasing agents,17,Writing and reading,3.7
13-1031,"Claims adjusters, examiners, and investigators",1,Adaptability,4.1
13-1031,"Claims adjusters, examiners, and investigators",2,Computers and information technology,3.9
13-1031,"Claims adjusters, examiners, and investigators",3,Creativity and innovation,2.6
13-1031,"Claims adjusters, examiners, and investigators",4,Critical and analytical thinking,3.5
13-1031,"Claims adjusters, examiners, and investigators",5,Customer service,3.9
13-1031,"Claims adjusters, examiners, and investigators",6,Detail oriented,3.7
13-1031,"Claims adjusters, examiners, and investigators",7,Fine motor,2.1
13-1031,"Claims adjusters, examiners, and investigators",8,Interpersonal,3.6
13-1031,"Claims adjusters, examiners, and investigators",9,Leadership,2.7
13-1031,"Claims adjusters, examiners, and investigators",10,Mathematics,3.1
13-1031,"Claims adjusters, examiners, and investigators",11,Mechanical,1.3
13-1031,"Claims adjusters, examiners, and investigators",12,Physical strength and stamina,1.3
13-1031,"Claims adjusters, examiners, and investigators",13,Problem solving and decision making,4.1
13-1031,"Claims adjusters, examiners, and investigators",14,Project management,2.8
13-1031,"Claims adjusters, examiners, and investigators",15,Science,1.6
13-1031,"Claims adjusters, examiners, and investigators",16,Speaking and listening,3.5
13-1031,"Claims adjusters, examiners, and investigators",17,Writing and reading,3.9
13-1032,"Insurance appraisers, auto damage",1,Adaptability,3.7
13-1032,"Insurance appraisers, auto damage",2,Computers and information technology,3.8
13-1032,"Insurance appraisers, auto damage",3,Creativity and innovation,2.4
13-1032,"Insurance appraisers, auto damage",4,Critical and analytical thinking,3.0
13-1032,"Insurance appraisers, auto damage",5,Customer service,4.0
13-1032,"Insurance appraisers, auto damage",6,Detail oriented,3.6
13-1032,"Insurance appraisers, auto damage",7,Fine motor,2.2
13-1032,"Insurance appraisers, auto damage",8,Interpersonal,3.3
13-1032,"Insurance appraisers, auto damage",9,Leadership,2.6
13-1032,"Insurance appraisers, auto damage",10,Mathematics,2.7
13-1032,"Insurance appraisers, auto damage",11,Mechanical,2.1
13-1032,"Insurance appraisers, auto damage",12,Physical strength and stamina,1.8
13-1032,"Insurance appraisers, auto damage",13,Problem solving and decision making,3.8
13-1032,"Insurance appraisers, auto damage",14,Project management,2.9
13-1032,"Insurance appraisers, auto damage",15,Science,1.3
13-1032,"Insurance appraisers, auto damage",16,Speaking and listening,3.3
13-1032,"Insurance appraisers, auto damage",17,Writing and reading,3.6
13-1041,Compliance officers,1,Adaptability,3.7
13-1041,Compliance officers,2,Computers and information technology,3.5
13-1041,Compliance officers,3,Creativity and innovation,2.6
13-1041,Compliance officers,4,Critical and analytical thinking,3.3
13-1041,Compliance officers,5,Customer service,3.8
13-1041,Compliance officers,6,Detail oriented,3.8
13-1041,Compliance officers,7,Fine motor,2.0
13-1041,Compliance officers,8,Interpersonal,3.4
13-1041,Compliance officers,9,Leadership,2.8
13-1041,Compliance officers,10,Mathematics,2.3
13-1041,Compliance officers,11,Mechanical,1.6
13-1041,Compliance officers,12,Physical strength and stamina,2.0
13-1041,Compliance officers,13,Problem solving and decision making,3.5
13-1041,Compliance officers,14,Project management,2.6
13-1041,Compliance officers,15,Science,1.4
13-1041,Compliance officers,16,Speaking and listening,3.4
13-1041,Compliance officers,17,Writing and reading,3.9
13-1051,Cost estimators,1,Adaptability,3.7
13-1051,Cost estimators,2,Computers and information technology,3.7
13-1051,Cost estimators,3,Creativity and innovation,2.7
13-1051,Cost estimators,4,Critical and analytical thinking,3.7
13-1051,Cost estimators,5,Customer service,2.4
13-1051,Cost estimators,6,Detail oriented,3.4
13-1051,Cost estimators,7,Fine motor,1.4
13-1051,Cost estimators,8,Interpersonal,2.9
13-1051,Cost estimators,9,Leadership,3.1
13-1051,Cost estimators,10,Mathematics,4.1
13-1051,Cost estimators,11,Mechanical,1.2
13-1051,Cost estimators,12,Physical strength and stamina,1.2
13-1051,Cost estimators,13,Problem solving and decision making,3.6
13-1051,Cost estimators,14,Project management,3.2
13-1051,Cost estimators,15,Science,1.9
13-1051,Cost estimators,16,Speaking and listening,3.4
13-1051,Cost estimators,17,Writing and reading,3.8
13-1071,Human resources specialists,1,Adaptability,4.1
13-1071,Human resources specialists,2,Computers and information technology,3.6
13-1071,Human resources specialists,3,Creativity and innovation,2.7
13-1071,Human resources specialists,4,Critical and analytical thinking,3.2
13-1071,Human resources specialists,5,Customer service,3.3
13-1071,Human resources specialists,6,Detail oriented,3.7
13-1071,Human resources specialists,7,Fine motor,2.0
13-1071,Human resources specialists,8,Interpersonal,3.8
13-1071,Human resources specialists,9,Leadership,3.4
13-1071,Human resources specialists,10,Mathematics,2.2
13-1071,Human resources specialists,11,Mechanical,1.1
13-1071,Human resources specialists,12,Physical strength and stamina,1.3
13-1071,Human resources specialists,13,Problem solving and decision making,3.6
13-1071,Human resources specialists,14,Project management,2.9
13-1071,Human resources specialists,15,Science,1.1
13-1071,Human resources specialists,16,Speaking and listening,3.7
13-1071,Human resources specialists,17,Writing and reading,3.8
13-1074,Farm labor contractors,1,Adaptability,3.0
13-1074,Farm labor contractors,2,Computers and information technology,2.4
13-1074,Farm labor contractors,3,Creativity and innovation,2.0
13-1074,Farm labor contractors,4,Critical and analytical thinking,2.5
13-1074,Farm labor contractors,5,Customer service,2.7
13-1074,Farm labor contractors,6,Detail oriented,3.3
13-1074,Farm labor contractors,7,Fine motor,2.1
13-1074,Farm labor contractors,8,Interpersonal,3.1
13-1074,Farm labor contractors,9,Leadership,3.2
13-1074,Farm labor contractors,10,Mathematics,2.5
13-1074,Farm labor contractors,11,Mechanical,1.8
13-1074,Farm labor contractors,12,Physical strength and stamina,2.2
13-1074,Farm labor contractors,13,Problem solving and decision making,3.4
13-1074,Farm labor contractors,14,Project management,2.4
13-1074,Farm labor contractors,15,Science,1.4
13-1074,Farm labor contractors,16,Speaking and listening,3.1
13-1074,Farm labor contractors,17,Writing and reading,2.6
13-1075,Labor relations specialists,1,Adaptability,3.8
13-1075,Labor relations specialists,2,Computers and information technology,3.1
13-1075,Labor relations specialists,3,Creativity and innovation,2.8
13-1075,Labor relations specialists,4,Critical and analytical thinking,3.4
13-1075,Labor relations specialists,5,Customer service,3.1
13-1075,Labor relations specialists,6,Detail oriented,3.4
13-1075,Labor relations specialists,7,Fine motor,1.3
13-1075,Labor relations specialists,8,Interpersonal,3.6
13-1075,Labor relations specialists,9,Leadership,3.2
13-1075,Labor relations specialists,10,Mathematics,2.6
13-1075,Labor relations specialists,11,Mechanical,1.2
13-1075,Labor relations specialists,12,Physical strength and stamina,1.2
13-1075,Labor relations specialists,13,Problem solving and decision making,3.8
13-1075,Labor relations specialists,14,Project management,2.7
13-1075,Labor relations specialists,15,Science,1.1
13-1075,Labor relations specialists,16,Speaking and listening,3.7
13-1075,Labor relations specialists,17,Writing and reading,3.9
13-1081,Logisticians,1,Adaptability,3.9
13-1081,Logisticians,2,Computers and information technology,3.7
13-1081,Logisticians,3,Creativity and innovation,2.9
13-1081,Logisticians,4,Critical and analytical thinking,3.8
13-1081,Logisticians,5,Customer service,3.3
13-1081,Logisticians,6,Detail oriented,3.5
13-1081,Logisticians,7,Fine motor,1.6
13-1081,Logisticians,8,Interpersonal,3.4
13-1081,Logisticians,9,Leadership,3.7
13-1081,Logisticians,10,Mathematics,3.2
13-1081,Logisticians,11,Mechanical,1.4
13-1081,Logisticians,12,Physical strength and stamina,1.3
13-1081,Logisticians,13,Problem solving and decision making,3.8
13-1081,Logisticians,14,Project management,3.5
13-1081,Logisticians,15,Science,1.6
13-1081,Logisticians,16,Speaking and listening,3.6
13-1081,Logisticians,17,Writing and reading,3.7
13-1082,Project management specialists,1,Adaptability,4.3
13-1082,Project management specialists,2,Computers and information technology,4.0
13-1082,Project management specialists,3,Creativity and innovation,3.0
13-1082,Project management specialists,4,Critical and analytical thinking,3.8
13-1082,Project management specialists,5,Customer service,3.5
13-1082,Project management specialists,6,Detail oriented,3.5
13-1082,Project management specialists,7,Fine motor,1.5
13-1082,Project management specialists,8,Interpersonal,3.7
13-1082,Project management specialists,9,Leadership,4.2
13-1082,Project management specialists,10,Mathematics,3.0
13-1082,Project management specialists,11,Mechanical,1.4
13-1082,Project management specialists,12,Physical strength and stamina,1.2
13-1082,Project management specialists,13,Problem solving and decision making,3.8
13-1082,Project management specialists,14,Project management,3.9
13-1082,Project management specialists,15,Science,1.7
13-1082,Project management specialists,16,Speaking and listening,3.7
13-1082,Project management specialists,17,Writing and reading,4.1
13-1111,Management analysts,1,Adaptability,4.2
13-1111,Management analysts,2,Computers and information technology,3.7
13-1111,Management analysts,3,Creativity and innovation,3.2
13-1111,Management analysts,4,Critical and analytical thinking,4.0
13-1111,Management analysts,5,Customer service,3.4
13-1111,Management analysts,6,Detail oriented,3.6
13-1111,Management analysts,7,Fine motor,1.5
13-1111,Management analysts,8,Interpersonal,3.7
13-1111,Management analysts,9,Leadership,3.7
13-1111,Management analysts,10,Mathematics,3.1
13-1111,Management analysts,11,Mechanical,1.3
13-1111,Management analysts,12,Physical strength and stamina,1.3
13-1111,Management analysts,13,Problem solving and decision making,4.1
13-1111,Management analysts,14,Project management,3.1
13-1111,Management analysts,15,Science,1.5
13-1111,Management analysts,16,Speaking and listening,3.7
13-1111,Management analysts,17,Writing and reading,4.1
13-1121,"Meeting, convention, and event planners",1,Adaptability,4.3
13-1121,"Meeting, convention, and event planners",2,Computers and information technology,3.5
13-1121,"Meeting, convention, and event planners",3,Creativity and innovation,3.5
13-1121,"Meeting, convention, and event planners",4,Critical and analytical thinking,3.5
13-1121,"Meeting, convention, and event planners",5,Customer service,3.9
13-1121,"Meeting, convention, and event planners",6,Detail oriented,3.5
13-1121,"Meeting, convention, and event planners",7,Fine motor,2.2
13-1121,"Meeting, convention, and event planners",8,Interpersonal,3.9
13-1121,"Meeting, convention, and event planners",9,Leadership,3.8
13-1121,"Meeting, convention, and event planners",10,Mathematics,2.8
13-1121,"Meeting, convention, and event planners",11,Mechanical,1.9
13-1121,"Meeting, convention, and event planners",12,Physical strength and stamina,2.2
13-1121,"Meeting, convention, and event planners",13,Problem solving and decision making,4.0
13-1121,"Meeting, convention, and event planners",14,Project management,3.7
13-1121,"Meeting, convention, and event planners",15,Science,1.5
13-1121,"Meeting, convention, and event planners",16,Speaking and listening,3.7
13-1121,"Meeting, convention, and event planners",17,Writing and reading,3.9
13-1131,Fundraisers,1,Adaptability,3.9
13-1131,Fundraisers,2,Computers and information technology,3.6
13-1131,Fundraisers,3,Creativity and innovation,3.2
13-1131,Fundraisers,4,Critical and analytical thinking,3.5
13-1131,Fundraisers,5,Customer service,3.7
13-1131,Fundraisers,6,Detail oriented,3.3
13-1131,Fundraisers,7,Fine motor,1.6
13-1131,Fundraisers,8,Interpersonal,3.9
13-1131,Fundraisers,9,Leadership,3.5
13-1131,Fundraisers,10,Mathematics,3.0
13-1131,Fundraisers,11,Mechanical,1.3
13-1131,Fundraisers,12,Physical strength and stamina,1.2
13-1131,Fundraisers,13,Problem solving and decision making,3.7
13-1131,Fundraisers,14,Project management,3.2
13-1131,Fundraisers,15,Science,1.1
13-1131,Fundraisers,16,Speaking and listening,3.9
13-1131,Fundraisers,17,Writing and reading,3.9
13-1141,"Compensation, benefits, and job analysis specialists",1,Adaptability,3.8
13-1141,"Compensation, benefits, and job analysis specialists",2,Computers and information technology,3.5
13-1141,"Compensation, benefits, and job analysis specialists",3,Creativity and innovation,2.6
13-1141,"Compensation, benefits, and job analysis specialists",4,Critical and analytical thinking,3.6
13-1141,"Compensation, benefits, and job analysis specialists",5,Customer service,2.8
13-1141,"Compensation, benefits, and job analysis specialists",6,Detail oriented,3.7
13-1141,"Compensation, benefits, and job analysis specialists",7,Fine motor,1.8
13-1141,"Compensation, benefits, and job analysis specialists",8,Interpersonal,3.3
13-1141,"Compensation, benefits, and job analysis specialists",9,Leadership,2.9
13-1141,"Compensation, benefits, and job analysis specialists",10,Mathematics,3.2
13-1141,"Compensation, benefits, and job analysis specialists",11,Mechanical,1.2
13-1141,"Compensation, benefits, and job analysis specialists",12,Physical strength and stamina,1.2
13-1141,"Compensation, benefits, and job analysis specialists",13,Problem solving and decision making,3.6
13-1141,"Compensation, benefits, and job analysis specialists",14,Project management,2.6
13-1141,"Compensation, benefits, and job analysis specialists",15,Science,1.5
13-1141,"Compensation, benefits, and job analysis specialists",16,Speaking and listening,3.5
13-1141,"Compensation, benefits, and job analysis specialists",17,Writing and reading,3.6
13-1151,Training and development specialists,1,Adaptability,4.2
13-1151,Training and development specialists,2,Computers and information technology,3.4
13-1151,Training and development specialists,3,Creativity and innovation,3.2
13-1151,Training and development specialists,4,Critical and analytical thinking,3.6
13-1151,Training and development specialists,5,Customer service,3.2
13-1151,Training and development specialists,6,Detail oriented,3.0
13-1151,Training and development specialists,7,Fine motor,1.5
13-1151,Training and development specialists,8,Interpersonal,3.8
13-1151,Training and development specialists,9,Leadership,3.7
13-1151,Training and development specialists,10,Mathematics,2.4
13-1151,Training and development specialists,11,Mechanical,1.3
13-1151,Training and development specialists,12,Physical strength and stamina,1.3
13-1151,Training and development specialists,13,Problem solving and decision making,3.6
13-1151,Training and development specialists,14,Project management,3.0
13-1151,Training and development specialists,15,Science,1.4
13-1151,Training and development specialists,16,Speaking and listening,3.9
13-1151,Training and development specialists,17,Writing and reading,4.0
13-1161,Market research analysts and marketing specialists,1,Adaptability,3.8
13-1161,Market research analysts and marketing specialists,2,Computers and information technology,3.8
13-1161,Market research analysts and marketing specialists,3,Creativity and innovation,3.2
13-1161,Market research analysts and marketing specialists,4,Critical and analytical thinking,4.0
13-1161,Market research analysts and marketing specialists,5,Customer service,3.2
13-1161,Market research analysts and marketing specialists,6,Detail oriented,3.6
13-1161,Market research analysts and marketing specialists,7,Fine motor,1.4
13-1161,Market research analysts and marketing specialists,8,Interpersonal,3.0
13-1161,Market research analysts and marketing specialists,9,Leadership,3.1
13-1161,Market research analysts and marketing specialists,10,Mathematics,3.4
13-1161,Market research analysts and marketing specialists,11,Mechanical,1.1
13-1161,Market research analysts and marketing specialists,12,Physical strength and stamina,1.1
13-1161,Market research analysts and marketing specialists,13,Problem solving and decision making,3.8
13-1161,Market research analysts and marketing specialists,14,Project management,2.9
13-1161,Market research analysts and marketing specialists,15,Science,1.4
13-1161,Market research analysts and marketing specialists,16,Speaking and listening,3.6
13-1161,Market research analysts and marketing specialists,17,Writing and reading,4.1
13-1199,"Business operations specialists, all other",1,Adaptability,4.0
13-1199,"Business operations specialists, all other",2,Computers and information technology,3.7
13-1199,"Business operations specialists, all other",3,Creativity and innovation,2.9
13-1199,"Business operations specialists, all other",4,Critical and analytical thinking,3.7
13-1199,"Business operations specialists, all other",5,Customer service,3.4
13-1199,"Business operations specialists, all other",6,Detail oriented,3.6
13-1199,"Business operations specialists, all other",7,Fine motor,1.7
13-1199,"Business operations specialists, all other",8,Interpersonal,3.5
13-1199,"Business operations specialists, all other",9,Leadership,3.5
13-1199,"Business operations specialists, all other",10,Mathematics,2.9
13-1199,"Business operations specialists, all other",11,Mechanical,1.3
13-1199,"Business operations specialists, all other",12,Physical strength and stamina,1.3
13-1199,"Business operations specialists, all other",13,Problem solving and decision making,3.8
13-1199,"Business operations specialists, all other",14,Project management,3.2
13-1199,"Business operations specialists, all other",15,Science,1.5
13-1199,"Business operations specialists, all other",16,Speaking and listening,3.7
13-1199,"Business operations specialists, all other",17,Writing and reading,4.0
13-2011,Accountants and auditors,1,Adaptability,3.8
13-2011,Accountants and auditors,2,Computers and information technology,3.7
13-2011,Accountants and auditors,3,Creativity and innovation,2.6
13-2011,Accountants and auditors,4,Critical and analytical thinking,3.5
13-2011,Accountants and auditors,5,Customer service,2.9
13-2011,Accountants and auditors,6,Detail oriented,3.8
13-2011,Accountants and auditors,7,Fine motor,1.5
13-2011,Accountants and auditors,8,Interpersonal,3.2
13-2011,Accountants and auditors,9,Leadership,3.4
13-2011,Accountants and auditors,10,Mathematics,3.5
13-2011,Accountants and auditors,11,Mechanical,1.2
13-2011,Accountants and auditors,12,Physical strength and stamina,1.3
13-2011,Accountants and auditors,13,Problem solving and decision making,3.8
13-2011,Accountants and auditors,14,Project management,3.0
13-2011,Accountants and auditors,15,Science,1.1
13-2011,Accountants and auditors,16,Speaking and listening,3.3
13-2011,Accountants and auditors,17,Writing and reading,3.7
13-2020,Property appraisers and assessors,1,Adaptability,3.6
13-2020,Property appraisers and assessors,2,Computers and information technology,3.7
13-2020,Property appraisers and assessors,3,Creativity and innovation,2.6
13-2020,Property appraisers and assessors,4,Critical and analytical thinking,3.4
13-2020,Property appraisers and assessors,5,Customer service,2.8
13-2020,Property appraisers and assessors,6,Detail oriented,3.8
13-2020,Property appraisers and assessors,7,Fine motor,1.9
13-2020,Property appraisers and assessors,8,Interpersonal,2.8
13-2020,Property appraisers and assessors,9,Leadership,2.7
13-2020,Property appraisers and assessors,10,Mathematics,3.2
13-2020,Property appraisers and assessors,11,Mechanical,1.5
13-2020,Property appraisers and assessors,12,Physical strength and stamina,1.6
13-2020,Property appraisers and assessors,13,Problem solving and decision making,3.5
13-2020,Property appraisers and assessors,14,Project management,2.6
13-2020,Property appraisers and assessors,15,Science,1.3
13-2020,Property appraisers and assessors,16,Speaking and listening,3.3
13-2020,Property appraisers and assessors,17,Writing and reading,3.7
13-2031,Budget analysts,1,Adaptability,3.9
13-2031,Budget analysts,2,Computers and information technology,3.7
13-2031,Budget analysts,3,Creativity and innovation,2.5
13-2031,Budget analysts,4,Critical and analytical thinking,3.6
13-2031,Budget analysts,5,Customer service,2.8
13-2031,Budget analysts,6,Detail oriented,3.8
13-2031,Budget analysts,7,Fine motor,2.1
13-2031,Budget analysts,8,Interpersonal,2.9
13-2031,Budget analysts,9,Leadership,2.7
13-2031,Budget analysts,10,Mathematics,3.9
13-2031,Budget analysts,11,Mechanical,1.2
13-2031,Budget analysts,12,Physical strength and stamina,1.3
13-2031,Budget analysts,13,Problem solving and decision making,3.9
13-2031,Budget analysts,14,Project management,3.0
13-2031,Budget analysts,15,Science,1.1
13-2031,Budget analysts,16,Speaking and listening,3.2
13-2031,Budget analysts,17,Writing and reading,3.5
13-2041,Credit analysts,1,Adaptability,3.8
13-2041,Credit analysts,2,Computers and information technology,3.5
13-2041,Credit analysts,3,Creativity and innovation,2.2
13-2041,Credit analysts,4,Critical and analytical thinking,3.8
13-2041,Credit analysts,5,Customer service,2.3
13-2041,Credit analysts,6,Detail oriented,3.7
13-2041,Credit analysts,7,Fine motor,1.6
13-2041,Credit analysts,8,Interpersonal,2.7
13-2041,Credit analysts,9,Leadership,2.6
13-2041,Credit analysts,10,Mathematics,3.7
13-2041,Credit analysts,11,Mechanical,1.1
13-2041,Credit analysts,12,Physical strength and stamina,1.1
13-2041,Credit analysts,13,Problem solving and decision making,3.4
13-2041,Credit analysts,14,Project management,2.3
13-2041,Credit analysts,15,Science,1.1
13-2041,Credit analysts,16,Speaking and listening,3.2
13-2041,Credit analysts,17,Writing and reading,3.6
13-2051,Financial and investment analysts,1,Adaptability,3.9
13-2051,Financial and investment analysts,2,Computers and information technology,3.6
13-2051,Financial and investment analysts,3,Creativity and innovation,2.6
13-2051,Financial and investment analysts,4,Critical and analytical thinking,3.8
13-2051,Financial and investment analysts,5,Customer service,3.3
13-2051,Financial and investment analysts,6,Detail oriented,3.8
13-2051,Financial and investment analysts,7,Fine motor,1.4
13-2051,Financial and investment analysts,8,Interpersonal,3.8
13-2051,Financial and investment analysts,9,Leadership,2.9
13-2051,Financial and investment analysts,10,Mathematics,3.7
13-2051,Financial and investment analysts,11,Mechanical,1.0
13-2051,Financial and investment analysts,12,Physical strength and stamina,1.1
13-2051,Financial and investment analysts,13,Problem solving and decision making,3.9
13-2051,Financial and investment analysts,14,Project management,2.9
13-2051,Financial and investment analysts,15,Science,1.1
13-2051,Financial and investment analysts,16,Speaking and listening,3.5
13-2051,Financial and investment analysts,17,Writing and reading,4.0
13-2052,Personal financial advisors,1,Adaptability,3.9
13-2052,Personal financial advisors,2,Computers and information technology,3.6
13-2052,Personal financial advisors,3,Creativity and innovation,2.6
13-2052,Personal financial advisors,4,Critical and analytical thinking,3.8
13-2052,Personal financial advisors,5,Customer service,3.3
13-2052,Personal financial advisors,6,Detail oriented,3.8
13-2052,Personal financial advisors,7,Fine motor,1.4
13-2052,Personal financial advisors,8,Interpersonal,3.8
13-2052,Personal financial advisors,9,Leadership,2.9
13-2052,Personal financial advisors,10,Mathematics,3.7
13-2052,Personal financial advisors,11,Mechanical,1.0
13-2052,Personal financial advisors,12,Physical strength and stamina,1.1
13-2052,Personal financial advisors,13,Problem solving and decision making,3.9
13-2052,Personal financial advisors,14,Project management,2.9
13-2052,Personal financial advisors,15,Science,1.1
13-2052,Personal financial advisors,16,Speaking and listening,3.5
13-2052,Personal financial advisors,17,Writing and reading,4.0
13-2053,Insurance underwriters,1,Adaptability,3.8
13-2053,Insurance underwriters,2,Computers and information technology,3.5
13-2053,Insurance underwriters,3,Creativity and innovation,2.4
13-2053,Insurance underwriters,4,Critical and analytical thinking,3.5
13-2053,Insurance underwriters,5,Customer service,3.3
13-2053,Insurance underwriters,6,Detail oriented,3.7
13-2053,Insurance underwriters,7,Fine motor,1.9
13-2053,Insurance underwriters,8,Interpersonal,3.0
13-2053,Insurance underwriters,9,Leadership,2.6
13-2053,Insurance underwriters,10,Mathematics,2.9
13-2053,Insurance underwriters,11,Mechanical,1.1
13-2053,Insurance underwriters,12,Physical strength and stamina,1.1
13-2053,Insurance underwriters,13,Problem solving and decision making,3.8
13-2053,Insurance underwriters,14,Project management,2.5
13-2053,Insurance underwriters,15,Science,1.4
13-2053,Insurance underwriters,16,Speaking and listening,3.1
13-2053,Insurance underwriters,17,Writing and reading,3.7
13-2054,Financial risk specialists,1,Adaptability,3.8
13-2054,Financial risk specialists,2,Computers and information technology,3.8
13-2054,Financial risk specialists,3,Creativity and innovation,3.0
13-2054,Financial risk specialists,4,Critical and analytical thinking,3.8
13-2054,Financial risk specialists,5,Customer service,2.2
13-2054,Financial risk specialists,6,Detail oriented,3.8
13-2054,Financial risk specialists,7,Fine motor,1.7
13-2054,Financial risk specialists,8,Interpersonal,2.5
13-2054,Financial risk specialists,9,Leadership,2.9
13-2054,Financial risk specialists,10,Mathematics,4.3
13-2054,Financial risk specialists,11,Mechanical,1.1
13-2054,Financial risk specialists,12,Physical strength and stamina,1.2
13-2054,Financial risk specialists,13,Problem solving and decision making,3.8
13-2054,Financial risk specialists,14,Project management,2.7
13-2054,Financial risk specialists,15,Science,1.3
13-2054,Financial risk specialists,16,Speaking and listening,3.3
13-2054,Financial risk specialists,17,Writing and reading,3.9
13-2061,Financial examiners,1,Adaptability,3.9
13-2061,Financial examiners,2,Computers and information technology,3.5
13-2061,Financial examiners,3,Creativity and innovation,2.3
13-2061,Financial examiners,4,Critical and analytical thinking,4.0
13-2061,Financial examiners,5,Customer service,2.4
13-2061,Financial examiners,6,Detail oriented,3.5
13-2061,Financial examiners,7,Fine motor,1.3
13-2061,Financial examiners,8,Interpersonal,3.2
13-2061,Financial examiners,9,Leadership,3.5
13-2061,Financial examiners,10,Mathematics,3.3
13-2061,Financial examiners,11,Mechanical,1.1
13-2061,Financial examiners,12,Physical strength and stamina,1.1
13-2061,Financial examiners,13,Problem solving and decision making,3.8
13-2061,Financial examiners,14,Project management,2.5
13-2061,Financial examiners,15,Science,1.1
13-2061,Financial examiners,16,Speaking and listening,3.5
13-2061,Financial examiners,17,Writing and reading,4.0
13-2071,Credit counselors,1,Adaptability,4.2
13-2071,Credit counselors,2,Computers and information technology,3.6
13-2071,Credit counselors,3,Creativity and innovation,2.7
13-2071,Credit counselors,4,Critical and analytical thinking,3.4
13-2071,Credit counselors,5,Customer service,3.5
13-2071,Credit counselors,6,Detail oriented,3.6
13-2071,Credit counselors,7,Fine motor,2.1
13-2071,Credit counselors,8,Interpersonal,3.7
13-2071,Credit counselors,9,Leadership,2.7
13-2071,Credit counselors,10,Mathematics,3.3
13-2071,Credit counselors,11,Mechanical,1.1
13-2071,Credit counselors,12,Physical strength and stamina,1.2
13-2071,Credit counselors,13,Problem solving and decision making,3.8
13-2071,Credit counselors,14,Project management,2.3
13-2071,Credit counselors,15,Science,1.0
13-2071,Credit counselors,16,Speaking and listening,3.5
13-2071,Credit counselors,17,Writing and reading,3.7
13-2072,Loan officers,1,Adaptability,3.8
13-2072,Loan officers,2,Computers and information technology,3.5
13-2072,Loan officers,3,Creativity and innovation,2.4
13-2072,Loan officers,4,Critical and analytical thinking,3.4
13-2072,Loan officers,5,Customer service,3.8
13-2072,Loan officers,6,Detail oriented,3.7
13-2072,Loan officers,7,Fine motor,2.1
13-2072,Loan officers,8,Interpersonal,3.3
13-2072,Loan officers,9,Leadership,2.9
13-2072,Loan officers,10,Mathematics,3.4
13-2072,Loan officers,11,Mechanical,1.2
13-2072,Loan officers,12,Physical strength and stamina,1.2
13-2072,Loan officers,13,Problem solving and decision making,3.9
13-2072,Loan officers,14,Project management,2.6
13-2072,Loan officers,15,Science,1.1
13-2072,Loan officers,16,Speaking and listening,3.5
13-2072,Loan officers,17,Writing and reading,3.7
13-2081,"Tax examiners and collectors, and revenue agents",1,Adaptability,3.9
13-2081,"Tax examiners and collectors, and revenue agents",2,Computers and information technology,3.6
13-2081,"Tax examiners and collectors, and revenue agents",3,Creativity and innovation,2.4
13-2081,"Tax examiners and collectors, and revenue agents",4,Critical and analytical thinking,3.4
13-2081,"Tax examiners and collectors, and revenue agents",5,Customer service,3.7
13-2081,"Tax examiners and collectors, and revenue agents",6,Detail oriented,3.8
13-2081,"Tax examiners and collectors, and revenue agents",7,Fine motor,2.1
13-2081,"Tax examiners and collectors, and revenue agents",8,Interpersonal,3.3
13-2081,"Tax examiners and collectors, and revenue agents",9,Leadership,2.9
13-2081,"Tax examiners and collectors, and revenue agents",10,Mathematics,3.3
13-2081,"Tax examiners and collectors, and revenue agents",11,Mechanical,1.2
13-2081,"Tax examiners and collectors, and revenue agents",12,Physical strength and stamina,1.2
13-2081,"Tax examiners and collectors, and revenue agents",13,Problem solving and decision making,3.6
13-2081,"Tax examiners and collectors, and revenue agents",14,Project management,2.5
13-2081,"Tax examiners and collectors, and revenue agents",15,Science,1.2
13-2081,"Tax examiners and collectors, and revenue agents",16,Speaking and listening,3.4
13-2081,"Tax examiners and collectors, and revenue agents",17,Writing and reading,3.7
13-2082,Tax preparers,1,Adaptability,3.8
13-2082,Tax preparers,2,Computers and information technology,3.7
13-2082,Tax preparers,3,Creativity and innovation,2.2
13-2082,Tax preparers,4,Critical and analytical thinking,3.2
13-2082,Tax preparers,5,Customer service,3.0
13-2082,Tax preparers,6,Detail oriented,3.8
13-2082,Tax preparers,7,Fine motor,1.8
13-2082,Tax preparers,8,Interpersonal,3.2
13-2082,Tax preparers,9,Leadership,2.6
13-2082,Tax preparers,10,Mathematics,3.2
13-2082,Tax preparers,11,Mechanical,1.2
13-2082,Tax preparers,12,Physical strength and stamina,1.1
13-2082,Tax preparers,13,Problem solving and decision making,3.3
13-2082,Tax preparers,14,Project management,2.6
13-2082,Tax preparers,15,Science,1.0
13-2082,Tax preparers,16,Speaking and listening,3.1
13-2082,Tax preparers,17,Writing and reading,3.5
13-2099,"Financial specialists, all other",1,Adaptability,3.8
13-2099,"Financial specialists, all other",2,Computers and information technology,3.7
13-2099,"Financial specialists, all other",3,Creativity and innovation,2.5
13-2099,"Financial specialists, all other",4,Critical and analytical thinking,3.6
13-2099,"Financial specialists, all other",5,Customer service,3.1
13-2099,"Financial specialists, all other",6,Detail oriented,3.8
13-2099,"Financial specialists, all other",7,Fine motor,1.6
13-2099,"Financial specialists, all other",8,Interpersonal,3.3
13-2099,"Financial specialists, all other",9,Leadership,3.2
13-2099,"Financial specialists, all other",10,Mathematics,3.5
13-2099,"Financial specialists, all other",11,Mechanical,1.2
13-2099,"Financial specialists, all other",12,Physical strength and stamina,1.2
13-2099,"Financial specialists, all other",13,Problem solving and decision making,3.8
13-2099,"Financial specialists, all other",14,Project management,2.9
13-2099,"Financial specialists, all other",15,Science,1.1
13-2099,"Financial specialists, all other",16,Speaking and listening,3.4
13-2099,"Financial specialists, all other",17,Writing and reading,3.8
15-1211,Computer systems analysts,1,Adaptability,3.6
15-1211,Computer systems analysts,2,Computers and information technology,4.3
15-1211,Computer systems analysts,3,Creativity and innovation,2.8
15-1211,Computer systems analysts,4,Critical and analytical thinking,3.9
15-1211,Computer systems analysts,5,Customer service,2.4
15-1211,Computer systems analysts,6,Detail oriented,3.6
15-1211,Computer systems analysts,7,Fine motor,2.4
15-1211,Computer systems analysts,8,Interpersonal,3.1
15-1211,Computer systems analysts,9,Leadership,2.9
15-1211,Computer systems analysts,10,Mathematics,3.1
15-1211,Computer systems analysts,11,Mechanical,2.2
15-1211,Computer systems analysts,12,Physical strength and stamina,1.4
15-1211,Computer systems analysts,13,Problem solving and decision making,3.8
15-1211,Computer systems analysts,14,Project management,2.7
15-1211,Computer systems analysts,15,Science,1.5
15-1211,Computer systems analysts,16,Speaking and listening,3.4
15-1211,Computer systems analysts,17,Writing and reading,3.7
15-1212,Information security analysts,1,Adaptability,3.9
15-1212,Information security analysts,2,Computers and information technology,4.1
15-1212,Information security analysts,3,Creativity and innovation,2.8
15-1212,Information security analysts,4,Critical and analytical thinking,3.8
15-1212,Information security analysts,5,Customer service,2.7
15-1212,Information security analysts,6,Detail oriented,3.8
15-1212,Information security analysts,7,Fine motor,2.2
15-1212,Information security analysts,8,Interpersonal,3.0
15-1212,Information security analysts,9,Leadership,2.9
15-1212,Information security analysts,10,Mathematics,2.5
15-1212,Information security analysts,11,Mechanical,1.7
15-1212,Information security analysts,12,Physical strength and stamina,1.3
15-1212,Information security analysts,13,Problem solving and decision making,3.6
15-1212,Information security analysts,14,Project management,2.5
15-1212,Information security analysts,15,Science,1.4
15-1212,Information security analysts,16,Speaking and listening,3.3
15-1212,Information security analysts,17,Writing and reading,3.8
15-1221,Computer and information research scientists,1,Adaptability,3.7
15-1221,Computer and information research scientists,2,Computers and information technology,4.5
15-1221,Computer and information research scientists,3,Creativity and innovation,3.3
15-1221,Computer and information research scientists,4,Critical and analytical thinking,4.0
15-1221,Computer and information research scientists,5,Customer service,2.5
15-1221,Computer and information research scientists,6,Detail oriented,3.4
15-1221,Computer and information research scientists,7,Fine motor,2.3
15-1221,Computer and information research scientists,8,Interpersonal,3.0
15-1221,Computer and information research scientists,9,Leadership,3.0
15-1221,Computer and information research scientists,10,Mathematics,3.5
15-1221,Computer and information research scientists,11,Mechanical,1.8
15-1221,Computer and information research scientists,12,Physical strength and stamina,1.2
15-1221,Computer and information research scientists,13,Problem solving and decision making,3.8
15-1221,Computer and information research scientists,14,Project management,2.9
15-1221,Computer and information research scientists,15,Science,2.4
15-1221,Computer and information research scientists,16,Speaking and listening,3.4
15-1221,Computer and information research scientists,17,Writing and reading,3.8
15-1231,Computer network support specialists,1,Adaptability,4.1
15-1231,Computer network support specialists,2,Computers and information technology,4.1
15-1231,Computer network support specialists,3,Creativity and innovation,2.7
15-1231,Computer network support specialists,4,Critical and analytical thinking,3.5
15-1231,Computer network support specialists,5,Customer service,2.6
15-1231,Computer network support specialists,6,Detail oriented,3.8
15-1231,Computer network support specialists,7,Fine motor,2.4
15-1231,Computer network support specialists,8,Interpersonal,3.2
15-1231,Computer network support specialists,9,Leadership,2.8
15-1231,Computer network support specialists,10,Mathematics,2.3
15-1231,Computer network support specialists,11,Mechanical,2.5
15-1231,Computer network support specialists,12,Physical strength and stamina,1.6
15-1231,Computer network support specialists,13,Problem solving and decision making,3.6
15-1231,Computer network support specialists,14,Project management,2.6
15-1231,Computer network support specialists,15,Science,1.3
15-1231,Computer network support specialists,16,Speaking and listening,3.3
15-1231,Computer network support specialists,17,Writing and reading,3.3
15-1232,Computer user support specialists,1,Adaptability,4.1
15-1232,Computer user support specialists,2,Computers and information technology,4.2
15-1232,Computer user support specialists,3,Creativity and innovation,2.9
15-1232,Computer user support specialists,4,Critical and analytical thinking,3.4
15-1232,Computer user support specialists,5,Customer service,2.6
15-1232,Computer user support specialists,6,Detail oriented,3.8
15-1232,Computer user support specialists,7,Fine motor,2.9
15-1232,Computer user support specialists,8,Interpersonal,3.3
15-1232,Computer user support specialists,9,Leadership,3.1
15-1232,Computer user support specialists,10,Mathematics,2.3
15-1232,Computer user support specialists,11,Mechanical,2.6
15-1232,Computer user support specialists,12,Physical strength and stamina,1.8
15-1232,Computer user support specialists,13,Problem solving and decision making,3.7
15-1232,Computer user support specialists,14,Project management,2.5
15-1232,Computer user support specialists,15,Science,1.5
15-1232,Computer user support specialists,16,Speaking and listening,3.6
15-1232,Computer user support specialists,17,Writing and reading,3.8
15-1241,Computer network architects,1,Adaptability,3.8
15-1241,Computer network architects,2,Computers and information technology,4.4
15-1241,Computer network architects,3,Creativity and innovation,2.8
15-1241,Computer network architects,4,Critical and analytical thinking,3.9
15-1241,Computer network architects,5,Customer service,2.6
15-1241,Computer network architects,6,Detail oriented,3.8
15-1241,Computer network architects,7,Fine motor,2.3
15-1241,Computer network architects,8,Interpersonal,2.8
15-1241,Computer network architects,9,Leadership,3.0
15-1241,Computer network architects,10,Mathematics,3.0
15-1241,Computer network architects,11,Mechanical,2.3
15-1241,Computer network architects,12,Physical strength and stamina,1.5
15-1241,Computer network architects,13,Problem solving and decision making,3.8
15-1241,Computer network architects,14,Project management,3.0
15-1241,Computer network architects,15,Science,1.6
15-1241,Computer network architects,16,Speaking and listening,3.4
15-1241,Computer network architects,17,Writing and reading,3.8
15-1242,Database administrators,1,Adaptability,3.7
15-1242,Database administrators,2,Computers and information technology,4.3
15-1242,Database administrators,3,Creativity and innovation,2.8
15-1242,Database administrators,4,Critical and analytical thinking,3.7
15-1242,Database administrators,5,Customer service,2.3
15-1242,Database administrators,6,Detail oriented,3.8
15-1242,Database administrators,7,Fine motor,1.9
15-1242,Database administrators,8,Interpersonal,3.2
15-1242,Database administrators,9,Leadership,2.8
15-1242,Database administrators,10,Mathematics,3.2
15-1242,Database administrators,11,Mechanical,1.6
15-1242,Database administrators,12,Physical strength and stamina,1.3
15-1242,Database administrators,13,Problem solving and decision making,3.8
15-1242,Database administrators,14,Project management,2.7
15-1242,Database administrators,15,Science,1.5
15-1242,Database administrators,16,Speaking and listening,3.1
15-1242,Database administrators,17,Writing and reading,3.5
15-1243,Database architects,1,Adaptability,3.6
15-1243,Database architects,2,Computers and information technology,4.3
15-1243,Database architects,3,Creativity and innovation,2.9
15-1243,Database architects,4,Critical and analytical thinking,3.9
15-1243,Database architects,5,Customer service,2.3
15-1243,Database architects,6,Detail oriented,3.8
15-1243,Database architects,7,Fine motor,2.1
15-1243,Database architects,8,Interpersonal,2.9
15-1243,Database architects,9,Leadership,3.1
15-1243,Database architects,10,Mathematics,3.2
15-1243,Database architects,11,Mechanical,1.4
15-1243,Database architects,12,Physical strength and stamina,1.2
15-1243,Database architects,13,Problem solving and decision making,3.8
15-1243,Database architects,14,Project management,2.6
15-1243,Database architects,15,Science,1.4
15-1243,Database architects,16,Speaking and listening,3.2
15-1243,Database architects,17,Writing and reading,3.5
15-1244,Network and computer systems administrators,1,Adaptability,3.9
15-1244,Network and computer systems administrators,2,Computers and information technology,4.4
15-1244,Network and computer systems administrators,3,Creativity and innovation,2.9
15-1244,Network and computer systems administrators,4,Critical and analytical thinking,3.8
15-1244,Network and computer systems administrators,5,Customer service,2.4
15-1244,Network and computer systems administrators,6,Detail oriented,3.6
15-1244,Network and computer systems administrators,7,Fine motor,2.5
15-1244,Network and computer systems administrators,8,Interpersonal,3.1
15-1244,Network and computer systems administrators,9,Leadership,2.7
15-1244,Network and computer systems administrators,10,Mathematics,3.0
15-1244,Network and computer systems administrators,11,Mechanical,2.8
15-1244,Network and computer systems administrators,12,Physical strength and stamina,1.5
15-1244,Network and computer systems administrators,13,Problem solving and decision making,3.7
15-1244,Network and computer systems administrators,14,Project management,3.0
15-1244,Network and computer systems administrators,15,Science,1.6
15-1244,Network and computer systems administrators,16,Speaking and listening,3.1
15-1244,Network and computer systems administrators,17,Writing and reading,3.6
15-1251,Computer programmers,1,Adaptability,3.9
15-1251,Computer programmers,2,Computers and information technology,4.7
15-1251,Computer programmers,3,Creativity and innovation,3.2
15-1251,Computer programmers,4,Critical and analytical thinking,3.9
15-1251,Computer programmers,5,Customer service,2.3
15-1251,Computer programmers,6,Detail oriented,3.7
15-1251,Computer programmers,7,Fine motor,2.2
15-1251,Computer programmers,8,Interpersonal,3.0
15-1251,Computer programmers,9,Leadership,2.9
15-1251,Computer programmers,10,Mathematics,3.2
15-1251,Computer programmers,11,Mechanical,1.4
15-1251,Computer programmers,12,Physical strength and stamina,1.2
15-1251,Computer programmers,13,Problem solving and decision making,3.4
15-1251,Computer programmers,14,Project management,2.5
15-1251,Computer programmers,15,Science,1.8
15-1251,Computer programmers,16,Speaking and listening,3.2
15-1251,Computer programmers,17,Writing and reading,3.5
15-1252,Software developers,1,Adaptability,3.8
15-1252,Software developers,2,Computers and information technology,4.3
15-1252,Software developers,3,Creativity and innovation,3.1
15-1252,Software developers,4,Critical and analytical thinking,3.8
15-1252,Software developers,5,Customer service,1.9
15-1252,Software developers,6,Detail oriented,3.6
15-1252,Software developers,7,Fine motor,2.0
15-1252,Software developers,8,Interpersonal,3.1
15-1252,Software developers,9,Leadership,2.6
15-1252,Software developers,10,Mathematics,2.9
15-1252,Software developers,11,Mechanical,1.7
15-1252,Software developers,12,Physical strength and stamina,1.2
15-1252,Software developers,13,Problem solving and decision making,3.4
15-1252,Software developers,14,Project management,2.6
15-1252,Software developers,15,Science,1.4
15-1252,Software developers,16,Speaking and listening,3.0
15-1252,Software developers,17,Writing and reading,3.5
15-1253,Software quality assurance analysts and testers,1,Adaptability,3.9
15-1253,Software quality assurance analysts and testers,2,Computers and information technology,4.4
15-1253,Software quality assurance analysts and testers,3,Creativity and innovation,2.9
15-1253,Software quality assurance analysts and testers,4,Critical and analytical thinking,3.8
15-1253,Software quality assurance analysts and testers,5,Customer service,2.3
15-1253,Software quality assurance analysts and testers,6,Detail oriented,3.8
15-1253,Software quality assurance analysts and testers,7,Fine motor,2.1
15-1253,Software quality assurance analysts and testers,8,Interpersonal,3.0
15-1253,Software quality assurance analysts and testers,9,Leadership,3.1
15-1253,Software quality assurance analysts and testers,10,Mathematics,2.8
15-1253,Software quality assurance analysts and testers,11,Mechanical,1.6
15-1253,Software quality assurance analysts and testers,12,Physical strength and stamina,1.2
15-1253,Software quality assurance analysts and testers,13,Problem solving and decision making,3.5
15-1253,Software quality assurance analysts and testers,14,Project management,2.5
15-1253,Software quality assurance analysts and testers,15,Science,1.6
15-1253,Software quality assurance analysts and testers,16,Speaking and listening,3.3
15-1253,Software quality assurance analysts and testers,17,Writing and reading,3.8
15-1254,Web developers,1,Adaptability,3.8
15-1254,Web developers,2,Computers and information technology,4.3
15-1254,Web developers,3,Creativity and innovation,3.4
15-1254,Web developers,4,Critical and analytical thinking,3.7
15-1254,Web developers,5,Customer service,2.5
15-1254,Web developers,6,Detail oriented,3.7
15-1254,Web developers,7,Fine motor,2.5
15-1254,Web developers,8,Interpersonal,2.7
15-1254,Web developers,9,Leadership,2.8
15-1254,Web developers,10,Mathematics,3.0
15-1254,Web developers,11,Mechanical,1.5
15-1254,Web developers,12,Physical strength and stamina,1.2
15-1254,Web developers,13,Problem solving and decision making,3.6
15-1254,Web developers,14,Project management,2.7
15-1254,Web developers,15,Science,1.3
15-1254,Web developers,16,Speaking and listening,3.2
15-1254,Web developers,17,Writing and reading,3.4
15-1255,Web and digital interface designers,1,Adaptability,3.8
15-1255,Web and digital interface designers,2,Computers and information technology,4.3
15-1255,Web and digital interface designers,3,Creativity and innovation,3.4
15-1255,Web and digital interface designers,4,Critical and analytical thinking,3.7
15-1255,Web and digital interface designers,5,Customer service,2.5
15-1255,Web and digital interface designers,6,Detail oriented,3.7
15-1255,Web and digital interface designers,7,Fine motor,2.5
15-1255,Web and digital interface designers,8,Interpersonal,2.7
15-1255,Web and digital interface designers,9,Leadership,2.8
15-1255,Web and digital interface designers,10,Mathematics,3.0
15-1255,Web and digital interface designers,11,Mechanical,1.5
15-1255,Web and digital interface designers,12,Physical strength and stamina,1.2
15-1255,Web and digital interface designers,13,Problem solving and decision making,3.6
15-1255,Web and digital interface designers,14,Project management,2.7
15-1255,Web and digital interface designers,15,Science,1.3
15-1255,Web and digital interface designers,16,Speaking and listening,3.2
15-1255,Web and digital interface designers,17,Writing and reading,3.4
15-1299,"Computer occupations, all other",1,Adaptability,3.8
15-1299,"Computer occupations, all other",2,Computers and information technology,4.3
15-1299,"Computer occupations, all other",3,Creativity and innovation,3.0
15-1299,"Computer occupations, all other",4,Critical and analytical thinking,3.7
15-1299,"Computer occupations, all other",5,Customer service,2.3
15-1299,"Computer occupations, all other",6,Detail oriented,3.7
15-1299,"Computer occupations, all other",7,Fine motor,2.3
15-1299,"Computer occupations, all other",8,Interpersonal,3.1
15-1299,"Computer occupations, all other",9,Leadership,2.8
15-1299,"Computer occupations, all other",10,Mathematics,2.8
15-1299,"Computer occupations, all other",11,Mechanical,2.0
15-1299,"Computer occupations, all other",12,Physical strength and stamina,1.4
15-1299,"Computer occupations, all other",13,Problem solving and decision making,3.6
15-1299,"Computer occupations, all other",14,Project management,2.6
15-1299,"Computer occupations, all other",15,Science,1.5
15-1299,"Computer occupations, all other",16,Speaking and listening,3.2
15-1299,"Computer occupations, all other",17,Writing and reading,3.6
15-2011,Actuaries,1,Adaptability,3.6
15-2011,Actuaries,2,Computers and information technology,3.8
15-2011,Actuaries,3,Creativity and innovation,2.7
15-2011,Actuaries,4,Critical and analytical thinking,4.1
15-2011,Actuaries,5,Customer service,2.1
15-2011,Actuaries,6,Detail oriented,3.7
15-2011,Actuaries,7,Fine motor,1.4
15-2011,Actuaries,8,Interpersonal,2.7
15-2011,Actuaries,9,Leadership,3.1
15-2011,Actuaries,10,Mathematics,4.5
15-2011,Actuaries,11,Mechanical,1.1
15-2011,Actuaries,12,Physical strength and stamina,1.1
15-2011,Actuaries,13,Problem solving and decision making,3.9
15-2011,Actuaries,14,Project management,2.6
15-2011,Actuaries,15,Science,1.3
15-2011,Actuaries,16,Speaking and listening,3.4
15-2011,Actuaries,17,Writing and reading,4.0
15-2021,Mathematicians,1,Adaptability,3.6
15-2021,Mathematicians,2,Computers and information technology,3.6
15-2021,Mathematicians,3,Creativity and innovation,3.5
15-2021,Mathematicians,4,Critical and analytical thinking,3.8
15-2021,Mathematicians,5,Customer service,2.0
15-2021,Mathematicians,6,Detail oriented,3.5
15-2021,Mathematicians,7,Fine motor,1.4
15-2021,Mathematicians,8,Interpersonal,2.3
15-2021,Mathematicians,9,Leadership,2.9
15-2021,Mathematicians,10,Mathematics,4.9
15-2021,Mathematicians,11,Mechanical,1.1
15-2021,Mathematicians,12,Physical strength and stamina,1.2
15-2021,Mathematicians,13,Problem solving and decision making,3.5
15-2021,Mathematicians,14,Project management,2.3
15-2021,Mathematicians,15,Science,2.5
15-2021,Mathematicians,16,Speaking and listening,3.3
15-2021,Mathematicians,17,Writing and reading,4.0
15-2031,Operations research analysts,1,Adaptability,3.9
15-2031,Operations research analysts,2,Computers and information technology,3.9
15-2031,Operations research analysts,3,Creativity and innovation,3.3
15-2031,Operations research analysts,4,Critical and analytical thinking,4.2
15-2031,Operations research analysts,5,Customer service,2.3
15-2031,Operations research analysts,6,Detail oriented,3.6
15-2031,Operations research analysts,7,Fine motor,1.3
15-2031,Operations research analysts,8,Interpersonal,2.9
15-2031,Operations research analysts,9,Leadership,3.0
15-2031,Operations research analysts,10,Mathematics,4.4
15-2031,Operations research analysts,11,Mechanical,1.3
15-2031,Operations research analysts,12,Physical strength and stamina,1.1
15-2031,Operations research analysts,13,Problem solving and decision making,3.8
15-2031,Operations research analysts,14,Project management,2.8
15-2031,Operations research analysts,15,Science,1.9
15-2031,Operations research analysts,16,Speaking and listening,3.4
15-2031,Operations research analysts,17,Writing and reading,4.0
15-2041,Statisticians,1,Adaptability,3.9
15-2041,Statisticians,2,Computers and information technology,4.2
15-2041,Statisticians,3,Creativity and innovation,2.9
15-2041,Statisticians,4,Critical and analytical thinking,3.9
15-2041,Statisticians,5,Customer service,2.2
15-2041,Statisticians,6,Detail oriented,3.6
15-2041,Statisticians,7,Fine motor,1.6
15-2041,Statisticians,8,Interpersonal,2.8
15-2041,Statisticians,9,Leadership,3.0
15-2041,Statisticians,10,Mathematics,4.7
15-2041,Statisticians,11,Mechanical,1.1
15-2041,Statisticians,12,Physical strength and stamina,1.1
15-2041,Statisticians,13,Problem solving and decision making,3.7
15-2041,Statisticians,14,Project management,2.4
15-2041,Statisticians,15,Science,2.3
15-2041,Statisticians,16,Speaking and listening,3.4
15-2041,Statisticians,17,Writing and reading,4.1
15-2051,Data scientists,1,Adaptability,3.9
15-2051,Data scientists,2,Computers and information technology,4.2
15-2051,Data scientists,3,Creativity and innovation,2.9
15-2051,Data scientists,4,Critical and analytical thinking,3.9
15-2051,Data scientists,5,Customer service,2.2
15-2051,Data scientists,6,Detail oriented,3.6
15-2051,Data scientists,7,Fine motor,1.6
15-2051,Data scientists,8,Interpersonal,2.8
15-2051,Data scientists,9,Leadership,3.0
15-2051,Data scientists,10,Mathematics,4.7
15-2051,Data scientists,11,Mechanical,1.1
15-2051,Data scientists,12,Physical strength and stamina,1.1
15-2051,Data scientists,13,Problem solving and decision making,3.7
15-2051,Data scientists,14,Project management,2.4
15-2051,Data scientists,15,Science,2.3
15-2051,Data scientists,16,Speaking and listening,3.4
15-2051,Data scientists,17,Writing and reading,4.1
15-2099,"Mathematical science occupations, all other",1,Adaptability,3.8
15-2099,"Mathematical science occupations, all other",2,Computers and information technology,4.1
15-2099,"Mathematical science occupations, all other",3,Creativity and innovation,3.0
15-2099,"Mathematical science occupations, all other",4,Critical and analytical thinking,4.0
15-2099,"Mathematical science occupations, all other",5,Customer service,2.2
15-2099,"Mathematical science occupations, all other",6,Detail oriented,3.6
15-2099,"Mathematical science occupations, all other",7,Fine motor,1.5
15-2099,"Mathematical science occupations, all other",8,Interpersonal,2.8
15-2099,"Mathematical science occupations, all other",9,Leadership,3.0
15-2099,"Mathematical science occupations, all other",10,Mathematics,4.6
15-2099,"Mathematical science occupations, all other",11,Mechanical,1.1
15-2099,"Mathematical science occupations, all other",12,Physical strength and stamina,1.1
15-2099,"Mathematical science occupations, all other",13,Problem solving and decision making,3.7
15-2099,"Mathematical science occupations, all other",14,Project management,2.5
15-2099,"Mathematical science occupations, all other",15,Science,2.2
15-2099,"Mathematical science occupations, all other",16,Speaking and listening,3.4
15-2099,"Mathematical science occupations, all other",17,Writing and reading,4.1
17-1011,"Architects, except landscape and naval",1,Adaptability,4.0
17-1011,"Architects, except landscape and naval",2,Computers and information technology,4.0
17-1011,"Architects, except landscape and naval",3,Creativity and innovation,3.9
17-1011,"Architects, except landscape and naval",4,Critical and analytical thinking,4.0
17-1011,"Architects, except landscape and naval",5,Customer service,3.2
17-1011,"Architects, except landscape and naval",6,Detail oriented,3.8
17-1011,"Architects, except landscape and naval",7,Fine motor,2.1
17-1011,"Architects, except landscape and naval",8,Interpersonal,3.4
17-1011,"Architects, except landscape and naval",9,Leadership,3.7
17-1011,"Architects, except landscape and naval",10,Mathematics,3.4
17-1011,"Architects, except landscape and naval",11,Mechanical,1.6
17-1011,"Architects, except landscape and naval",12,Physical strength and stamina,1.4
17-1011,"Architects, except landscape and naval",13,Problem solving and decision making,3.7
17-1011,"Architects, except landscape and naval",14,Project management,3.4
17-1011,"Architects, except landscape and naval",15,Science,2.4
17-1011,"Architects, except landscape and naval",16,Speaking and listening,3.5
17-1011,"Architects, except landscape and naval",17,Writing and reading,3.9
17-1012,Landscape architects,1,Adaptability,3.9
17-1012,Landscape architects,2,Computers and information technology,3.5
17-1012,Landscape architects,3,Creativity and innovation,3.8
17-1012,Landscape architects,4,Critical and analytical thinking,3.8
17-1012,Landscape architects,5,Customer service,3.1
17-1012,Landscape architects,6,Detail oriented,3.5
17-1012,Landscape architects,7,Fine motor,2.1
17-1012,Landscape architects,8,Interpersonal,3.4
17-1012,Landscape architects,9,Leadership,3.4
17-1012,Landscape architects,10,Mathematics,3.0
17-1012,Landscape architects,11,Mechanical,1.5
17-1012,Landscape architects,12,Physical strength and stamina,1.3
17-1012,Landscape architects,13,Problem solving and decision making,3.6
17-1012,Landscape architects,14,Project management,3.1
17-1012,Landscape architects,15,Science,2.6
17-1012,Landscape architects,16,Speaking and listening,3.7
17-1012,Landscape architects,17,Writing and reading,3.8
17-1021,Cartographers and photogrammetrists,1,Adaptability,3.5
17-1021,Cartographers and photogrammetrists,2,Computers and information technology,4.0
17-1021,Cartographers and photogrammetrists,3,Creativity and innovation,2.9
17-1021,Cartographers and photogrammetrists,4,Critical and analytical thinking,3.3
17-1021,Cartographers and photogrammetrists,5,Customer service,2.8
17-1021,Cartographers and photogrammetrists,6,Detail oriented,3.8
17-1021,Cartographers and photogrammetrists,7,Fine motor,2.8
17-1021,Cartographers and photogrammetrists,8,Interpersonal,2.9
17-1021,Cartographers and photogrammetrists,9,Leadership,2.9
17-1021,Cartographers and photogrammetrists,10,Mathematics,3.0
17-1021,Cartographers and photogrammetrists,11,Mechanical,1.7
17-1021,Cartographers and photogrammetrists,12,Physical strength and stamina,1.4
17-1021,Cartographers and photogrammetrists,13,Problem solving and decision making,3.5
17-1021,Cartographers and photogrammetrists,14,Project management,2.6
17-1021,Cartographers and photogrammetrists,15,Science,1.5
17-1021,Cartographers and photogrammetrists,16,Speaking and listening,3.1
17-1021,Cartographers and photogrammetrists,17,Writing and reading,3.7
17-1022,Surveyors,1,Adaptability,3.8
17-1022,Surveyors,2,Computers and information technology,3.9
17-1022,Surveyors,3,Creativity and innovation,2.7
17-1022,Surveyors,4,Critical and analytical thinking,3.6
17-1022,Surveyors,5,Customer service,3.2
17-1022,Surveyors,6,Detail oriented,4.0
17-1022,Surveyors,7,Fine motor,3.0
17-1022,Surveyors,8,Interpersonal,3.0
17-1022,Surveyors,9,Leadership,3.6
17-1022,Surveyors,10,Mathematics,4.1
17-1022,Surveyors,11,Mechanical,2.3
17-1022,Surveyors,12,Physical strength and stamina,2.5
17-1022,Surveyors,13,Problem solving and decision making,3.6
17-1022,Surveyors,14,Project management,3.0
17-1022,Surveyors,15,Science,2.0
17-1022,Surveyors,16,Speaking and listening,3.3
17-1022,Surveyors,17,Writing and reading,3.8
17-2011,Aerospace engineers,1,Adaptability,3.9
17-2011,Aerospace engineers,2,Computers and information technology,4.0
17-2011,Aerospace engineers,3,Creativity and innovation,3.2
17-2011,Aerospace engineers,4,Critical and analytical thinking,4.1
17-2011,Aerospace engineers,5,Customer service,2.5
17-2011,Aerospace engineers,6,Detail oriented,3.6
17-2011,Aerospace engineers,7,Fine motor,1.6
17-2011,Aerospace engineers,8,Interpersonal,2.8
17-2011,Aerospace engineers,9,Leadership,3.1
17-2011,Aerospace engineers,10,Mathematics,3.8
17-2011,Aerospace engineers,11,Mechanical,1.8
17-2011,Aerospace engineers,12,Physical strength and stamina,1.2
17-2011,Aerospace engineers,13,Problem solving and decision making,3.8
17-2011,Aerospace engineers,14,Project management,2.7
17-2011,Aerospace engineers,15,Science,2.8
17-2011,Aerospace engineers,16,Speaking and listening,3.4
17-2011,Aerospace engineers,17,Writing and reading,4.0
17-2021,Agricultural engineers,1,Adaptability,3.8
17-2021,Agricultural engineers,2,Computers and information technology,4.1
17-2021,Agricultural engineers,3,Creativity and innovation,3.2
17-2021,Agricultural engineers,4,Critical and analytical thinking,4.0
17-2021,Agricultural engineers,5,Customer service,2.7
17-2021,Agricultural engineers,6,Detail oriented,3.7
17-2021,Agricultural engineers,7,Fine motor,2.0
17-2021,Agricultural engineers,8,Interpersonal,2.9
17-2021,Agricultural engineers,9,Leadership,3.2
17-2021,Agricultural engineers,10,Mathematics,3.7
17-2021,Agricultural engineers,11,Mechanical,2.4
17-2021,Agricultural engineers,12,Physical strength and stamina,1.8
17-2021,Agricultural engineers,13,Problem solving and decision making,3.8
17-2021,Agricultural engineers,14,Project management,3.1
17-2021,Agricultural engineers,15,Science,3.8
17-2021,Agricultural engineers,16,Speaking and listening,3.5
17-2021,Agricultural engineers,17,Writing and reading,4.0
17-2031,Bioengineers and biomedical engineers,1,Adaptability,3.9
17-2031,Bioengineers and biomedical engineers,2,Computers and information technology,4.2
17-2031,Bioengineers and biomedical engineers,3,Creativity and innovation,3.3
17-2031,Bioengineers and biomedical engineers,4,Critical and analytical thinking,4.1
17-2031,Bioengineers and biomedical engineers,5,Customer service,2.3
17-2031,Bioengineers and biomedical engineers,6,Detail oriented,3.6
17-2031,Bioengineers and biomedical engineers,7,Fine motor,2.2
17-2031,Bioengineers and biomedical engineers,8,Interpersonal,2.9
17-2031,Bioengineers and biomedical engineers,9,Leadership,3.3
17-2031,Bioengineers and biomedical engineers,10,Mathematics,3.9
17-2031,Bioengineers and biomedical engineers,11,Mechanical,2.5
17-2031,Bioengineers and biomedical engineers,12,Physical strength and stamina,1.4
17-2031,Bioengineers and biomedical engineers,13,Problem solving and decision making,3.7
17-2031,Bioengineers and biomedical engineers,14,Project management,3.0
17-2031,Bioengineers and biomedical engineers,15,Science,3.7
17-2031,Bioengineers and biomedical engineers,16,Speaking and listening,3.5
17-2031,Bioengineers and biomedical engineers,17,Writing and reading,4.0
17-2041,Chemical engineers,1,Adaptability,3.8
17-2041,Chemical engineers,2,Computers and information technology,3.7
17-2041,Chemical engineers,3,Creativity and innovation,2.8
17-2041,Chemical engineers,4,Critical and analytical thinking,4.1
17-2041,Chemical engineers,5,Customer service,2.1
17-2041,Chemical engineers,6,Detail oriented,3.9
17-2041,Chemical engineers,7,Fine motor,1.8
17-2041,Chemical engineers,8,Interpersonal,2.8
17-2041,Chemical engineers,9,Leadership,3.1
17-2041,Chemical engineers,10,Mathematics,3.9
17-2041,Chemical engineers,11,Mechanical,1.9
17-2041,Chemical engineers,12,Physical strength and stamina,1.3
17-2041,Chemical engineers,13,Problem solving and decision making,4.0
17-2041,Chemical engineers,14,Project management,2.9
17-2041,Chemical engineers,15,Science,3.7
17-2041,Chemical engineers,16,Speaking and listening,3.2
17-2041,Chemical engineers,17,Writing and reading,3.6
17-2051,Civil engineers,1,Adaptability,3.7
17-2051,Civil engineers,2,Computers and information technology,3.6
17-2051,Civil engineers,3,Creativity and innovation,2.8
17-2051,Civil engineers,4,Critical and analytical thinking,3.9
17-2051,Civil engineers,5,Customer service,3.0
17-2051,Civil engineers,6,Detail oriented,3.8
17-2051,Civil engineers,7,Fine motor,1.8
17-2051,Civil engineers,8,Interpersonal,2.9
17-2051,Civil engineers,9,Leadership,3.5
17-2051,Civil engineers,10,Mathematics,4.0
17-2051,Civil engineers,11,Mechanical,1.5
17-2051,Civil engineers,12,Physical strength and stamina,1.3
17-2051,Civil engineers,13,Problem solving and decision making,3.8
17-2051,Civil engineers,14,Project management,3.4
17-2051,Civil engineers,15,Science,2.8
17-2051,Civil engineers,16,Speaking and listening,3.4
17-2051,Civil engineers,17,Writing and reading,3.7
17-2061,Computer hardware engineers,1,Adaptability,3.8
17-2061,Computer hardware engineers,2,Computers and information technology,4.2
17-2061,Computer hardware engineers,3,Creativity and innovation,3.3
17-2061,Computer hardware engineers,4,Critical and analytical thinking,4.0
17-2061,Computer hardware engineers,5,Customer service,2.2
17-2061,Computer hardware engineers,6,Detail oriented,3.6
17-2061,Computer hardware engineers,7,Fine motor,2.2
17-2061,Computer hardware engineers,8,Interpersonal,2.7
17-2061,Computer hardware engineers,9,Leadership,3.1
17-2061,Computer hardware engineers,10,Mathematics,3.4
17-2061,Computer hardware engineers,11,Mechanical,2.2
17-2061,Computer hardware engineers,12,Physical strength and stamina,1.2
17-2061,Computer hardware engineers,13,Problem solving and decision making,3.7
17-2061,Computer hardware engineers,14,Project management,2.7
17-2061,Computer hardware engineers,15,Science,2.4
17-2061,Computer hardware engineers,16,Speaking and listening,3.4
17-2061,Computer hardware engineers,17,Writing and reading,3.9
17-2071,Electrical engineers,1,Adaptability,4.0
17-2071,Electrical engineers,2,Computers and information technology,4.2
17-2071,Electrical engineers,3,Creativity and innovation,3.1
17-2071,Electrical engineers,4,Critical and analytical thinking,3.9
17-2071,Electrical engineers,5,Customer service,2.6
17-2071,Electrical engineers,6,Detail oriented,3.8
17-2071,Electrical engineers,7,Fine motor,2.2
17-2071,Electrical engineers,8,Interpersonal,3.0
17-2071,Electrical engineers,9,Leadership,3.3
17-2071,Electrical engineers,10,Mathematics,3.5
17-2071,Electrical engineers,11,Mechanical,2.1
17-2071,Electrical engineers,12,Physical strength and stamina,1.5
17-2071,Electrical engineers,13,Problem solving and decision making,4.0
17-2071,Electrical engineers,14,Project management,3.4
17-2071,Electrical engineers,15,Science,2.5
17-2071,Electrical engineers,16,Speaking and listening,3.4
17-2071,Electrical engineers,17,Writing and reading,4.0
17-2072,"Electronics engineers, except computer",1,Adaptability,3.6
17-2072,"Electronics engineers, except computer",2,Computers and information technology,4.1
17-2072,"Electronics engineers, except computer",3,Creativity and innovation,3.1
17-2072,"Electronics engineers, except computer",4,Critical and analytical thinking,4.0
17-2072,"Electronics engineers, except computer",5,Customer service,2.0
17-2072,"Electronics engineers, except computer",6,Detail oriented,3.6
17-2072,"Electronics engineers, except computer",7,Fine motor,2.5
17-2072,"Electronics engineers, except computer",8,Interpersonal,2.8
17-2072,"Electronics engineers, except computer",9,Leadership,2.8
17-2072,"Electronics engineers, except computer",10,Mathematics,3.6
17-2072,"Electronics engineers, except computer",11,Mechanical,2.8
17-2072,"Electronics engineers, except computer",12,Physical strength and stamina,1.5
17-2072,"Electronics engineers, except computer",13,Problem solving and decision making,3.7
17-2072,"Electronics engineers, except computer",14,Project management,2.8
17-2072,"Electronics engineers, except computer",15,Science,2.5
17-2072,"Electronics engineers, except computer",16,Speaking and listening,3.3
17-2072,"Electronics engineers, except computer",17,Writing and reading,3.8
17-2081,Environmental engineers,1,Adaptability,3.7
17-2081,Environmental engineers,2,Computers and information technology,3.7
17-2081,Environmental engineers,3,Creativity and innovation,3.0
17-2081,Environmental engineers,4,Critical and analytical thinking,3.8
17-2081,Environmental engineers,5,Customer service,3.2
17-2081,Environmental engineers,6,Detail oriented,3.7
17-2081,Environmental engineers,7,Fine motor,1.6
17-2081,Environmental engineers,8,Interpersonal,3.1
17-2081,Environmental engineers,9,Leadership,3.5
17-2081,Environmental engineers,10,Mathematics,3.4
17-2081,Environmental engineers,11,Mechanical,1.7
17-2081,Environmental engineers,12,Physical strength and stamina,1.4
17-2081,Environmental engineers,13,Problem solving and decision making,3.7
17-2081,Environmental engineers,14,Project management,3.2
17-2081,Environmental engineers,15,Science,3.7
17-2081,Environmental engineers,16,Speaking and listening,3.5
17-2081,Environmental engineers,17,Writing and reading,4.0
17-2111,"Health and safety engineers, except mining safety engineers and inspectors",1,Adaptability,4.0
17-2111,"Health and safety engineers, except mining safety engineers and inspectors",2,Computers and information technology,3.5
17-2111,"Health and safety engineers, except mining safety engineers and inspectors",3,Creativity and innovation,2.9
17-2111,"Health and safety engineers, except mining safety engineers and inspectors",4,Critical and analytical thinking,3.6
17-2111,"Health and safety engineers, except mining safety engineers and inspectors",5,Customer service,3.1
17-2111,"Health and safety engineers, except mining safety engineers and inspectors",6,Detail oriented,3.9
17-2111,"Health and safety engineers, except mining safety engineers and inspectors",7,Fine motor,1.8
17-2111,"Health and safety engineers, except mining safety engineers and inspectors",8,Interpersonal,3.4
17-2111,"Health and safety engineers, except mining safety engineers and inspectors",9,Leadership,3.5
17-2111,"Health and safety engineers, except mining safety engineers and inspectors",10,Mathematics,2.9
17-2111,"Health and safety engineers, except mining safety engineers and inspectors",11,Mechanical,1.9
17-2111,"Health and safety engineers, except mining safety engineers and inspectors",12,Physical strength and stamina,1.9
17-2111,"Health and safety engineers, except mining safety engineers and inspectors",13,Problem solving and decision making,3.9
17-2111,"Health and safety engineers, except mining safety engineers and inspectors",14,Project management,2.8
17-2111,"Health and safety engineers, except mining safety engineers and inspectors",15,Science,3.0
17-2111,"Health and safety engineers, except mining safety engineers and inspectors",16,Speaking and listening,3.5
17-2111,"Health and safety engineers, except mining safety engineers and inspectors",17,Writing and reading,3.9
17-2112,Industrial engineers,1,Adaptability,3.9
17-2112,Industrial engineers,2,Computers and information technology,3.7
17-2112,Industrial engineers,3,Creativity and innovation,3.1
17-2112,Industrial engineers,4,Critical and analytical thinking,3.7
17-2112,Industrial engineers,5,Customer service,2.9
17-2112,Industrial engineers,6,Detail oriented,3.9
17-2112,Industrial engineers,7,Fine motor,2.0
17-2112,Industrial engineers,8,Interpersonal,3.0
17-2112,Industrial engineers,9,Leadership,3.1
17-2112,Industrial engineers,10,Mathematics,3.3
17-2112,Industrial engineers,11,Mechanical,2.1
17-2112,Industrial engineers,12,Physical strength and stamina,1.6
17-2112,Industrial engineers,13,Problem solving and decision making,3.8
17-2112,Industrial engineers,14,Project management,2.8
17-2112,Industrial engineers,15,Science,2.3
17-2112,Industrial engineers,16,Speaking and listening,3.5
17-2112,Industrial engineers,17,Writing and reading,3.8
17-2121,Marine engineers and naval architects,1,Adaptability,3.7
17-2121,Marine engineers and naval architects,2,Computers and information technology,3.7
17-2121,Marine engineers and naval architects,3,Creativity and innovation,2.9
17-2121,Marine engineers and naval architects,4,Critical and analytical thinking,3.8
17-2121,Marine engineers and naval architects,5,Customer service,2.7
17-2121,Marine engineers and naval architects,6,Detail oriented,3.9
17-2121,Marine engineers and naval architects,7,Fine motor,2.7
17-2121,Marine engineers and naval architects,8,Interpersonal,3.0
17-2121,Marine engineers and naval architects,9,Leadership,3.0
17-2121,Marine engineers and naval architects,10,Mathematics,3.6
17-2121,Marine engineers and naval architects,11,Mechanical,2.7
17-2121,Marine engineers and naval architects,12,Physical strength and stamina,2.3
17-2121,Marine engineers and naval architects,13,Problem solving and decision making,3.8
17-2121,Marine engineers and naval architects,14,Project management,3.0
17-2121,Marine engineers and naval architects,15,Science,2.9
17-2121,Marine engineers and naval architects,16,Speaking and listening,3.3
17-2121,Marine engineers and naval architects,17,Writing and reading,3.8
17-2131,Materials engineers,1,Adaptability,3.8
17-2131,Materials engineers,2,Computers and information technology,3.7
17-2131,Materials engineers,3,Creativity and innovation,3.3
17-2131,Materials engineers,4,Critical and analytical thinking,3.9
17-2131,Materials engineers,5,Customer service,2.7
17-2131,Materials engineers,6,Detail oriented,3.6
17-2131,Materials engineers,7,Fine motor,2.4
17-2131,Materials engineers,8,Interpersonal,3.0
17-2131,Materials engineers,9,Leadership,3.6
17-2131,Materials engineers,10,Mathematics,3.7
17-2131,Materials engineers,11,Mechanical,2.1
17-2131,Materials engineers,12,Physical strength and stamina,1.4
17-2131,Materials engineers,13,Problem solving and decision making,3.6
17-2131,Materials engineers,14,Project management,3.1
17-2131,Materials engineers,15,Science,3.6
17-2131,Materials engineers,16,Speaking and listening,3.4
17-2131,Materials engineers,17,Writing and reading,3.9
17-2141,Mechanical engineers,1,Adaptability,4.0
17-2141,Mechanical engineers,2,Computers and information technology,3.9
17-2141,Mechanical engineers,3,Creativity and innovation,3.3
17-2141,Mechanical engineers,4,Critical and analytical thinking,3.8
17-2141,Mechanical engineers,5,Customer service,2.5
17-2141,Mechanical engineers,6,Detail oriented,3.6
17-2141,Mechanical engineers,7,Fine motor,2.0
17-2141,Mechanical engineers,8,Interpersonal,3.0
17-2141,Mechanical engineers,9,Leadership,3.2
17-2141,Mechanical engineers,10,Mathematics,3.8
17-2141,Mechanical engineers,11,Mechanical,2.5
17-2141,Mechanical engineers,12,Physical strength and stamina,1.4
17-2141,Mechanical engineers,13,Problem solving and decision making,3.9
17-2141,Mechanical engineers,14,Project management,2.8
17-2141,Mechanical engineers,15,Science,2.9
17-2141,Mechanical engineers,16,Speaking and listening,3.4
17-2141,Mechanical engineers,17,Writing and reading,3.8
17-2151,"Mining and geological engineers, including mining safety engineers",1,Adaptability,3.8
17-2151,"Mining and geological engineers, including mining safety engineers",2,Computers and information technology,3.9
17-2151,"Mining and geological engineers, including mining safety engineers",3,Creativity and innovation,2.9
17-2151,"Mining and geological engineers, including mining safety engineers",4,Critical and analytical thinking,4.0
17-2151,"Mining and geological engineers, including mining safety engineers",5,Customer service,2.5
17-2151,"Mining and geological engineers, including mining safety engineers",6,Detail oriented,3.8
17-2151,"Mining and geological engineers, including mining safety engineers",7,Fine motor,1.8
17-2151,"Mining and geological engineers, including mining safety engineers",8,Interpersonal,3.0
17-2151,"Mining and geological engineers, including mining safety engineers",9,Leadership,3.5
17-2151,"Mining and geological engineers, including mining safety engineers",10,Mathematics,3.9
17-2151,"Mining and geological engineers, including mining safety engineers",11,Mechanical,1.7
17-2151,"Mining and geological engineers, including mining safety engineers",12,Physical strength and stamina,1.4
17-2151,"Mining and geological engineers, including mining safety engineers",13,Problem solving and decision making,4.0
17-2151,"Mining and geological engineers, including mining safety engineers",14,Project management,3.3
17-2151,"Mining and geological engineers, including mining safety engineers",15,Science,2.8
17-2151,"Mining and geological engineers, including mining safety engineers",16,Speaking and listening,3.5
17-2151,"Mining and geological engineers, including mining safety engineers",17,Writing and reading,4.0
17-2161,Nuclear engineers,1,Adaptability,4.0
17-2161,Nuclear engineers,2,Computers and information technology,3.8
17-2161,Nuclear engineers,3,Creativity and innovation,2.8
17-2161,Nuclear engineers,4,Critical and analytical thinking,4.1
17-2161,Nuclear engineers,5,Customer service,2.3
17-2161,Nuclear engineers,6,Detail oriented,4.0
17-2161,Nuclear engineers,7,Fine motor,1.7
17-2161,Nuclear engineers,8,Interpersonal,2.9
17-2161,Nuclear engineers,9,Leadership,3.3
17-2161,Nuclear engineers,10,Mathematics,4.0
17-2161,Nuclear engineers,11,Mechanical,2.1
17-2161,Nuclear engineers,12,Physical strength and stamina,1.3
17-2161,Nuclear engineers,13,Problem solving and decision making,3.8
17-2161,Nuclear engineers,14,Project management,2.8
17-2161,Nuclear engineers,15,Science,3.8
17-2161,Nuclear engineers,16,Speaking and listening,3.4
17-2161,Nuclear engineers,17,Writing and reading,4.0
17-2171,Petroleum engineers,1,Adaptability,3.8
17-2171,Petroleum engineers,2,Computers and information technology,3.7
17-2171,Petroleum engineers,3,Creativity and innovation,3.1
17-2171,Petroleum engineers,4,Critical and analytical thinking,3.9
17-2171,Petroleum engineers,5,Customer service,2.5
17-2171,Petroleum engineers,6,Detail oriented,3.5
17-2171,Petroleum engineers,7,Fine motor,1.8
17-2171,Petroleum engineers,8,Interpersonal,3.2
17-2171,Petroleum engineers,9,Leadership,3.2
17-2171,Petroleum engineers,10,Mathematics,3.4
17-2171,Petroleum engineers,11,Mechanical,1.7
17-2171,Petroleum engineers,12,Physical strength and stamina,1.2
17-2171,Petroleum engineers,13,Problem solving and decision making,4.0
17-2171,Petroleum engineers,14,Project management,3.3
17-2171,Petroleum engineers,15,Science,3.0
17-2171,Petroleum engineers,16,Speaking and listening,3.4
17-2171,Petroleum engineers,17,Writing and reading,3.9
17-2199,"Engineers, all other",1,Adaptability,3.9
17-2199,"Engineers, all other",2,Computers and information technology,3.8
17-2199,"Engineers, all other",3,Creativity and innovation,3.1
17-2199,"Engineers, all other",4,Critical and analytical thinking,3.9
17-2199,"Engineers, all other",5,Customer service,2.7
17-2199,"Engineers, all other",6,Detail oriented,3.8
17-2199,"Engineers, all other",7,Fine motor,2.0
17-2199,"Engineers, all other",8,Interpersonal,3.0
17-2199,"Engineers, all other",9,Leadership,3.2
17-2199,"Engineers, all other",10,Mathematics,3.7
17-2199,"Engineers, all other",11,Mechanical,2.1
17-2199,"Engineers, all other",12,Physical strength and stamina,1.4
17-2199,"Engineers, all other",13,Problem solving and decision making,3.8
17-2199,"Engineers, all other",14,Project management,3.0
17-2199,"Engineers, all other",15,Science,2.7
17-2199,"Engineers, all other",16,Speaking and listening,3.4
17-2199,"Engineers, all other",17,Writing and reading,3.8
17-3011,Architectural and civil drafters,1,Adaptability,3.8
17-3011,Architectural and civil drafters,2,Computers and information technology,3.9
17-3011,Architectural and civil drafters,3,Creativity and innovation,3.2
17-3011,Architectural and civil drafters,4,Critical and analytical thinking,3.4
17-3011,Architectural and civil drafters,5,Customer service,2.5
17-3011,Architectural and civil drafters,6,Detail oriented,3.8
17-3011,Architectural and civil drafters,7,Fine motor,2.5
17-3011,Architectural and civil drafters,8,Interpersonal,2.9
17-3011,Architectural and civil drafters,9,Leadership,2.9
17-3011,Architectural and civil drafters,10,Mathematics,3.3
17-3011,Architectural and civil drafters,11,Mechanical,1.6
17-3011,Architectural and civil drafters,12,Physical strength and stamina,1.5
17-3011,Architectural and civil drafters,13,Problem solving and decision making,3.4
17-3011,Architectural and civil drafters,14,Project management,2.5
17-3011,Architectural and civil drafters,15,Science,2.1
17-3011,Architectural and civil drafters,16,Speaking and listening,3.0
17-3011,Architectural and civil drafters,17,Writing and reading,3.4
17-3012,Electrical and electronics drafters,1,Adaptability,3.6
17-3012,Electrical and electronics drafters,2,Computers and information technology,3.9
17-3012,Electrical and electronics drafters,3,Creativity and innovation,2.8
17-3012,Electrical and electronics drafters,4,Critical and analytical thinking,3.2
17-3012,Electrical and electronics drafters,5,Customer service,2.4
17-3012,Electrical and electronics drafters,6,Detail oriented,3.7
17-3012,Electrical and electronics drafters,7,Fine motor,2.4
17-3012,Electrical and electronics drafters,8,Interpersonal,2.9
17-3012,Electrical and electronics drafters,9,Leadership,2.6
17-3012,Electrical and electronics drafters,10,Mathematics,3.1
17-3012,Electrical and electronics drafters,11,Mechanical,1.8
17-3012,Electrical and electronics drafters,12,Physical strength and stamina,1.4
17-3012,Electrical and electronics drafters,13,Problem solving and decision making,3.5
17-3012,Electrical and electronics drafters,14,Project management,2.6
17-3012,Electrical and electronics drafters,15,Science,2.0
17-3012,Electrical and electronics drafters,16,Speaking and listening,3.1
17-3012,Electrical and electronics drafters,17,Writing and reading,3.5
17-3013,Mechanical drafters,1,Adaptability,3.7
17-3013,Mechanical drafters,2,Computers and information technology,3.9
17-3013,Mechanical drafters,3,Creativity and innovation,3.1
17-3013,Mechanical drafters,4,Critical and analytical thinking,3.3
17-3013,Mechanical drafters,5,Customer service,2.3
17-3013,Mechanical drafters,6,Detail oriented,3.9
17-3013,Mechanical drafters,7,Fine motor,2.5
17-3013,Mechanical drafters,8,Interpersonal,2.9
17-3013,Mechanical drafters,9,Leadership,2.5
17-3013,Mechanical drafters,10,Mathematics,3.5
17-3013,Mechanical drafters,11,Mechanical,1.9
17-3013,Mechanical drafters,12,Physical strength and stamina,1.3
17-3013,Mechanical drafters,13,Problem solving and decision making,3.4
17-3013,Mechanical drafters,14,Project management,2.4
17-3013,Mechanical drafters,15,Science,2.3
17-3013,Mechanical drafters,16,Speaking and listening,2.9
17-3013,Mechanical drafters,17,Writing and reading,3.2
17-3019,"Drafters, all other",1,Adaptability,3.8
17-3019,"Drafters, all other",2,Computers and information technology,3.9
17-3019,"Drafters, all other",3,Creativity and innovation,3.1
17-3019,"Drafters, all other",4,Critical and analytical thinking,3.4
17-3019,"Drafters, all other",5,Customer service,2.4
17-3019,"Drafters, all other",6,Detail oriented,3.8
17-3019,"Drafters, all other",7,Fine motor,2.5
17-3019,"Drafters, all other",8,Interpersonal,2.9
17-3019,"Drafters, all other",9,Leadership,2.7
17-3019,"Drafters, all other",10,Mathematics,3.3
17-3019,"Drafters, all other",11,Mechanical,1.7
17-3019,"Drafters, all other",12,Physical strength and stamina,1.5
17-3019,"Drafters, all other",13,Problem solving and decision making,3.4
17-3019,"Drafters, all other",14,Project management,2.5
17-3019,"Drafters, all other",15,Science,2.1
17-3019,"Drafters, all other",16,Speaking and listening,3.0
17-3019,"Drafters, all other",17,Writing and reading,3.4
17-3021,Aerospace engineering and operations technologists and technicians,1,Adaptability,3.8
17-3021,Aerospace engineering and operations technologists and technicians,2,Computers and information technology,3.8
17-3021,Aerospace engineering and operations technologists and technicians,3,Creativity and innovation,2.7
17-3021,Aerospace engineering and operations technologists and technicians,4,Critical and analytical thinking,3.7
17-3021,Aerospace engineering and operations technologists and technicians,5,Customer service,2.7
17-3021,Aerospace engineering and operations technologists and technicians,6,Detail oriented,4.2
17-3021,Aerospace engineering and operations technologists and technicians,7,Fine motor,3.1
17-3021,Aerospace engineering and operations technologists and technicians,8,Interpersonal,2.9
17-3021,Aerospace engineering and operations technologists and technicians,9,Leadership,2.8
17-3021,Aerospace engineering and operations technologists and technicians,10,Mathematics,3.2
17-3021,Aerospace engineering and operations technologists and technicians,11,Mechanical,3.0
17-3021,Aerospace engineering and operations technologists and technicians,12,Physical strength and stamina,2.1
17-3021,Aerospace engineering and operations technologists and technicians,13,Problem solving and decision making,3.8
17-3021,Aerospace engineering and operations technologists and technicians,14,Project management,2.9
17-3021,Aerospace engineering and operations technologists and technicians,15,Science,2.5
17-3021,Aerospace engineering and operations technologists and technicians,16,Speaking and listening,3.1
17-3021,Aerospace engineering and operations technologists and technicians,17,Writing and reading,3.5
17-3022,Civil engineering technologists and technicians,1,Adaptability,3.8
17-3022,Civil engineering technologists and technicians,2,Computers and information technology,3.7
17-3022,Civil engineering technologists and technicians,3,Creativity and innovation,2.8
17-3022,Civil engineering technologists and technicians,4,Critical and analytical thinking,3.5
17-3022,Civil engineering technologists and technicians,5,Customer service,3.0
17-3022,Civil engineering technologists and technicians,6,Detail oriented,3.5
17-3022,Civil engineering technologists and technicians,7,Fine motor,2.2
17-3022,Civil engineering technologists and technicians,8,Interpersonal,3.1
17-3022,Civil engineering technologists and technicians,9,Leadership,2.8
17-3022,Civil engineering technologists and technicians,10,Mathematics,3.8
17-3022,Civil engineering technologists and technicians,11,Mechanical,1.7
17-3022,Civil engineering technologists and technicians,12,Physical strength and stamina,1.5
17-3022,Civil engineering technologists and technicians,13,Problem solving and decision making,3.5
17-3022,Civil engineering technologists and technicians,14,Project management,2.7
17-3022,Civil engineering technologists and technicians,15,Science,2.6
17-3022,Civil engineering technologists and technicians,16,Speaking and listening,3.2
17-3022,Civil engineering technologists and technicians,17,Writing and reading,3.6
17-3023,Electrical and electronic engineering technologists and technicians,1,Adaptability,3.8
17-3023,Electrical and electronic engineering technologists and technicians,2,Computers and information technology,3.9
17-3023,Electrical and electronic engineering technologists and technicians,3,Creativity and innovation,2.8
17-3023,Electrical and electronic engineering technologists and technicians,4,Critical and analytical thinking,3.5
17-3023,Electrical and electronic engineering technologists and technicians,5,Customer service,2.6
17-3023,Electrical and electronic engineering technologists and technicians,6,Detail oriented,3.8
17-3023,Electrical and electronic engineering technologists and technicians,7,Fine motor,2.7
17-3023,Electrical and electronic engineering technologists and technicians,8,Interpersonal,3.0
17-3023,Electrical and electronic engineering technologists and technicians,9,Leadership,3.0
17-3023,Electrical and electronic engineering technologists and technicians,10,Mathematics,2.9
17-3023,Electrical and electronic engineering technologists and technicians,11,Mechanical,3.0
17-3023,Electrical and electronic engineering technologists and technicians,12,Physical strength and stamina,2.1
17-3023,Electrical and electronic engineering technologists and technicians,13,Problem solving and decision making,3.6
17-3023,Electrical and electronic engineering technologists and technicians,14,Project management,2.8
17-3023,Electrical and electronic engineering technologists and technicians,15,Science,2.1
17-3023,Electrical and electronic engineering technologists and technicians,16,Speaking and listening,3.1
17-3023,Electrical and electronic engineering technologists and technicians,17,Writing and reading,3.5
17-3024,Electro-mechanical and mechatronics technologists and technicians,1,Adaptability,3.7
17-3024,Electro-mechanical and mechatronics technologists and technicians,2,Computers and information technology,3.8
17-3024,Electro-mechanical and mechatronics technologists and technicians,3,Creativity and innovation,2.8
17-3024,Electro-mechanical and mechatronics technologists and technicians,4,Critical and analytical thinking,3.5
17-3024,Electro-mechanical and mechatronics technologists and technicians,5,Customer service,2.6
17-3024,Electro-mechanical and mechatronics technologists and technicians,6,Detail oriented,4.1
17-3024,Electro-mechanical and mechatronics technologists and technicians,7,Fine motor,3.5
17-3024,Electro-mechanical and mechatronics technologists and technicians,8,Interpersonal,2.9
17-3024,Electro-mechanical and mechatronics technologists and technicians,9,Leadership,3.0
17-3024,Electro-mechanical and mechatronics technologists and technicians,10,Mathematics,3.0
17-3024,Electro-mechanical and mechatronics technologists and technicians,11,Mechanical,3.5
17-3024,Electro-mechanical and mechatronics technologists and technicians,12,Physical strength and stamina,2.4
17-3024,Electro-mechanical and mechatronics technologists and technicians,13,Problem solving and decision making,3.6
17-3024,Electro-mechanical and mechatronics technologists and technicians,14,Project management,2.5
17-3024,Electro-mechanical and mechatronics technologists and technicians,15,Science,2.1
17-3024,Electro-mechanical and mechatronics technologists and technicians,16,Speaking and listening,2.8
17-3024,Electro-mechanical and mechatronics technologists and technicians,17,Writing and reading,3.2
17-3025,Environmental engineering technologists and technicians,1,Adaptability,3.7
17-3025,Environmental engineering technologists and technicians,2,Computers and information technology,3.5
17-3025,Environmental engineering technologists and technicians,3,Creativity and innovation,2.5
17-3025,Environmental engineering technologists and technicians,4,Critical and analytical thinking,3.6
17-3025,Environmental engineering technologists and technicians,5,Customer service,2.8
17-3025,Environmental engineering technologists and technicians,6,Detail oriented,3.6
17-3025,Environmental engineering technologists and technicians,7,Fine motor,2.7
17-3025,Environmental engineering technologists and technicians,8,Interpersonal,2.9
17-3025,Environmental engineering technologists and technicians,9,Leadership,2.8
17-3025,Environmental engineering technologists and technicians,10,Mathematics,3.1
17-3025,Environmental engineering technologists and technicians,11,Mechanical,2.5
17-3025,Environmental engineering technologists and technicians,12,Physical strength and stamina,2.2
17-3025,Environmental engineering technologists and technicians,13,Problem solving and decision making,3.4
17-3025,Environmental engineering technologists and technicians,14,Project management,2.6
17-3025,Environmental engineering technologists and technicians,15,Science,3.2
17-3025,Environmental engineering technologists and technicians,16,Speaking and listening,3.2
17-3025,Environmental engineering technologists and technicians,17,Writing and reading,3.4
17-3026,Industrial engineering technologists and technicians,1,Adaptability,3.8
17-3026,Industrial engineering technologists and technicians,2,Computers and information technology,3.5
17-3026,Industrial engineering technologists and technicians,3,Creativity and innovation,3.0
17-3026,Industrial engineering technologists and technicians,4,Critical and analytical thinking,3.7
17-3026,Industrial engineering technologists and technicians,5,Customer service,2.6
17-3026,Industrial engineering technologists and technicians,6,Detail oriented,3.8
17-3026,Industrial engineering technologists and technicians,7,Fine motor,2.5
17-3026,Industrial engineering technologists and technicians,8,Interpersonal,3.0
17-3026,Industrial engineering technologists and technicians,9,Leadership,3.0
17-3026,Industrial engineering technologists and technicians,10,Mathematics,3.2
17-3026,Industrial engineering technologists and technicians,11,Mechanical,2.5
17-3026,Industrial engineering technologists and technicians,12,Physical strength and stamina,2.0
17-3026,Industrial engineering technologists and technicians,13,Problem solving and decision making,3.9
17-3026,Industrial engineering technologists and technicians,14,Project management,2.7
17-3026,Industrial engineering technologists and technicians,15,Science,2.8
17-3026,Industrial engineering technologists and technicians,16,Speaking and listening,3.1
17-3026,Industrial engineering technologists and technicians,17,Writing and reading,3.4
17-3027,Mechanical engineering technologists and technicians,1,Adaptability,3.6
17-3027,Mechanical engineering technologists and technicians,2,Computers and information technology,3.6
17-3027,Mechanical engineering technologists and technicians,3,Creativity and innovation,2.8
17-3027,Mechanical engineering technologists and technicians,4,Critical and analytical thinking,3.6
17-3027,Mechanical engineering technologists and technicians,5,Customer service,2.6
17-3027,Mechanical engineering technologists and technicians,6,Detail oriented,4.0
17-3027,Mechanical engineering technologists and technicians,7,Fine motor,2.9
17-3027,Mechanical engineering technologists and technicians,8,Interpersonal,3.0
17-3027,Mechanical engineering technologists and technicians,9,Leadership,3.1
17-3027,Mechanical engineering technologists and technicians,10,Mathematics,3.4
17-3027,Mechanical engineering technologists and technicians,11,Mechanical,2.9
17-3027,Mechanical engineering technologists and technicians,12,Physical strength and stamina,2.4
17-3027,Mechanical engineering technologists and technicians,13,Problem solving and decision making,3.7
17-3027,Mechanical engineering technologists and technicians,14,Project management,2.7
17-3027,Mechanical engineering technologists and technicians,15,Science,2.5
17-3027,Mechanical engineering technologists and technicians,16,Speaking and listening,3.3
17-3027,Mechanical engineering technologists and technicians,17,Writing and reading,3.7
17-3028,Calibration technologists and technicians,1,Adaptability,3.8
17-3028,Calibration technologists and technicians,2,Computers and information technology,3.8
17-3028,Calibration technologists and technicians,3,Creativity and innovation,2.7
17-3028,Calibration technologists and technicians,4,Critical and analytical thinking,3.7
17-3028,Calibration technologists and technicians,5,Customer service,2.7
17-3028,Calibration technologists and technicians,6,Detail oriented,4.2
17-3028,Calibration technologists and technicians,7,Fine motor,3.1
17-3028,Calibration technologists and technicians,8,Interpersonal,2.9
17-3028,Calibration technologists and technicians,9,Leadership,2.8
17-3028,Calibration technologists and technicians,10,Mathematics,3.2
17-3028,Calibration technologists and technicians,11,Mechanical,3.0
17-3028,Calibration technologists and technicians,12,Physical strength and stamina,2.1
17-3028,Calibration technologists and technicians,13,Problem solving and decision making,3.8
17-3028,Calibration technologists and technicians,14,Project management,2.9
17-3028,Calibration technologists and technicians,15,Science,2.5
17-3028,Calibration technologists and technicians,16,Speaking and listening,3.1
17-3028,Calibration technologists and technicians,17,Writing and reading,3.5
17-3029,"Engineering technologists and technicians, except drafters, all other",1,Adaptability,3.7
17-3029,"Engineering technologists and technicians, except drafters, all other",2,Computers and information technology,3.7
17-3029,"Engineering technologists and technicians, except drafters, all other",3,Creativity and innovation,2.8
17-3029,"Engineering technologists and technicians, except drafters, all other",4,Critical and analytical thinking,3.6
17-3029,"Engineering technologists and technicians, except drafters, all other",5,Customer service,2.7
17-3029,"Engineering technologists and technicians, except drafters, all other",6,Detail oriented,3.8
17-3029,"Engineering technologists and technicians, except drafters, all other",7,Fine motor,2.6
17-3029,"Engineering technologists and technicians, except drafters, all other",8,Interpersonal,3.0
17-3029,"Engineering technologists and technicians, except drafters, all other",9,Leadership,2.9
17-3029,"Engineering technologists and technicians, except drafters, all other",10,Mathematics,3.3
17-3029,"Engineering technologists and technicians, except drafters, all other",11,Mechanical,2.6
17-3029,"Engineering technologists and technicians, except drafters, all other",12,Physical strength and stamina,2.0
17-3029,"Engineering technologists and technicians, except drafters, all other",13,Problem solving and decision making,3.7
17-3029,"Engineering technologists and technicians, except drafters, all other",14,Project management,2.7
17-3029,"Engineering technologists and technicians, except drafters, all other",15,Science,2.5
17-3029,"Engineering technologists and technicians, except drafters, all other",16,Speaking and listening,3.2
17-3029,"Engineering technologists and technicians, except drafters, all other",17,Writing and reading,3.5
17-3031,Surveying and mapping technicians,1,Adaptability,3.4
17-3031,Surveying and mapping technicians,2,Computers and information technology,4.0
17-3031,Surveying and mapping technicians,3,Creativity and innovation,2.5
17-3031,Surveying and mapping technicians,4,Critical and analytical thinking,3.2
17-3031,Surveying and mapping technicians,5,Customer service,2.4
17-3031,Surveying and mapping technicians,6,Detail oriented,3.7
17-3031,Surveying and mapping technicians,7,Fine motor,2.8
17-3031,Surveying and mapping technicians,8,Interpersonal,2.8
17-3031,Surveying and mapping technicians,9,Leadership,2.8
17-3031,Surveying and mapping technicians,10,Mathematics,3.1
17-3031,Surveying and mapping technicians,11,Mechanical,1.9
17-3031,Surveying and mapping technicians,12,Physical strength and stamina,2.3
17-3031,Surveying and mapping technicians,13,Problem solving and decision making,3.4
17-3031,Surveying and mapping technicians,14,Project management,2.4
17-3031,Surveying and mapping technicians,15,Science,1.8
17-3031,Surveying and mapping technicians,16,Speaking and listening,2.9
17-3031,Surveying and mapping technicians,17,Writing and reading,3.5
19-1011,Animal scientists,1,Adaptability,3.9
19-1011,Animal scientists,2,Computers and information technology,3.8
19-1011,Animal scientists,3,Creativity and innovation,3.2
19-1011,Animal scientists,4,Critical and analytical thinking,4.0
19-1011,Animal scientists,5,Customer service,3.0
19-1011,Animal scientists,6,Detail oriented,3.7
19-1011,Animal scientists,7,Fine motor,1.9
19-1011,Animal scientists,8,Interpersonal,3.1
19-1011,Animal scientists,9,Leadership,3.5
19-1011,Animal scientists,10,Mathematics,3.5
19-1011,Animal scientists,11,Mechanical,1.7
19-1011,Animal scientists,12,Physical strength and stamina,1.8
19-1011,Animal scientists,13,Problem solving and decision making,4.0
19-1011,Animal scientists,14,Project management,2.9
19-1011,Animal scientists,15,Science,3.8
19-1011,Animal scientists,16,Speaking and listening,3.7
19-1011,Animal scientists,17,Writing and reading,4.1
19-1012,Food scientists and technologists,1,Adaptability,4.0
19-1012,Food scientists and technologists,2,Computers and information technology,3.6
19-1012,Food scientists and technologists,3,Creativity and innovation,3.2
19-1012,Food scientists and technologists,4,Critical and analytical thinking,3.8
19-1012,Food scientists and technologists,5,Customer service,2.7
19-1012,Food scientists and technologists,6,Detail oriented,3.8
19-1012,Food scientists and technologists,7,Fine motor,2.3
19-1012,Food scientists and technologists,8,Interpersonal,3.0
19-1012,Food scientists and technologists,9,Leadership,3.3
19-1012,Food scientists and technologists,10,Mathematics,3.4
19-1012,Food scientists and technologists,11,Mechanical,2.0
19-1012,Food scientists and technologists,12,Physical strength and stamina,2.0
19-1012,Food scientists and technologists,13,Problem solving and decision making,3.8
19-1012,Food scientists and technologists,14,Project management,2.9
19-1012,Food scientists and technologists,15,Science,3.6
19-1012,Food scientists and technologists,16,Speaking and listening,3.4
19-1012,Food scientists and technologists,17,Writing and reading,3.9
19-1013,Soil and plant scientists,1,Adaptability,3.9
19-1013,Soil and plant scientists,2,Computers and information technology,3.9
19-1013,Soil and plant scientists,3,Creativity and innovation,3.3
19-1013,Soil and plant scientists,4,Critical and analytical thinking,3.9
19-1013,Soil and plant scientists,5,Customer service,2.9
19-1013,Soil and plant scientists,6,Detail oriented,3.5
19-1013,Soil and plant scientists,7,Fine motor,2.3
19-1013,Soil and plant scientists,8,Interpersonal,3.0
19-1013,Soil and plant scientists,9,Leadership,3.4
19-1013,Soil and plant scientists,10,Mathematics,3.3
19-1013,Soil and plant scientists,11,Mechanical,1.9
19-1013,Soil and plant scientists,12,Physical strength and stamina,2.1
19-1013,Soil and plant scientists,13,Problem solving and decision making,3.7
19-1013,Soil and plant scientists,14,Project management,3.0
19-1013,Soil and plant scientists,15,Science,3.9
19-1013,Soil and plant scientists,16,Speaking and listening,3.6
19-1013,Soil and plant scientists,17,Writing and reading,4.0
19-1021,Biochemists and biophysicists,1,Adaptability,4.3
19-1021,Biochemists and biophysicists,2,Computers and information technology,4.0
19-1021,Biochemists and biophysicists,3,Creativity and innovation,3.6
19-1021,Biochemists and biophysicists,4,Critical and analytical thinking,4.1
19-1021,Biochemists and biophysicists,5,Customer service,2.1
19-1021,Biochemists and biophysicists,6,Detail oriented,4.0
19-1021,Biochemists and biophysicists,7,Fine motor,2.6
19-1021,Biochemists and biophysicists,8,Interpersonal,2.9
19-1021,Biochemists and biophysicists,9,Leadership,3.5
19-1021,Biochemists and biophysicists,10,Mathematics,3.9
19-1021,Biochemists and biophysicists,11,Mechanical,2.3
19-1021,Biochemists and biophysicists,12,Physical strength and stamina,1.5
19-1021,Biochemists and biophysicists,13,Problem solving and decision making,3.9
19-1021,Biochemists and biophysicists,14,Project management,3.0
19-1021,Biochemists and biophysicists,15,Science,4.5
19-1021,Biochemists and biophysicists,16,Speaking and listening,3.5
19-1021,Biochemists and biophysicists,17,Writing and reading,4.3
19-1022,Microbiologists,1,Adaptability,4.0
19-1022,Microbiologists,2,Computers and information technology,3.8
19-1022,Microbiologists,3,Creativity and innovation,2.9
19-1022,Microbiologists,4,Critical and analytical thinking,3.8
19-1022,Microbiologists,5,Customer service,2.5
19-1022,Microbiologists,6,Detail oriented,4.2
19-1022,Microbiologists,7,Fine motor,2.8
19-1022,Microbiologists,8,Interpersonal,3.1
19-1022,Microbiologists,9,Leadership,3.2
19-1022,Microbiologists,10,Mathematics,3.1
19-1022,Microbiologists,11,Mechanical,2.0
19-1022,Microbiologists,12,Physical strength and stamina,1.8
19-1022,Microbiologists,13,Problem solving and decision making,3.6
19-1022,Microbiologists,14,Project management,3.2
19-1022,Microbiologists,15,Science,3.8
19-1022,Microbiologists,16,Speaking and listening,3.5
19-1022,Microbiologists,17,Writing and reading,4.1
19-1023,Zoologists and wildlife biologists,1,Adaptability,3.9
19-1023,Zoologists and wildlife biologists,2,Computers and information technology,3.6
19-1023,Zoologists and wildlife biologists,3,Creativity and innovation,3.0
19-1023,Zoologists and wildlife biologists,4,Critical and analytical thinking,3.6
19-1023,Zoologists and wildlife biologists,5,Customer service,3.2
19-1023,Zoologists and wildlife biologists,6,Detail oriented,3.6
19-1023,Zoologists and wildlife biologists,7,Fine motor,2.3
19-1023,Zoologists and wildlife biologists,8,Interpersonal,3.2
19-1023,Zoologists and wildlife biologists,9,Leadership,3.4
19-1023,Zoologists and wildlife biologists,10,Mathematics,3.1
19-1023,Zoologists and wildlife biologists,11,Mechanical,1.9
19-1023,Zoologists and wildlife biologists,12,Physical strength and stamina,2.1
19-1023,Zoologists and wildlife biologists,13,Problem solving and decision making,3.9
19-1023,Zoologists and wildlife biologists,14,Project management,3.2
19-1023,Zoologists and wildlife biologists,15,Science,3.2
19-1023,Zoologists and wildlife biologists,16,Speaking and listening,3.6
19-1023,Zoologists and wildlife biologists,17,Writing and reading,3.9
19-1029,"Biological scientists, all other",1,Adaptability,4.1
19-1029,"Biological scientists, all other",2,Computers and information technology,3.9
19-1029,"Biological scientists, all other",3,Creativity and innovation,3.2
19-1029,"Biological scientists, all other",4,Critical and analytical thinking,3.9
19-1029,"Biological scientists, all other",5,Customer service,2.5
19-1029,"Biological scientists, all other",6,Detail oriented,3.9
19-1029,"Biological scientists, all other",7,Fine motor,2.6
19-1029,"Biological scientists, all other",8,Interpersonal,3.0
19-1029,"Biological scientists, all other",9,Leadership,3.4
19-1029,"Biological scientists, all other",10,Mathematics,3.5
19-1029,"Biological scientists, all other",11,Mechanical,2.1
19-1029,"Biological scientists, all other",12,Physical strength and stamina,1.8
19-1029,"Biological scientists, all other",13,Problem solving and decision making,3.8
19-1029,"Biological scientists, all other",14,Project management,3.1
19-1029,"Biological scientists, all other",15,Science,3.9
19-1029,"Biological scientists, all other",16,Speaking and listening,3.5
19-1029,"Biological scientists, all other",17,Writing and reading,4.2
19-1031,Conservation scientists,1,Adaptability,3.6
19-1031,Conservation scientists,2,Computers and information technology,3.8
19-1031,Conservation scientists,3,Creativity and innovation,2.8
19-1031,Conservation scientists,4,Critical and analytical thinking,3.5
19-1031,Conservation scientists,5,Customer service,3.0
19-1031,Conservation scientists,6,Detail oriented,3.3
19-1031,Conservation scientists,7,Fine motor,2.4
19-1031,Conservation scientists,8,Interpersonal,3.2
19-1031,Conservation scientists,9,Leadership,3.3
19-1031,Conservation scientists,10,Mathematics,3.3
19-1031,Conservation scientists,11,Mechanical,1.9
19-1031,Conservation scientists,12,Physical strength and stamina,2.4
19-1031,Conservation scientists,13,Problem solving and decision making,3.5
19-1031,Conservation scientists,14,Project management,3.1
19-1031,Conservation scientists,15,Science,3.5
19-1031,Conservation scientists,16,Speaking and listening,3.5
19-1031,Conservation scientists,17,Writing and reading,3.8
19-1032,Foresters,1,Adaptability,3.6
19-1032,Foresters,2,Computers and information technology,3.5
19-1032,Foresters,3,Creativity and innovation,2.7
19-1032,Foresters,4,Critical and analytical thinking,3.7
19-1032,Foresters,5,Customer service,3.2
19-1032,Foresters,6,Detail oriented,3.5
19-1032,Foresters,7,Fine motor,2.3
19-1032,Foresters,8,Interpersonal,3.3
19-1032,Foresters,9,Leadership,3.3
19-1032,Foresters,10,Mathematics,3.0
19-1032,Foresters,11,Mechanical,2.3
19-1032,Foresters,12,Physical strength and stamina,2.5
19-1032,Foresters,13,Problem solving and decision making,4.1
19-1032,Foresters,14,Project management,3.6
19-1032,Foresters,15,Science,2.6
19-1032,Foresters,16,Speaking and listening,3.5
19-1032,Foresters,17,Writing and reading,3.8
19-1041,Epidemiologists,1,Adaptability,3.8
19-1041,Epidemiologists,2,Computers and information technology,3.8
19-1041,Epidemiologists,3,Creativity and innovation,3.3
19-1041,Epidemiologists,4,Critical and analytical thinking,4.2
19-1041,Epidemiologists,5,Customer service,2.8
19-1041,Epidemiologists,6,Detail oriented,3.7
19-1041,Epidemiologists,7,Fine motor,1.5
19-1041,Epidemiologists,8,Interpersonal,3.4
19-1041,Epidemiologists,9,Leadership,3.5
19-1041,Epidemiologists,10,Mathematics,3.8
19-1041,Epidemiologists,11,Mechanical,1.1
19-1041,Epidemiologists,12,Physical strength and stamina,1.2
19-1041,Epidemiologists,13,Problem solving and decision making,4.1
19-1041,Epidemiologists,14,Project management,2.9
19-1041,Epidemiologists,15,Science,3.0
19-1041,Epidemiologists,16,Speaking and listening,3.9
19-1041,Epidemiologists,17,Writing and reading,4.3
19-1042,"Medical scientists, except epidemiologists",1,Adaptability,4.1
19-1042,"Medical scientists, except epidemiologists",2,Computers and information technology,3.6
19-1042,"Medical scientists, except epidemiologists",3,Creativity and innovation,3.3
19-1042,"Medical scientists, except epidemiologists",4,Critical and analytical thinking,3.9
19-1042,"Medical scientists, except epidemiologists",5,Customer service,2.1
19-1042,"Medical scientists, except epidemiologists",6,Detail oriented,3.9
19-1042,"Medical scientists, except epidemiologists",7,Fine motor,2.5
19-1042,"Medical scientists, except epidemiologists",8,Interpersonal,3.3
19-1042,"Medical scientists, except epidemiologists",9,Leadership,3.2
19-1042,"Medical scientists, except epidemiologists",10,Mathematics,3.3
19-1042,"Medical scientists, except epidemiologists",11,Mechanical,1.7
19-1042,"Medical scientists, except epidemiologists",12,Physical strength and stamina,1.3
19-1042,"Medical scientists, except epidemiologists",13,Problem solving and decision making,3.9
19-1042,"Medical scientists, except epidemiologists",14,Project management,2.7
19-1042,"Medical scientists, except epidemiologists",15,Science,3.6
19-1042,"Medical scientists, except epidemiologists",16,Speaking and listening,3.6
19-1042,"Medical scientists, except epidemiologists",17,Writing and reading,4.0
19-1099,"Life scientists, all other",1,Adaptability,4.0
19-1099,"Life scientists, all other",2,Computers and information technology,3.7
19-1099,"Life scientists, all other",3,Creativity and innovation,3.2
19-1099,"Life scientists, all other",4,Critical and analytical thinking,3.9
19-1099,"Life scientists, all other",5,Customer service,2.4
19-1099,"Life scientists, all other",6,Detail oriented,3.8
19-1099,"Life scientists, all other",7,Fine motor,2.5
19-1099,"Life scientists, all other",8,Interpersonal,3.2
19-1099,"Life scientists, all other",9,Leadership,3.3
19-1099,"Life scientists, all other",10,Mathematics,3.4
19-1099,"Life scientists, all other",11,Mechanical,1.8
19-1099,"Life scientists, all other",12,Physical strength and stamina,1.6
19-1099,"Life scientists, all other",13,Problem solving and decision making,3.8
19-1099,"Life scientists, all other",14,Project management,2.9
19-1099,"Life scientists, all other",15,Science,3.7
19-1099,"Life scientists, all other",16,Speaking and listening,3.6
19-1099,"Life scientists, all other",17,Writing and reading,4.0
19-2011,Astronomers,1,Adaptability,3.8
19-2011,Astronomers,2,Computers and information technology,4.0
19-2011,Astronomers,3,Creativity and innovation,3.3
19-2011,Astronomers,4,Critical and analytical thinking,4.0
19-2011,Astronomers,5,Customer service,2.0
19-2011,Astronomers,6,Detail oriented,3.6
19-2011,Astronomers,7,Fine motor,1.6
19-2011,Astronomers,8,Interpersonal,3.0
19-2011,Astronomers,9,Leadership,3.1
19-2011,Astronomers,10,Mathematics,4.3
19-2011,Astronomers,11,Mechanical,1.6
19-2011,Astronomers,12,Physical strength and stamina,1.2
19-2011,Astronomers,13,Problem solving and decision making,3.5
19-2011,Astronomers,14,Project management,2.7
19-2011,Astronomers,15,Science,3.5
19-2011,Astronomers,16,Speaking and listening,3.6
19-2011,Astronomers,17,Writing and reading,4.1
19-2012,Physicists,1,Adaptability,3.7
19-2012,Physicists,2,Computers and information technology,4.3
19-2012,Physicists,3,Creativity and innovation,3.5
19-2012,Physicists,4,Critical and analytical thinking,4.0
19-2012,Physicists,5,Customer service,2.2
19-2012,Physicists,6,Detail oriented,3.4
19-2012,Physicists,7,Fine motor,1.6
19-2012,Physicists,8,Interpersonal,2.8
19-2012,Physicists,9,Leadership,3.0
19-2012,Physicists,10,Mathematics,4.5
19-2012,Physicists,11,Mechanical,1.6
19-2012,Physicists,12,Physical strength and stamina,1.2
19-2012,Physicists,13,Problem solving and decision making,3.6
19-2012,Physicists,14,Project management,2.8
19-2012,Physicists,15,Science,3.6
19-2012,Physicists,16,Speaking and listening,3.7
19-2012,Physicists,17,Writing and reading,4.1
19-2021,Atmospheric and space scientists,1,Adaptability,3.9
19-2021,Atmospheric and space scientists,2,Computers and information technology,3.9
19-2021,Atmospheric and space scientists,3,Creativity and innovation,2.9
19-2021,Atmospheric and space scientists,4,Critical and analytical thinking,3.9
19-2021,Atmospheric and space scientists,5,Customer service,2.7
19-2021,Atmospheric and space scientists,6,Detail oriented,3.4
19-2021,Atmospheric and space scientists,7,Fine motor,1.5
19-2021,Atmospheric and space scientists,8,Interpersonal,2.9
19-2021,Atmospheric and space scientists,9,Leadership,3.2
19-2021,Atmospheric and space scientists,10,Mathematics,3.6
19-2021,Atmospheric and space scientists,11,Mechanical,1.3
19-2021,Atmospheric and space scientists,12,Physical strength and stamina,1.2
19-2021,Atmospheric and space scientists,13,Problem solving and decision making,3.6
19-2021,Atmospheric and space scientists,14,Project management,2.5
19-2021,Atmospheric and space scientists,15,Science,3.3
19-2021,Atmospheric and space scientists,16,Speaking and listening,3.8
19-2021,Atmospheric and space scientists,17,Writing and reading,4.0
19-2031,Chemists,1,Adaptability,3.9
19-2031,Chemists,2,Computers and information technology,3.7
19-2031,Chemists,3,Creativity and innovation,2.8
19-2031,Chemists,4,Critical and analytical thinking,3.8
19-2031,Chemists,5,Customer service,2.4
19-2031,Chemists,6,Detail oriented,3.9
19-2031,Chemists,7,Fine motor,2.5
19-2031,Chemists,8,Interpersonal,2.9
19-2031,Chemists,9,Leadership,3.3
19-2031,Chemists,10,Mathematics,3.7
19-2031,Chemists,11,Mechanical,2.4
19-2031,Chemists,12,Physical strength and stamina,1.9
19-2031,Chemists,13,Problem solving and decision making,3.7
19-2031,Chemists,14,Project management,2.9
19-2031,Chemists,15,Science,3.7
19-2031,Chemists,16,Speaking and listening,3.2
19-2031,Chemists,17,Writing and reading,3.9
19-2032,Materials scientists,1,Adaptability,3.7
19-2032,Materials scientists,2,Computers and information technology,3.7
19-2032,Materials scientists,3,Creativity and innovation,3.1
19-2032,Materials scientists,4,Critical and analytical thinking,3.9
19-2032,Materials scientists,5,Customer service,2.3
19-2032,Materials scientists,6,Detail oriented,3.6
19-2032,Materials scientists,7,Fine motor,2.0
19-2032,Materials scientists,8,Interpersonal,2.7
19-2032,Materials scientists,9,Leadership,3.1
19-2032,Materials scientists,10,Mathematics,3.6
19-2032,Materials scientists,11,Mechanical,1.9
19-2032,Materials scientists,12,Physical strength and stamina,1.3
19-2032,Materials scientists,13,Problem solving and decision making,3.6
19-2032,Materials scientists,14,Project management,2.8
19-2032,Materials scientists,15,Science,3.8
19-2032,Materials scientists,16,Speaking and listening,3.3
19-2032,Materials scientists,17,Writing and reading,4.0
19-2041,"Environmental scientists and specialists, including health",1,Adaptability,3.9
19-2041,"Environmental scientists and specialists, including health",2,Computers and information technology,3.7
19-2041,"Environmental scientists and specialists, including health",3,Creativity and innovation,2.5
19-2041,"Environmental scientists and specialists, including health",4,Critical and analytical thinking,3.8
19-2041,"Environmental scientists and specialists, including health",5,Customer service,3.1
19-2041,"Environmental scientists and specialists, including health",6,Detail oriented,3.4
19-2041,"Environmental scientists and specialists, including health",7,Fine motor,1.6
19-2041,"Environmental scientists and specialists, including health",8,Interpersonal,3.1
19-2041,"Environmental scientists and specialists, including health",9,Leadership,3.1
19-2041,"Environmental scientists and specialists, including health",10,Mathematics,3.1
19-2041,"Environmental scientists and specialists, including health",11,Mechanical,1.6
19-2041,"Environmental scientists and specialists, including health",12,Physical strength and stamina,1.7
19-2041,"Environmental scientists and specialists, including health",13,Problem solving and decision making,3.5
19-2041,"Environmental scientists and specialists, including health",14,Project management,2.8
19-2041,"Environmental scientists and specialists, including health",15,Science,3.4
19-2041,"Environmental scientists and specialists, including health",16,Speaking and listening,3.6
19-2041,"Environmental scientists and specialists, including health",17,Writing and reading,4.0
19-2042,"Geoscientists, except hydrologists and geographers",1,Adaptability,3.8
19-2042,"Geoscientists, except hydrologists and geographers",2,Computers and information technology,3.8
19-2042,"Geoscientists, except hydrologists and geographers",3,Creativity and innovation,3.1
19-2042,"Geoscientists, except hydrologists and geographers",4,Critical and analytical thinking,3.9
19-2042,"Geoscientists, except hydrologists and geographers",5,Customer service,2.6
19-2042,"Geoscientists, except hydrologists and geographers",6,Detail oriented,3.4
19-2042,"Geoscientists, except hydrologists and geographers",7,Fine motor,2.0
19-2042,"Geoscientists, except hydrologists and geographers",8,Interpersonal,2.9
19-2042,"Geoscientists, except hydrologists and geographers",9,Leadership,3.3
19-2042,"Geoscientists, except hydrologists and geographers",10,Mathematics,3.6
19-2042,"Geoscientists, except hydrologists and geographers",11,Mechanical,1.8
19-2042,"Geoscientists, except hydrologists and geographers",12,Physical strength and stamina,1.9
19-2042,"Geoscientists, except hydrologists and geographers",13,Problem solving and decision making,3.7
19-2042,"Geoscientists, except hydrologists and geographers",14,Project management,2.7
19-2042,"Geoscientists, except hydrologists and geographers",15,Science,3.6
19-2042,"Geoscientists, except hydrologists and geographers",16,Speaking and listening,3.6
19-2042,"Geoscientists, except hydrologists and geographers",17,Writing and reading,4.0
19-2043,Hydrologists,1,Adaptability,3.6
19-2043,Hydrologists,2,Computers and information technology,3.9
19-2043,Hydrologists,3,Creativity and innovation,3.0
19-2043,Hydrologists,4,Critical and analytical thinking,3.8
19-2043,Hydrologists,5,Customer service,2.5
19-2043,Hydrologists,6,Detail oriented,3.5
19-2043,Hydrologists,7,Fine motor,2.1
19-2043,Hydrologists,8,Interpersonal,2.9
19-2043,Hydrologists,9,Leadership,3.2
19-2043,Hydrologists,10,Mathematics,3.8
19-2043,Hydrologists,11,Mechanical,2.1
19-2043,Hydrologists,12,Physical strength and stamina,2.0
19-2043,Hydrologists,13,Problem solving and decision making,3.5
19-2043,Hydrologists,14,Project management,2.8
19-2043,Hydrologists,15,Science,3.7
19-2043,Hydrologists,16,Speaking and listening,3.4
19-2043,Hydrologists,17,Writing and reading,3.9
19-2099,"Physical scientists, all other",1,Adaptability,3.8
19-2099,"Physical scientists, all other",2,Computers and information technology,3.8
19-2099,"Physical scientists, all other",3,Creativity and innovation,2.8
19-2099,"Physical scientists, all other",4,Critical and analytical thinking,3.8
19-2099,"Physical scientists, all other",5,Customer service,2.7
19-2099,"Physical scientists, all other",6,Detail oriented,3.6
19-2099,"Physical scientists, all other",7,Fine motor,2.0
19-2099,"Physical scientists, all other",8,Interpersonal,3.0
19-2099,"Physical scientists, all other",9,Leadership,3.2
19-2099,"Physical scientists, all other",10,Mathematics,3.6
19-2099,"Physical scientists, all other",11,Mechanical,1.9
19-2099,"Physical scientists, all other",12,Physical strength and stamina,1.7
19-2099,"Physical scientists, all other",13,Problem solving and decision making,3.6
19-2099,"Physical scientists, all other",14,Project management,2.8
19-2099,"Physical scientists, all other",15,Science,3.5
19-2099,"Physical scientists, all other",16,Speaking and listening,3.5
19-2099,"Physical scientists, all other",17,Writing and reading,4.0
19-3011,Economists,1,Adaptability,3.8
19-3011,Economists,2,Computers and information technology,3.8
19-3011,Economists,3,Creativity and innovation,3.0
19-3011,Economists,4,Critical and analytical thinking,4.0
19-3011,Economists,5,Customer service,2.3
19-3011,Economists,6,Detail oriented,3.4
19-3011,Economists,7,Fine motor,1.3
19-3011,Economists,8,Interpersonal,2.7
19-3011,Economists,9,Leadership,3.1
19-3011,Economists,10,Mathematics,4.1
19-3011,Economists,11,Mechanical,1.0
19-3011,Economists,12,Physical strength and stamina,1.1
19-3011,Economists,13,Problem solving and decision making,3.8
19-3011,Economists,14,Project management,2.4
19-3011,Economists,15,Science,1.4
19-3011,Economists,16,Speaking and listening,3.7
19-3011,Economists,17,Writing and reading,4.1
19-3022,Survey researchers,1,Adaptability,3.9
19-3022,Survey researchers,2,Computers and information technology,4.0
19-3022,Survey researchers,3,Creativity and innovation,2.9
19-3022,Survey researchers,4,Critical and analytical thinking,4.0
19-3022,Survey researchers,5,Customer service,2.9
19-3022,Survey researchers,6,Detail oriented,3.8
19-3022,Survey researchers,7,Fine motor,1.6
19-3022,Survey researchers,8,Interpersonal,3.2
19-3022,Survey researchers,9,Leadership,3.5
19-3022,Survey researchers,10,Mathematics,3.9
19-3022,Survey researchers,11,Mechanical,1.1
19-3022,Survey researchers,12,Physical strength and stamina,1.2
19-3022,Survey researchers,13,Problem solving and decision making,3.7
19-3022,Survey researchers,14,Project management,3.0
19-3022,Survey researchers,15,Science,1.6
19-3022,Survey researchers,16,Speaking and listening,3.8
19-3022,Survey researchers,17,Writing and reading,4.3
19-3032,Industrial-organizational psychologists,1,Adaptability,4.1
19-3032,Industrial-organizational psychologists,2,Computers and information technology,3.9
19-3032,Industrial-organizational psychologists,3,Creativity and innovation,3.1
19-3032,Industrial-organizational psychologists,4,Critical and analytical thinking,4.1
19-3032,Industrial-organizational psychologists,5,Customer service,2.9
19-3032,Industrial-organizational psychologists,6,Detail oriented,3.7
19-3032,Industrial-organizational psychologists,7,Fine motor,1.3
19-3032,Industrial-organizational psychologists,8,Interpersonal,3.6
19-3032,Industrial-organizational psychologists,9,Leadership,3.8
19-3032,Industrial-organizational psychologists,10,Mathematics,3.6
19-3032,Industrial-organizational psychologists,11,Mechanical,1.0
19-3032,Industrial-organizational psychologists,12,Physical strength and stamina,1.1
19-3032,Industrial-organizational psychologists,13,Problem solving and decision making,4.2
19-3032,Industrial-organizational psychologists,14,Project management,2.9
19-3032,Industrial-organizational psychologists,15,Science,1.8
19-3032,Industrial-organizational psychologists,16,Speaking and listening,3.9
19-3032,Industrial-organizational psychologists,17,Writing and reading,4.4
19-3033,Clinical and counseling psychologists,1,Adaptability,4.4
19-3033,Clinical and counseling psychologists,2,Computers and information technology,3.3
19-3033,Clinical and counseling psychologists,3,Creativity and innovation,2.8
19-3033,Clinical and counseling psychologists,4,Critical and analytical thinking,3.6
19-3033,Clinical and counseling psychologists,5,Customer service,3.2
19-3033,Clinical and counseling psychologists,6,Detail oriented,3.6
19-3033,Clinical and counseling psychologists,7,Fine motor,1.3
19-3033,Clinical and counseling psychologists,8,Interpersonal,4.4
19-3033,Clinical and counseling psychologists,9,Leadership,3.0
19-3033,Clinical and counseling psychologists,10,Mathematics,2.2
19-3033,Clinical and counseling psychologists,11,Mechanical,1.1
19-3033,Clinical and counseling psychologists,12,Physical strength and stamina,1.2
19-3033,Clinical and counseling psychologists,13,Problem solving and decision making,4.0
19-3033,Clinical and counseling psychologists,14,Project management,2.4
19-3033,Clinical and counseling psychologists,15,Science,1.8
19-3033,Clinical and counseling psychologists,16,Speaking and listening,3.8
19-3033,Clinical and counseling psychologists,17,Writing and reading,4.4
19-3034,School psychologists,1,Adaptability,4.2
19-3034,School psychologists,2,Computers and information technology,3.2
19-3034,School psychologists,3,Creativity and innovation,2.8
19-3034,School psychologists,4,Critical and analytical thinking,3.6
19-3034,School psychologists,5,Customer service,2.9
19-3034,School psychologists,6,Detail oriented,3.4
19-3034,School psychologists,7,Fine motor,1.6
19-3034,School psychologists,8,Interpersonal,4.1
19-3034,School psychologists,9,Leadership,3.0
19-3034,School psychologists,10,Mathematics,3.0
19-3034,School psychologists,11,Mechanical,1.1
19-3034,School psychologists,12,Physical strength and stamina,1.2
19-3034,School psychologists,13,Problem solving and decision making,3.8
19-3034,School psychologists,14,Project management,2.1
19-3034,School psychologists,15,Science,1.6
19-3034,School psychologists,16,Speaking and listening,3.7
19-3034,School psychologists,17,Writing and reading,4.0
19-3039,"Psychologists, all other",1,Adaptability,4.3
19-3039,"Psychologists, all other",2,Computers and information technology,3.3
19-3039,"Psychologists, all other",3,Creativity and innovation,2.8
19-3039,"Psychologists, all other",4,Critical and analytical thinking,3.6
19-3039,"Psychologists, all other",5,Customer service,3.1
19-3039,"Psychologists, all other",6,Detail oriented,3.5
19-3039,"Psychologists, all other",7,Fine motor,1.4
19-3039,"Psychologists, all other",8,Interpersonal,4.3
19-3039,"Psychologists, all other",9,Leadership,3.0
19-3039,"Psychologists, all other",10,Mathematics,2.6
19-3039,"Psychologists, all other",11,Mechanical,1.1
19-3039,"Psychologists, all other",12,Physical strength and stamina,1.2
19-3039,"Psychologists, all other",13,Problem solving and decision making,3.9
19-3039,"Psychologists, all other",14,Project management,2.3
19-3039,"Psychologists, all other",15,Science,1.7
19-3039,"Psychologists, all other",16,Speaking and listening,3.7
19-3039,"Psychologists, all other",17,Writing and reading,4.2
19-3041,Sociologists,1,Adaptability,4.0
19-3041,Sociologists,2,Computers and information technology,3.7
19-3041,Sociologists,3,Creativity and innovation,3.3
19-3041,Sociologists,4,Critical and analytical thinking,3.9
19-3041,Sociologists,5,Customer service,2.7
19-3041,Sociologists,6,Detail oriented,3.2
19-3041,Sociologists,7,Fine motor,1.4
19-3041,Sociologists,8,Interpersonal,3.5
19-3041,Sociologists,9,Leadership,3.3
19-3041,Sociologists,10,Mathematics,2.9
19-3041,Sociologists,11,Mechanical,1.1
19-3041,Sociologists,12,Physical strength and stamina,1.2
19-3041,Sociologists,13,Problem solving and decision making,3.5
19-3041,Sociologists,14,Project management,2.6
19-3041,Sociologists,15,Science,1.7
19-3041,Sociologists,16,Speaking and listening,3.8
19-3041,Sociologists,17,Writing and reading,4.2
19-3051,Urban and regional planners,1,Adaptability,4.1
19-3051,Urban and regional planners,2,Computers and information technology,3.4
19-3051,Urban and regional planners,3,Creativity and innovation,3.1
19-3051,Urban and regional planners,4,Critical and analytical thinking,3.9
19-3051,Urban and regional planners,5,Customer service,3.5
19-3051,Urban and regional planners,6,Detail oriented,3.1
19-3051,Urban and regional planners,7,Fine motor,1.6
19-3051,Urban and regional planners,8,Interpersonal,3.5
19-3051,Urban and regional planners,9,Leadership,3.5
19-3051,Urban and regional planners,10,Mathematics,3.0
19-3051,Urban and regional planners,11,Mechanical,1.1
19-3051,Urban and regional planners,12,Physical strength and stamina,1.2
19-3051,Urban and regional planners,13,Problem solving and decision making,3.8
19-3051,Urban and regional planners,14,Project management,3.2
19-3051,Urban and regional planners,15,Science,1.8
19-3051,Urban and regional planners,16,Speaking and listening,3.9
19-3051,Urban and regional planners,17,Writing and reading,4.0
19-3091,Anthropologists and archeologists,1,Adaptability,4.1
19-3091,Anthropologists and archeologists,2,Computers and information technology,3.6
19-3091,Anthropologists and archeologists,3,Creativity and innovation,3.2
19-3091,Anthropologists and archeologists,4,Critical and analytical thinking,3.7
19-3091,Anthropologists and archeologists,5,Customer service,2.6
19-3091,Anthropologists and archeologists,6,Detail oriented,3.5
19-3091,Anthropologists and archeologists,7,Fine motor,1.9
19-3091,Anthropologists and archeologists,8,Interpersonal,3.4
19-3091,Anthropologists and archeologists,9,Leadership,3.2
19-3091,Anthropologists and archeologists,10,Mathematics,2.8
19-3091,Anthropologists and archeologists,11,Mechanical,1.3
19-3091,Anthropologists and archeologists,12,Physical strength and stamina,1.7
19-3091,Anthropologists and archeologists,13,Problem solving and decision making,3.4
19-3091,Anthropologists and archeologists,14,Project management,2.8
19-3091,Anthropologists and archeologists,15,Science,2.1
19-3091,Anthropologists and archeologists,16,Speaking and listening,4.0
19-3091,Anthropologists and archeologists,17,Writing and reading,4.3
19-3092,Geographers,1,Adaptability,3.7
19-3092,Geographers,2,Computers and information technology,3.8
19-3092,Geographers,3,Creativity and innovation,3.0
19-3092,Geographers,4,Critical and analytical thinking,3.8
19-3092,Geographers,5,Customer service,2.6
19-3092,Geographers,6,Detail oriented,3.2
19-3092,Geographers,7,Fine motor,1.5
19-3092,Geographers,8,Interpersonal,3.0
19-3092,Geographers,9,Leadership,2.9
19-3092,Geographers,10,Mathematics,3.0
19-3092,Geographers,11,Mechanical,1.3
19-3092,Geographers,12,Physical strength and stamina,1.3
19-3092,Geographers,13,Problem solving and decision making,3.4
19-3092,Geographers,14,Project management,2.5
19-3092,Geographers,15,Science,2.5
19-3092,Geographers,16,Speaking and listening,3.6
19-3092,Geographers,17,Writing and reading,4.1
19-3093,Historians,1,Adaptability,3.5
19-3093,Historians,2,Computers and information technology,3.4
19-3093,Historians,3,Creativity and innovation,3.0
19-3093,Historians,4,Critical and analytical thinking,3.4
19-3093,Historians,5,Customer service,3.0
19-3093,Historians,6,Detail oriented,3.4
19-3093,Historians,7,Fine motor,1.7
19-3093,Historians,8,Interpersonal,3.0
19-3093,Historians,9,Leadership,2.7
19-3093,Historians,10,Mathematics,2.1
19-3093,Historians,11,Mechanical,1.2
19-3093,Historians,12,Physical strength and stamina,1.4
19-3093,Historians,13,Problem solving and decision making,3.4
19-3093,Historians,14,Project management,2.5
19-3093,Historians,15,Science,1.8
19-3093,Historians,16,Speaking and listening,3.6
19-3093,Historians,17,Writing and reading,4.4
19-3094,Political scientists,1,Adaptability,3.9
19-3094,Political scientists,2,Computers and information technology,3.5
19-3094,Political scientists,3,Creativity and innovation,3.1
19-3094,Political scientists,4,Critical and analytical thinking,3.8
19-3094,Political scientists,5,Customer service,2.4
19-3094,Political scientists,6,Detail oriented,3.3
19-3094,Political scientists,7,Fine motor,1.2
19-3094,Political scientists,8,Interpersonal,3.0
19-3094,Political scientists,9,Leadership,2.9
19-3094,Political scientists,10,Mathematics,2.9
19-3094,Political scientists,11,Mechanical,1.1
19-3094,Political scientists,12,Physical strength and stamina,1.1
19-3094,Political scientists,13,Problem solving and decision making,3.6
19-3094,Political scientists,14,Project management,2.5
19-3094,Political scientists,15,Science,1.6
19-3094,Political scientists,16,Speaking and listening,4.0
19-3094,Political scientists,17,Writing and reading,4.3
19-3099,"Social scientists and related workers, all other",1,Adaptability,4.2
19-3099,"Social scientists and related workers, all other",2,Computers and information technology,3.4
19-3099,"Social scientists and related workers, all other",3,Creativity and innovation,2.9
19-3099,"Social scientists and related workers, all other",4,Critical and analytical thinking,3.7
19-3099,"Social scientists and related workers, all other",5,Customer service,3.1
19-3099,"Social scientists and related workers, all other",6,Detail oriented,3.5
19-3099,"Social scientists and related workers, all other",7,Fine motor,1.5
19-3099,"Social scientists and related workers, all other",8,Interpersonal,4.0
19-3099,"Social scientists and related workers, all other",9,Leadership,3.1
19-3099,"Social scientists and related workers, all other",10,Mathematics,2.8
19-3099,"Social scientists and related workers, all other",11,Mechanical,1.1
19-3099,"Social scientists and related workers, all other",12,Physical strength and stamina,1.2
19-3099,"Social scientists and related workers, all other",13,Problem solving and decision making,3.8
19-3099,"Social scientists and related workers, all other",14,Project management,2.5
19-3099,"Social scientists and related workers, all other",15,Science,1.7
19-3099,"Social scientists and related workers, all other",16,Speaking and listening,3.8
19-3099,"Social scientists and related workers, all other",17,Writing and reading,4.2
19-4012,Agricultural technicians,1,Adaptability,3.5
19-4012,Agricultural technicians,2,Computers and information technology,3.1
19-4012,Agricultural technicians,3,Creativity and innovation,2.5
19-4012,Agricultural technicians,4,Critical and analytical thinking,2.9
19-4012,Agricultural technicians,5,Customer service,2.4
19-4012,Agricultural technicians,6,Detail oriented,3.5
19-4012,Agricultural technicians,7,Fine motor,3.1
19-4012,Agricultural technicians,8,Interpersonal,3.0
19-4012,Agricultural technicians,9,Leadership,2.8
19-4012,Agricultural technicians,10,Mathematics,3.0
19-4012,Agricultural technicians,11,Mechanical,2.7
19-4012,Agricultural technicians,12,Physical strength and stamina,2.6
19-4012,Agricultural technicians,13,Problem solving and decision making,3.1
19-4012,Agricultural technicians,14,Project management,2.7
19-4012,Agricultural technicians,15,Science,3.1
19-4012,Agricultural technicians,16,Speaking and listening,3.0
19-4012,Agricultural technicians,17,Writing and reading,3.2
19-4013,Food science technicians,1,Adaptability,3.6
19-4013,Food science technicians,2,Computers and information technology,3.5
19-4013,Food science technicians,3,Creativity and innovation,2.3
19-4013,Food science technicians,4,Critical and analytical thinking,3.1
19-4013,Food science technicians,5,Customer service,2.2
19-4013,Food science technicians,6,Detail oriented,3.8
19-4013,Food science technicians,7,Fine motor,2.9
19-4013,Food science technicians,8,Interpersonal,2.9
19-4013,Food science technicians,9,Leadership,3.5
19-4013,Food science technicians,10,Mathematics,2.9
19-4013,Food science technicians,11,Mechanical,2.0
19-4013,Food science technicians,12,Physical strength and stamina,2.0
19-4013,Food science technicians,13,Problem solving and decision making,3.5
19-4013,Food science technicians,14,Project management,2.5
19-4013,Food science technicians,15,Science,2.9
19-4013,Food science technicians,16,Speaking and listening,3.1
19-4013,Food science technicians,17,Writing and reading,3.5
19-4021,Biological technicians,1,Adaptability,3.9
19-4021,Biological technicians,2,Computers and information technology,3.7
19-4021,Biological technicians,3,Creativity and innovation,2.7
19-4021,Biological technicians,4,Critical and analytical thinking,3.5
19-4021,Biological technicians,5,Customer service,1.8
19-4021,Biological technicians,6,Detail oriented,3.8
19-4021,Biological technicians,7,Fine motor,2.8
19-4021,Biological technicians,8,Interpersonal,2.8
19-4021,Biological technicians,9,Leadership,2.5
19-4021,Biological technicians,10,Mathematics,3.1
19-4021,Biological technicians,11,Mechanical,2.1
19-4021,Biological technicians,12,Physical strength and stamina,2.1
19-4021,Biological technicians,13,Problem solving and decision making,3.2
19-4021,Biological technicians,14,Project management,2.7
19-4021,Biological technicians,15,Science,3.3
19-4021,Biological technicians,16,Speaking and listening,3.2
19-4021,Biological technicians,17,Writing and reading,3.6
19-4031,Chemical technicians,1,Adaptability,3.5
19-4031,Chemical technicians,2,Computers and information technology,3.6
19-4031,Chemical technicians,3,Creativity and innovation,2.6
19-4031,Chemical technicians,4,Critical and analytical thinking,3.6
19-4031,Chemical technicians,5,Customer service,2.2
19-4031,Chemical technicians,6,Detail oriented,4.1
19-4031,Chemical technicians,7,Fine motor,3.1
19-4031,Chemical technicians,8,Interpersonal,2.8
19-4031,Chemical technicians,9,Leadership,2.8
19-4031,Chemical technicians,10,Mathematics,3.1
19-4031,Chemical technicians,11,Mechanical,2.6
19-4031,Chemical technicians,12,Physical strength and stamina,2.3
19-4031,Chemical technicians,13,Problem solving and decision making,3.5
19-4031,Chemical technicians,14,Project management,2.8
19-4031,Chemical technicians,15,Science,2.9
19-4031,Chemical technicians,16,Speaking and listening,3.1
19-4031,Chemical technicians,17,Writing and reading,3.8
19-4042,"Environmental science and protection technicians, including health",1,Adaptability,3.7
19-4042,"Environmental science and protection technicians, including health",2,Computers and information technology,3.7
19-4042,"Environmental science and protection technicians, including health",3,Creativity and innovation,2.4
19-4042,"Environmental science and protection technicians, including health",4,Critical and analytical thinking,3.5
19-4042,"Environmental science and protection technicians, including health",5,Customer service,3.1
19-4042,"Environmental science and protection technicians, including health",6,Detail oriented,3.6
19-4042,"Environmental science and protection technicians, including health",7,Fine motor,2.6
19-4042,"Environmental science and protection technicians, including health",8,Interpersonal,3.0
19-4042,"Environmental science and protection technicians, including health",9,Leadership,3.0
19-4042,"Environmental science and protection technicians, including health",10,Mathematics,3.2
19-4042,"Environmental science and protection technicians, including health",11,Mechanical,2.2
19-4042,"Environmental science and protection technicians, including health",12,Physical strength and stamina,2.2
19-4042,"Environmental science and protection technicians, including health",13,Problem solving and decision making,3.4
19-4042,"Environmental science and protection technicians, including health",14,Project management,2.8
19-4042,"Environmental science and protection technicians, including health",15,Science,3.2
19-4042,"Environmental science and protection technicians, including health",16,Speaking and listening,3.5
19-4042,"Environmental science and protection technicians, including health",17,Writing and reading,3.8
19-4043,"Geological technicians, except hydrologic technicians",1,Adaptability,3.4
19-4043,"Geological technicians, except hydrologic technicians",2,Computers and information technology,3.7
19-4043,"Geological technicians, except hydrologic technicians",3,Creativity and innovation,2.5
19-4043,"Geological technicians, except hydrologic technicians",4,Critical and analytical thinking,3.1
19-4043,"Geological technicians, except hydrologic technicians",5,Customer service,2.3
19-4043,"Geological technicians, except hydrologic technicians",6,Detail oriented,3.7
19-4043,"Geological technicians, except hydrologic technicians",7,Fine motor,2.7
19-4043,"Geological technicians, except hydrologic technicians",8,Interpersonal,2.7
19-4043,"Geological technicians, except hydrologic technicians",9,Leadership,2.6
19-4043,"Geological technicians, except hydrologic technicians",10,Mathematics,3.0
19-4043,"Geological technicians, except hydrologic technicians",11,Mechanical,2.4
19-4043,"Geological technicians, except hydrologic technicians",12,Physical strength and stamina,2.1
19-4043,"Geological technicians, except hydrologic technicians",13,Problem solving and decision making,3.3
19-4043,"Geological technicians, except hydrologic technicians",14,Project management,2.6
19-4043,"Geological technicians, except hydrologic technicians",15,Science,2.7
19-4043,"Geological technicians, except hydrologic technicians",16,Speaking and listening,2.9
19-4043,"Geological technicians, except hydrologic technicians",17,Writing and reading,3.5
19-4044,Hydrologic technicians,1,Adaptability,3.6
19-4044,Hydrologic technicians,2,Computers and information technology,3.9
19-4044,Hydrologic technicians,3,Creativity and innovation,3.0
19-4044,Hydrologic technicians,4,Critical and analytical thinking,3.8
19-4044,Hydrologic technicians,5,Customer service,2.5
19-4044,Hydrologic technicians,6,Detail oriented,3.5
19-4044,Hydrologic technicians,7,Fine motor,2.1
19-4044,Hydrologic technicians,8,Interpersonal,2.9
19-4044,Hydrologic technicians,9,Leadership,3.2
19-4044,Hydrologic technicians,10,Mathematics,3.8
19-4044,Hydrologic technicians,11,Mechanical,2.1
19-4044,Hydrologic technicians,12,Physical strength and stamina,2.0
19-4044,Hydrologic technicians,13,Problem solving and decision making,3.5
19-4044,Hydrologic technicians,14,Project management,2.8
19-4044,Hydrologic technicians,15,Science,3.7
19-4044,Hydrologic technicians,16,Speaking and listening,3.4
19-4044,Hydrologic technicians,17,Writing and reading,3.9
19-4051,Nuclear technicians,1,Adaptability,4.0
19-4051,Nuclear technicians,2,Computers and information technology,3.6
19-4051,Nuclear technicians,3,Creativity and innovation,2.2
19-4051,Nuclear technicians,4,Critical and analytical thinking,3.3
19-4051,Nuclear technicians,5,Customer service,2.1
19-4051,Nuclear technicians,6,Detail oriented,4.3
19-4051,Nuclear technicians,7,Fine motor,3.2
19-4051,Nuclear technicians,8,Interpersonal,2.9
19-4051,Nuclear technicians,9,Leadership,3.0
19-4051,Nuclear technicians,10,Mathematics,2.9
19-4051,Nuclear technicians,11,Mechanical,3.0
19-4051,Nuclear technicians,12,Physical strength and stamina,2.4
19-4051,Nuclear technicians,13,Problem solving and decision making,3.6
19-4051,Nuclear technicians,14,Project management,2.3
19-4051,Nuclear technicians,15,Science,3.1
19-4051,Nuclear technicians,16,Speaking and listening,3.3
19-4051,Nuclear technicians,17,Writing and reading,3.4
19-4061,Social science research assistants,1,Adaptability,3.8
19-4061,Social science research assistants,2,Computers and information technology,3.9
19-4061,Social science research assistants,3,Creativity and innovation,2.6
19-4061,Social science research assistants,4,Critical and analytical thinking,3.4
19-4061,Social science research assistants,5,Customer service,2.4
19-4061,Social science research assistants,6,Detail oriented,3.4
19-4061,Social science research assistants,7,Fine motor,1.7
19-4061,Social science research assistants,8,Interpersonal,2.9
19-4061,Social science research assistants,9,Leadership,2.7
19-4061,Social science research assistants,10,Mathematics,3.1
19-4061,Social science research assistants,11,Mechanical,1.3
19-4061,Social science research assistants,12,Physical strength and stamina,1.2
19-4061,Social science research assistants,13,Problem solving and decision making,3.1
19-4061,Social science research assistants,14,Project management,2.5
19-4061,Social science research assistants,15,Science,2.1
19-4061,Social science research assistants,16,Speaking and listening,3.2
19-4061,Social science research assistants,17,Writing and reading,3.9
19-4071,Forest and conservation technicians,1,Adaptability,3.8
19-4071,Forest and conservation technicians,2,Computers and information technology,3.4
19-4071,Forest and conservation technicians,3,Creativity and innovation,2.7
19-4071,Forest and conservation technicians,4,Critical and analytical thinking,3.3
19-4071,Forest and conservation technicians,5,Customer service,3.2
19-4071,Forest and conservation technicians,6,Detail oriented,3.7
19-4071,Forest and conservation technicians,7,Fine motor,2.9
19-4071,Forest and conservation technicians,8,Interpersonal,3.5
19-4071,Forest and conservation technicians,9,Leadership,3.5
19-4071,Forest and conservation technicians,10,Mathematics,2.9
19-4071,Forest and conservation technicians,11,Mechanical,2.6
19-4071,Forest and conservation technicians,12,Physical strength and stamina,3.0
19-4071,Forest and conservation technicians,13,Problem solving and decision making,3.7
19-4071,Forest and conservation technicians,14,Project management,3.0
19-4071,Forest and conservation technicians,15,Science,2.7
19-4071,Forest and conservation technicians,16,Speaking and listening,3.3
19-4071,Forest and conservation technicians,17,Writing and reading,3.3
19-4092,Forensic science technicians,1,Adaptability,3.7
19-4092,Forensic science technicians,2,Computers and information technology,3.6
19-4092,Forensic science technicians,3,Creativity and innovation,2.3
19-4092,Forensic science technicians,4,Critical and analytical thinking,3.4
19-4092,Forensic science technicians,5,Customer service,3.2
19-4092,Forensic science technicians,6,Detail oriented,4.1
19-4092,Forensic science technicians,7,Fine motor,2.7
19-4092,Forensic science technicians,8,Interpersonal,3.0
19-4092,Forensic science technicians,9,Leadership,2.9
19-4092,Forensic science technicians,10,Mathematics,2.7
19-4092,Forensic science technicians,11,Mechanical,2.0
19-4092,Forensic science technicians,12,Physical strength and stamina,2.4
19-4092,Forensic science technicians,13,Problem solving and decision making,3.8
19-4092,Forensic science technicians,14,Project management,2.2
19-4092,Forensic science technicians,15,Science,3.0
19-4092,Forensic science technicians,16,Speaking and listening,3.6
19-4092,Forensic science technicians,17,Writing and reading,4.0
19-4099,"Life, physical, and social science technicians, all other",1,Adaptability,3.7
19-4099,"Life, physical, and social science technicians, all other",2,Computers and information technology,3.6
19-4099,"Life, physical, and social science technicians, all other",3,Creativity and innovation,2.6
19-4099,"Life, physical, and social science technicians, all other",4,Critical and analytical thinking,3.4
19-4099,"Life, physical, and social science technicians, all other",5,Customer service,2.4
19-4099,"Life, physical, and social science technicians, all other",6,Detail oriented,3.8
19-4099,"Life, physical, and social science technicians, all other",7,Fine motor,2.7
19-4099,"Life, physical, and social science technicians, all other",8,Interpersonal,2.9
19-4099,"Life, physical, and social science technicians, all other",9,Leadership,2.9
19-4099,"Life, physical, and social science technicians, all other",10,Mathematics,3.0
19-4099,"Life, physical, and social science technicians, all other",11,Mechanical,2.2
19-4099,"Life, physical, and social science technicians, all other",12,Physical strength and stamina,2.2
19-4099,"Life, physical, and social science technicians, all other",13,Problem solving and decision making,3.4
19-4099,"Life, physical, and social science technicians, all other",14,Project management,2.7
19-4099,"Life, physical, and social science technicians, all other",15,Science,2.9
19-4099,"Life, physical, and social science technicians, all other",16,Speaking and listening,3.2
19-4099,"Life, physical, and social science technicians, all other",17,Writing and reading,3.7
19-5011,Occupational health and safety specialists,1,Adaptability,4.0
19-5011,Occupational health and safety specialists,2,Computers and information technology,3.7
19-5011,Occupational health and safety specialists,3,Creativity and innovation,2.7
19-5011,Occupational health and safety specialists,4,Critical and analytical thinking,3.9
19-5011,Occupational health and safety specialists,5,Customer service,3.1
19-5011,Occupational health and safety specialists,6,Detail oriented,3.7
19-5011,Occupational health and safety specialists,7,Fine motor,2.1
19-5011,Occupational health and safety specialists,8,Interpersonal,3.6
19-5011,Occupational health and safety specialists,9,Leadership,3.5
19-5011,Occupational health and safety specialists,10,Mathematics,3.2
19-5011,Occupational health and safety specialists,11,Mechanical,2.1
19-5011,Occupational health and safety specialists,12,Physical strength and stamina,2.0
19-5011,Occupational health and safety specialists,13,Problem solving and decision making,3.9
19-5011,Occupational health and safety specialists,14,Project management,2.9
19-5011,Occupational health and safety specialists,15,Science,3.3
19-5011,Occupational health and safety specialists,16,Speaking and listening,3.7
19-5011,Occupational health and safety specialists,17,Writing and reading,4.0
19-5012,Occupational health and safety technicians,1,Adaptability,3.9
19-5012,Occupational health and safety technicians,2,Computers and information technology,3.7
19-5012,Occupational health and safety technicians,3,Creativity and innovation,2.7
19-5012,Occupational health and safety technicians,4,Critical and analytical thinking,3.5
19-5012,Occupational health and safety technicians,5,Customer service,3.1
19-5012,Occupational health and safety technicians,6,Detail oriented,3.8
19-5012,Occupational health and safety technicians,7,Fine motor,2.3
19-5012,Occupational health and safety technicians,8,Interpersonal,3.5
19-5012,Occupational health and safety technicians,9,Leadership,3.5
19-5012,Occupational health and safety technicians,10,Mathematics,3.0
19-5012,Occupational health and safety technicians,11,Mechanical,2.0
19-5012,Occupational health and safety technicians,12,Physical strength and stamina,2.2
19-5012,Occupational health and safety technicians,13,Problem solving and decision making,3.7
19-5012,Occupational health and safety technicians,14,Project management,2.9
19-5012,Occupational health and safety technicians,15,Science,3.0
19-5012,Occupational health and safety technicians,16,Speaking and listening,3.5
19-5012,Occupational health and safety technicians,17,Writing and reading,3.8
21-1012,"Educational, guidance, and career counselors and advisors",1,Adaptability,4.1
21-1012,"Educational, guidance, and career counselors and advisors",2,Computers and information technology,3.5
21-1012,"Educational, guidance, and career counselors and advisors",3,Creativity and innovation,2.9
21-1012,"Educational, guidance, and career counselors and advisors",4,Critical and analytical thinking,3.3
21-1012,"Educational, guidance, and career counselors and advisors",5,Customer service,3.8
21-1012,"Educational, guidance, and career counselors and advisors",6,Detail oriented,3.5
21-1012,"Educational, guidance, and career counselors and advisors",7,Fine motor,1.4
21-1012,"Educational, guidance, and career counselors and advisors",8,Interpersonal,4.3
21-1012,"Educational, guidance, and career counselors and advisors",9,Leadership,3.2
21-1012,"Educational, guidance, and career counselors and advisors",10,Mathematics,2.3
21-1012,"Educational, guidance, and career counselors and advisors",11,Mechanical,1.1
21-1012,"Educational, guidance, and career counselors and advisors",12,Physical strength and stamina,1.3
21-1012,"Educational, guidance, and career counselors and advisors",13,Problem solving and decision making,3.9
21-1012,"Educational, guidance, and career counselors and advisors",14,Project management,2.6
21-1012,"Educational, guidance, and career counselors and advisors",15,Science,1.3
21-1012,"Educational, guidance, and career counselors and advisors",16,Speaking and listening,3.7
21-1012,"Educational, guidance, and career counselors and advisors",17,Writing and reading,3.9
21-1013,Marriage and family therapists,1,Adaptability,4.3
21-1013,Marriage and family therapists,2,Computers and information technology,3.6
21-1013,Marriage and family therapists,3,Creativity and innovation,3.1
21-1013,Marriage and family therapists,4,Critical and analytical thinking,3.6
21-1013,Marriage and family therapists,5,Customer service,3.5
21-1013,Marriage and family therapists,6,Detail oriented,3.2
21-1013,Marriage and family therapists,7,Fine motor,1.3
21-1013,Marriage and family therapists,8,Interpersonal,4.5
21-1013,Marriage and family therapists,9,Leadership,2.8
21-1013,Marriage and family therapists,10,Mathematics,1.9
21-1013,Marriage and family therapists,11,Mechanical,1.1
21-1013,Marriage and family therapists,12,Physical strength and stamina,1.3
21-1013,Marriage and family therapists,13,Problem solving and decision making,4.1
21-1013,Marriage and family therapists,14,Project management,2.2
21-1013,Marriage and family therapists,15,Science,1.6
21-1013,Marriage and family therapists,16,Speaking and listening,3.7
21-1013,Marriage and family therapists,17,Writing and reading,3.9
21-1015,Rehabilitation counselors,1,Adaptability,3.9
21-1015,Rehabilitation counselors,2,Computers and information technology,3.7
21-1015,Rehabilitation counselors,3,Creativity and innovation,2.9
21-1015,Rehabilitation counselors,4,Critical and analytical thinking,3.5
21-1015,Rehabilitation counselors,5,Customer service,3.6
21-1015,Rehabilitation counselors,6,Detail oriented,3.3
21-1015,Rehabilitation counselors,7,Fine motor,1.6
21-1015,Rehabilitation counselors,8,Interpersonal,4.1
21-1015,Rehabilitation counselors,9,Leadership,3.5
21-1015,Rehabilitation counselors,10,Mathematics,2.2
21-1015,Rehabilitation counselors,11,Mechanical,1.3
21-1015,Rehabilitation counselors,12,Physical strength and stamina,1.6
21-1015,Rehabilitation counselors,13,Problem solving and decision making,3.8
21-1015,Rehabilitation counselors,14,Project management,2.7
21-1015,Rehabilitation counselors,15,Science,1.5
21-1015,Rehabilitation counselors,16,Speaking and listening,3.6
21-1015,Rehabilitation counselors,17,Writing and reading,3.8
21-1018,"Substance abuse, behavioral disorder, and mental health counselors",1,Adaptability,4.3
21-1018,"Substance abuse, behavioral disorder, and mental health counselors",2,Computers and information technology,3.6
21-1018,"Substance abuse, behavioral disorder, and mental health counselors",3,Creativity and innovation,3.1
21-1018,"Substance abuse, behavioral disorder, and mental health counselors",4,Critical and analytical thinking,3.6
21-1018,"Substance abuse, behavioral disorder, and mental health counselors",5,Customer service,3.7
21-1018,"Substance abuse, behavioral disorder, and mental health counselors",6,Detail oriented,3.6
21-1018,"Substance abuse, behavioral disorder, and mental health counselors",7,Fine motor,1.5
21-1018,"Substance abuse, behavioral disorder, and mental health counselors",8,Interpersonal,4.5
21-1018,"Substance abuse, behavioral disorder, and mental health counselors",9,Leadership,3.2
21-1018,"Substance abuse, behavioral disorder, and mental health counselors",10,Mathematics,2.1
21-1018,"Substance abuse, behavioral disorder, and mental health counselors",11,Mechanical,1.3
21-1018,"Substance abuse, behavioral disorder, and mental health counselors",12,Physical strength and stamina,1.6
21-1018,"Substance abuse, behavioral disorder, and mental health counselors",13,Problem solving and decision making,3.8
21-1018,"Substance abuse, behavioral disorder, and mental health counselors",14,Project management,2.7
21-1018,"Substance abuse, behavioral disorder, and mental health counselors",15,Science,1.7
21-1018,"Substance abuse, behavioral disorder, and mental health counselors",16,Speaking and listening,4.0
21-1018,"Substance abuse, behavioral disorder, and mental health counselors",17,Writing and reading,4.0
21-1019,"Counselors, all other",1,Adaptability,4.2
21-1019,"Counselors, all other",2,Computers and information technology,3.6
21-1019,"Counselors, all other",3,Creativity and innovation,3.0
21-1019,"Counselors, all other",4,Critical and analytical thinking,3.5
21-1019,"Counselors, all other",5,Customer service,3.7
21-1019,"Counselors, all other",6,Detail oriented,3.5
21-1019,"Counselors, all other",7,Fine motor,1.4
21-1019,"Counselors, all other",8,Interpersonal,4.4
21-1019,"Counselors, all other",9,Leadership,3.2
21-1019,"Counselors, all other",10,Mathematics,2.2
21-1019,"Counselors, all other",11,Mechanical,1.2
21-1019,"Counselors, all other",12,Physical strength and stamina,1.5
21-1019,"Counselors, all other",13,Problem solving and decision making,3.8
21-1019,"Counselors, all other",14,Project management,2.7
21-1019,"Counselors, all other",15,Science,1.6
21-1019,"Counselors, all other",16,Speaking and listening,3.8
21-1019,"Counselors, all other",17,Writing and reading,3.9
21-1021,"Child, family, and school social workers",1,Adaptability,4.0
21-1021,"Child, family, and school social workers",2,Computers and information technology,3.6
21-1021,"Child, family, and school social workers",3,Creativity and innovation,3.0
21-1021,"Child, family, and school social workers",4,Critical and analytical thinking,3.4
21-1021,"Child, family, and school social workers",5,Customer service,4.3
21-1021,"Child, family, and school social workers",6,Detail oriented,3.7
21-1021,"Child, family, and school social workers",7,Fine motor,1.8
21-1021,"Child, family, and school social workers",8,Interpersonal,4.3
21-1021,"Child, family, and school social workers",9,Leadership,3.4
21-1021,"Child, family, and school social workers",10,Mathematics,2.1
21-1021,"Child, family, and school social workers",11,Mechanical,1.4
21-1021,"Child, family, and school social workers",12,Physical strength and stamina,1.8
21-1021,"Child, family, and school social workers",13,Problem solving and decision making,4.0
21-1021,"Child, family, and school social workers",14,Project management,2.6
21-1021,"Child, family, and school social workers",15,Science,1.7
21-1021,"Child, family, and school social workers",16,Speaking and listening,3.9
21-1021,"Child, family, and school social workers",17,Writing and reading,4.0
21-1022,Healthcare social workers,1,Adaptability,4.3
21-1022,Healthcare social workers,2,Computers and information technology,3.5
21-1022,Healthcare social workers,3,Creativity and innovation,2.8
21-1022,Healthcare social workers,4,Critical and analytical thinking,3.5
21-1022,Healthcare social workers,5,Customer service,3.7
21-1022,Healthcare social workers,6,Detail oriented,3.2
21-1022,Healthcare social workers,7,Fine motor,1.6
21-1022,Healthcare social workers,8,Interpersonal,4.5
21-1022,Healthcare social workers,9,Leadership,3.3
21-1022,Healthcare social workers,10,Mathematics,2.0
21-1022,Healthcare social workers,11,Mechanical,1.3
21-1022,Healthcare social workers,12,Physical strength and stamina,1.8
21-1022,Healthcare social workers,13,Problem solving and decision making,3.8
21-1022,Healthcare social workers,14,Project management,2.7
21-1022,Healthcare social workers,15,Science,1.9
21-1022,Healthcare social workers,16,Speaking and listening,3.7
21-1022,Healthcare social workers,17,Writing and reading,3.9
21-1023,Mental health and substance abuse social workers,1,Adaptability,4.2
21-1023,Mental health and substance abuse social workers,2,Computers and information technology,3.6
21-1023,Mental health and substance abuse social workers,3,Creativity and innovation,3.1
21-1023,Mental health and substance abuse social workers,4,Critical and analytical thinking,3.6
21-1023,Mental health and substance abuse social workers,5,Customer service,3.5
21-1023,Mental health and substance abuse social workers,6,Detail oriented,3.5
21-1023,Mental health and substance abuse social workers,7,Fine motor,1.4
21-1023,Mental health and substance abuse social workers,8,Interpersonal,4.4
21-1023,Mental health and substance abuse social workers,9,Leadership,3.3
21-1023,Mental health and substance abuse social workers,10,Mathematics,2.1
21-1023,Mental health and substance abuse social workers,11,Mechanical,1.3
21-1023,Mental health and substance abuse social workers,12,Physical strength and stamina,1.6
21-1023,Mental health and substance abuse social workers,13,Problem solving and decision making,3.7
21-1023,Mental health and substance abuse social workers,14,Project management,2.9
21-1023,Mental health and substance abuse social workers,15,Science,1.7
21-1023,Mental health and substance abuse social workers,16,Speaking and listening,3.8
21-1023,Mental health and substance abuse social workers,17,Writing and reading,4.0
21-1029,"Social workers, all other",1,Adaptability,4.1
21-1029,"Social workers, all other",2,Computers and information technology,3.6
21-1029,"Social workers, all other",3,Creativity and innovation,3.0
21-1029,"Social workers, all other",4,Critical and analytical thinking,3.5
21-1029,"Social workers, all other",5,Customer service,4.0
21-1029,"Social workers, all other",6,Detail oriented,3.5
21-1029,"Social workers, all other",7,Fine motor,1.7
21-1029,"Social workers, all other",8,Interpersonal,4.4
21-1029,"Social workers, all other",9,Leadership,3.4
21-1029,"Social workers, all other",10,Mathematics,2.0
21-1029,"Social workers, all other",11,Mechanical,1.3
21-1029,"Social workers, all other",12,Physical strength and stamina,1.8
21-1029,"Social workers, all other",13,Problem solving and decision making,3.9
21-1029,"Social workers, all other",14,Project management,2.7
21-1029,"Social workers, all other",15,Science,1.8
21-1029,"Social workers, all other",16,Speaking and listening,3.8
21-1029,"Social workers, all other",17,Writing and reading,4.0
21-1091,Health education specialists,1,Adaptability,4.2
21-1091,Health education specialists,2,Computers and information technology,3.6
21-1091,Health education specialists,3,Creativity and innovation,3.2
21-1091,Health education specialists,4,Critical and analytical thinking,3.6
21-1091,Health education specialists,5,Customer service,3.8
21-1091,Health education specialists,6,Detail oriented,3.4
21-1091,Health education specialists,7,Fine motor,1.8
21-1091,Health education specialists,8,Interpersonal,4.0
21-1091,Health education specialists,9,Leadership,3.6
21-1091,Health education specialists,10,Mathematics,2.5
21-1091,Health education specialists,11,Mechanical,1.5
21-1091,Health education specialists,12,Physical strength and stamina,1.7
21-1091,Health education specialists,13,Problem solving and decision making,3.7
21-1091,Health education specialists,14,Project management,3.4
21-1091,Health education specialists,15,Science,2.3
21-1091,Health education specialists,16,Speaking and listening,3.9
21-1091,Health education specialists,17,Writing and reading,4.1
21-1092,Probation officers and correctional treatment specialists,1,Adaptability,4.1
21-1092,Probation officers and correctional treatment specialists,2,Computers and information technology,3.6
21-1092,Probation officers and correctional treatment specialists,3,Creativity and innovation,2.6
21-1092,Probation officers and correctional treatment specialists,4,Critical and analytical thinking,3.3
21-1092,Probation officers and correctional treatment specialists,5,Customer service,3.9
21-1092,Probation officers and correctional treatment specialists,6,Detail oriented,3.8
21-1092,Probation officers and correctional treatment specialists,7,Fine motor,2.1
21-1092,Probation officers and correctional treatment specialists,8,Interpersonal,3.8
21-1092,Probation officers and correctional treatment specialists,9,Leadership,3.1
21-1092,Probation officers and correctional treatment specialists,10,Mathematics,2.0
21-1092,Probation officers and correctional treatment specialists,11,Mechanical,1.6
21-1092,Probation officers and correctional treatment specialists,12,Physical strength and stamina,2.0
21-1092,Probation officers and correctional treatment specialists,13,Problem solving and decision making,3.8
21-1092,Probation officers and correctional treatment specialists,14,Project management,2.8
21-1092,Probation officers and correctional treatment specialists,15,Science,1.4
21-1092,Probation officers and correctional treatment specialists,16,Speaking and listening,3.6
21-1092,Probation officers and correctional treatment specialists,17,Writing and reading,3.8
21-1093,Social and human service assistants,1,Adaptability,4.0
21-1093,Social and human service assistants,2,Computers and information technology,3.6
21-1093,Social and human service assistants,3,Creativity and innovation,2.9
21-1093,Social and human service assistants,4,Critical and analytical thinking,3.2
21-1093,Social and human service assistants,5,Customer service,3.8
21-1093,Social and human service assistants,6,Detail oriented,3.5
21-1093,Social and human service assistants,7,Fine motor,1.7
21-1093,Social and human service assistants,8,Interpersonal,4.1
21-1093,Social and human service assistants,9,Leadership,3.2
21-1093,Social and human service assistants,10,Mathematics,2.0
21-1093,Social and human service assistants,11,Mechanical,1.3
21-1093,Social and human service assistants,12,Physical strength and stamina,2.0
21-1093,Social and human service assistants,13,Problem solving and decision making,3.5
21-1093,Social and human service assistants,14,Project management,2.7
21-1093,Social and human service assistants,15,Science,1.4
21-1093,Social and human service assistants,16,Speaking and listening,3.6
21-1093,Social and human service assistants,17,Writing and reading,3.7
21-1094,Community health workers,1,Adaptability,4.2
21-1094,Community health workers,2,Computers and information technology,3.6
21-1094,Community health workers,3,Creativity and innovation,3.2
21-1094,Community health workers,4,Critical and analytical thinking,3.3
21-1094,Community health workers,5,Customer service,3.8
21-1094,Community health workers,6,Detail oriented,3.4
21-1094,Community health workers,7,Fine motor,2.6
21-1094,Community health workers,8,Interpersonal,4.3
21-1094,Community health workers,9,Leadership,3.6
21-1094,Community health workers,10,Mathematics,2.3
21-1094,Community health workers,11,Mechanical,1.6
21-1094,Community health workers,12,Physical strength and stamina,2.2
21-1094,Community health workers,13,Problem solving and decision making,3.6
21-1094,Community health workers,14,Project management,3.2
21-1094,Community health workers,15,Science,1.7
21-1094,Community health workers,16,Speaking and listening,3.8
21-1094,Community health workers,17,Writing and reading,4.0
21-1099,"Community and social service specialists, all other",1,Adaptability,4.1
21-1099,"Community and social service specialists, all other",2,Computers and information technology,3.6
21-1099,"Community and social service specialists, all other",3,Creativity and innovation,3.0
21-1099,"Community and social service specialists, all other",4,Critical and analytical thinking,3.4
21-1099,"Community and social service specialists, all other",5,Customer service,3.8
21-1099,"Community and social service specialists, all other",6,Detail oriented,3.5
21-1099,"Community and social service specialists, all other",7,Fine motor,1.6
21-1099,"Community and social service specialists, all other",8,Interpersonal,4.3
21-1099,"Community and social service specialists, all other",9,Leadership,3.3
21-1099,"Community and social service specialists, all other",10,Mathematics,2.1
21-1099,"Community and social service specialists, all other",11,Mechanical,1.3
21-1099,"Community and social service specialists, all other",12,Physical strength and stamina,1.7
21-1099,"Community and social service specialists, all other",13,Problem solving and decision making,3.8
21-1099,"Community and social service specialists, all other",14,Project management,2.7
21-1099,"Community and social service specialists, all other",15,Science,1.6
21-1099,"Community and social service specialists, all other",16,Speaking and listening,3.8
21-1099,"Community and social service specialists, all other",17,Writing and reading,3.9
21-2011,Clergy,1,Adaptability,4.1
21-2011,Clergy,2,Computers and information technology,3.1
21-2011,Clergy,3,Creativity and innovation,3.6
21-2011,Clergy,4,Critical and analytical thinking,3.3
21-2011,Clergy,5,Customer service,3.4
21-2011,Clergy,6,Detail oriented,3.5
21-2011,Clergy,7,Fine motor,1.4
21-2011,Clergy,8,Interpersonal,4.3
21-2011,Clergy,9,Leadership,3.8
21-2011,Clergy,10,Mathematics,2.0
21-2011,Clergy,11,Mechanical,1.3
21-2011,Clergy,12,Physical strength and stamina,1.3
21-2011,Clergy,13,Problem solving and decision making,3.8
21-2011,Clergy,14,Project management,3.0
21-2011,Clergy,15,Science,1.3
21-2011,Clergy,16,Speaking and listening,4.3
21-2011,Clergy,17,Writing and reading,3.8
21-2021,"Directors, religious activities and education",1,Adaptability,4.3
21-2021,"Directors, religious activities and education",2,Computers and information technology,3.2
21-2021,"Directors, religious activities and education",3,Creativity and innovation,3.3
21-2021,"Directors, religious activities and education",4,Critical and analytical thinking,3.4
21-2021,"Directors, religious activities and education",5,Customer service,3.1
21-2021,"Directors, religious activities and education",6,Detail oriented,2.7
21-2021,"Directors, religious activities and education",7,Fine motor,1.3
21-2021,"Directors, religious activities and education",8,Interpersonal,4.3
21-2021,"Directors, religious activities and education",9,Leadership,3.6
21-2021,"Directors, religious activities and education",10,Mathematics,2.5
21-2021,"Directors, religious activities and education",11,Mechanical,1.4
21-2021,"Directors, religious activities and education",12,Physical strength and stamina,1.5
21-2021,"Directors, religious activities and education",13,Problem solving and decision making,3.6
21-2021,"Directors, religious activities and education",14,Project management,3.4
21-2021,"Directors, religious activities and education",15,Science,1.3
21-2021,"Directors, religious activities and education",16,Speaking and listening,3.8
21-2021,"Directors, religious activities and education",17,Writing and reading,3.7
21-2099,"Religious workers, all other",1,Adaptability,4.1
21-2099,"Religious workers, all other",2,Computers and information technology,3.1
21-2099,"Religious workers, all other",3,Creativity and innovation,3.5
21-2099,"Religious workers, all other",4,Critical and analytical thinking,3.3
21-2099,"Religious workers, all other",5,Customer service,3.3
21-2099,"Religious workers, all other",6,Detail oriented,3.2
21-2099,"Religious workers, all other",7,Fine motor,1.4
21-2099,"Religious workers, all other",8,Interpersonal,4.3
21-2099,"Religious workers, all other",9,Leadership,3.7
21-2099,"Religious workers, all other",10,Mathematics,2.2
21-2099,"Religious workers, all other",11,Mechanical,1.4
21-2099,"Religious workers, all other",12,Physical strength and stamina,1.4
21-2099,"Religious workers, all other",13,Problem solving and decision making,3.8
21-2099,"Religious workers, all other",14,Project management,3.2
21-2099,"Religious workers, all other",15,Science,1.3
21-2099,"Religious workers, all other",16,Speaking and listening,4.1
21-2099,"Religious workers, all other",17,Writing and reading,3.7
23-1011,Lawyers,1,Adaptability,4.1
23-1011,Lawyers,2,Computers and information technology,3.5
23-1011,Lawyers,3,Creativity and innovation,3.0
23-1011,Lawyers,4,Critical and analytical thinking,3.8
23-1011,Lawyers,5,Customer service,3.5
23-1011,Lawyers,6,Detail oriented,4.1
23-1011,Lawyers,7,Fine motor,1.4
23-1011,Lawyers,8,Interpersonal,3.6
23-1011,Lawyers,9,Leadership,3.3
23-1011,Lawyers,10,Mathematics,2.3
23-1011,Lawyers,11,Mechanical,1.2
23-1011,Lawyers,12,Physical strength and stamina,1.2
23-1011,Lawyers,13,Problem solving and decision making,4.2
23-1011,Lawyers,14,Project management,2.8
23-1011,Lawyers,15,Science,1.2
23-1011,Lawyers,16,Speaking and listening,4.1
23-1011,Lawyers,17,Writing and reading,4.5
23-1012,Judicial law clerks,1,Adaptability,3.6
23-1012,Judicial law clerks,2,Computers and information technology,3.2
23-1012,Judicial law clerks,3,Creativity and innovation,2.4
23-1012,Judicial law clerks,4,Critical and analytical thinking,3.5
23-1012,Judicial law clerks,5,Customer service,2.4
23-1012,Judicial law clerks,6,Detail oriented,3.8
23-1012,Judicial law clerks,7,Fine motor,1.8
23-1012,Judicial law clerks,8,Interpersonal,2.7
23-1012,Judicial law clerks,9,Leadership,1.8
23-1012,Judicial law clerks,10,Mathematics,2.1
23-1012,Judicial law clerks,11,Mechanical,1.1
23-1012,Judicial law clerks,12,Physical strength and stamina,1.2
23-1012,Judicial law clerks,13,Problem solving and decision making,3.6
23-1012,Judicial law clerks,14,Project management,1.7
23-1012,Judicial law clerks,15,Science,1.0
23-1012,Judicial law clerks,16,Speaking and listening,3.6
23-1012,Judicial law clerks,17,Writing and reading,4.2
23-1021,"Administrative law judges, adjudicators, and hearing officers",1,Adaptability,4.3
23-1021,"Administrative law judges, adjudicators, and hearing officers",2,Computers and information technology,3.3
23-1021,"Administrative law judges, adjudicators, and hearing officers",3,Creativity and innovation,2.5
23-1021,"Administrative law judges, adjudicators, and hearing officers",4,Critical and analytical thinking,3.7
23-1021,"Administrative law judges, adjudicators, and hearing officers",5,Customer service,3.7
23-1021,"Administrative law judges, adjudicators, and hearing officers",6,Detail oriented,3.7
23-1021,"Administrative law judges, adjudicators, and hearing officers",7,Fine motor,1.9
23-1021,"Administrative law judges, adjudicators, and hearing officers",8,Interpersonal,3.3
23-1021,"Administrative law judges, adjudicators, and hearing officers",9,Leadership,2.4
23-1021,"Administrative law judges, adjudicators, and hearing officers",10,Mathematics,2.3
23-1021,"Administrative law judges, adjudicators, and hearing officers",11,Mechanical,1.2
23-1021,"Administrative law judges, adjudicators, and hearing officers",12,Physical strength and stamina,1.2
23-1021,"Administrative law judges, adjudicators, and hearing officers",13,Problem solving and decision making,4.2
23-1021,"Administrative law judges, adjudicators, and hearing officers",14,Project management,2.4
23-1021,"Administrative law judges, adjudicators, and hearing officers",15,Science,1.4
23-1021,"Administrative law judges, adjudicators, and hearing officers",16,Speaking and listening,3.6
23-1021,"Administrative law judges, adjudicators, and hearing officers",17,Writing and reading,4.1
23-1022,"Arbitrators, mediators, and conciliators",1,Adaptability,4.2
23-1022,"Arbitrators, mediators, and conciliators",2,Computers and information technology,3.1
23-1022,"Arbitrators, mediators, and conciliators",3,Creativity and innovation,2.8
23-1022,"Arbitrators, mediators, and conciliators",4,Critical and analytical thinking,3.6
23-1022,"Arbitrators, mediators, and conciliators",5,Customer service,2.8
23-1022,"Arbitrators, mediators, and conciliators",6,Detail oriented,3.7
23-1022,"Arbitrators, mediators, and conciliators",7,Fine motor,1.4
23-1022,"Arbitrators, mediators, and conciliators",8,Interpersonal,3.2
23-1022,"Arbitrators, mediators, and conciliators",9,Leadership,2.3
23-1022,"Arbitrators, mediators, and conciliators",10,Mathematics,2.2
23-1022,"Arbitrators, mediators, and conciliators",11,Mechanical,1.2
23-1022,"Arbitrators, mediators, and conciliators",12,Physical strength and stamina,1.1
23-1022,"Arbitrators, mediators, and conciliators",13,Problem solving and decision making,3.9
23-1022,"Arbitrators, mediators, and conciliators",14,Project management,2.2
23-1022,"Arbitrators, mediators, and conciliators",15,Science,1.3
23-1022,"Arbitrators, mediators, and conciliators",16,Speaking and listening,3.6
23-1022,"Arbitrators, mediators, and conciliators",17,Writing and reading,4.2
23-1023,"Judges, magistrate judges, and magistrates",1,Adaptability,4.4
23-1023,"Judges, magistrate judges, and magistrates",2,Computers and information technology,3.3
23-1023,"Judges, magistrate judges, and magistrates",3,Creativity and innovation,2.6
23-1023,"Judges, magistrate judges, and magistrates",4,Critical and analytical thinking,3.9
23-1023,"Judges, magistrate judges, and magistrates",5,Customer service,3.9
23-1023,"Judges, magistrate judges, and magistrates",6,Detail oriented,4.1
23-1023,"Judges, magistrate judges, and magistrates",7,Fine motor,1.4
23-1023,"Judges, magistrate judges, and magistrates",8,Interpersonal,3.4
23-1023,"Judges, magistrate judges, and magistrates",9,Leadership,3.1
23-1023,"Judges, magistrate judges, and magistrates",10,Mathematics,2.1
23-1023,"Judges, magistrate judges, and magistrates",11,Mechanical,1.2
23-1023,"Judges, magistrate judges, and magistrates",12,Physical strength and stamina,1.1
23-1023,"Judges, magistrate judges, and magistrates",13,Problem solving and decision making,4.4
23-1023,"Judges, magistrate judges, and magistrates",14,Project management,2.5
23-1023,"Judges, magistrate judges, and magistrates",15,Science,1.4
23-1023,"Judges, magistrate judges, and magistrates",16,Speaking and listening,4.1
23-1023,"Judges, magistrate judges, and magistrates",17,Writing and reading,4.1
23-2011,Paralegals and legal assistants,1,Adaptability,3.9
23-2011,Paralegals and legal assistants,2,Computers and information technology,3.9
23-2011,Paralegals and legal assistants,3,Creativity and innovation,2.2
23-2011,Paralegals and legal assistants,4,Critical and analytical thinking,3.0
23-2011,Paralegals and legal assistants,5,Customer service,2.7
23-2011,Paralegals and legal assistants,6,Detail oriented,3.8
23-2011,Paralegals and legal assistants,7,Fine motor,2.0
23-2011,Paralegals and legal assistants,8,Interpersonal,3.1
23-2011,Paralegals and legal assistants,9,Leadership,2.5
23-2011,Paralegals and legal assistants,10,Mathematics,2.2
23-2011,Paralegals and legal assistants,11,Mechanical,1.2
23-2011,Paralegals and legal assistants,12,Physical strength and stamina,1.2
23-2011,Paralegals and legal assistants,13,Problem solving and decision making,3.3
23-2011,Paralegals and legal assistants,14,Project management,2.2
23-2011,Paralegals and legal assistants,15,Science,1.4
23-2011,Paralegals and legal assistants,16,Speaking and listening,3.3
23-2011,Paralegals and legal assistants,17,Writing and reading,3.8
23-2093,"Title examiners, abstractors, and searchers",1,Adaptability,3.6
23-2093,"Title examiners, abstractors, and searchers",2,Computers and information technology,3.7
23-2093,"Title examiners, abstractors, and searchers",3,Creativity and innovation,2.1
23-2093,"Title examiners, abstractors, and searchers",4,Critical and analytical thinking,3.2
23-2093,"Title examiners, abstractors, and searchers",5,Customer service,2.8
23-2093,"Title examiners, abstractors, and searchers",6,Detail oriented,3.9
23-2093,"Title examiners, abstractors, and searchers",7,Fine motor,2.0
23-2093,"Title examiners, abstractors, and searchers",8,Interpersonal,2.9
23-2093,"Title examiners, abstractors, and searchers",9,Leadership,2.6
23-2093,"Title examiners, abstractors, and searchers",10,Mathematics,2.2
23-2093,"Title examiners, abstractors, and searchers",11,Mechanical,1.2
23-2093,"Title examiners, abstractors, and searchers",12,Physical strength and stamina,1.3
23-2093,"Title examiners, abstractors, and searchers",13,Problem solving and decision making,3.6
23-2093,"Title examiners, abstractors, and searchers",14,Project management,2.3
23-2093,"Title examiners, abstractors, and searchers",15,Science,1.1
23-2093,"Title examiners, abstractors, and searchers",16,Speaking and listening,3.2
23-2093,"Title examiners, abstractors, and searchers",17,Writing and reading,3.8
23-2099,"Legal support workers, all other",1,Adaptability,3.9
23-2099,"Legal support workers, all other",2,Computers and information technology,3.9
23-2099,"Legal support workers, all other",3,Creativity and innovation,2.2
23-2099,"Legal support workers, all other",4,Critical and analytical thinking,3.0
23-2099,"Legal support workers, all other",5,Customer service,2.7
23-2099,"Legal support workers, all other",6,Detail oriented,3.8
23-2099,"Legal support workers, all other",7,Fine motor,2.0
23-2099,"Legal support workers, all other",8,Interpersonal,3.1
23-2099,"Legal support workers, all other",9,Leadership,2.5
23-2099,"Legal support workers, all other",10,Mathematics,2.2
23-2099,"Legal support workers, all other",11,Mechanical,1.2
23-2099,"Legal support workers, all other",12,Physical strength and stamina,1.2
23-2099,"Legal support workers, all other",13,Problem solving and decision making,3.4
23-2099,"Legal support workers, all other",14,Project management,2.2
23-2099,"Legal support workers, all other",15,Science,1.4
23-2099,"Legal support workers, all other",16,Speaking and listening,3.3
23-2099,"Legal support workers, all other",17,Writing and reading,3.8
25-1011,"Business teachers, postsecondary",1,Adaptability,4.2
25-1011,"Business teachers, postsecondary",2,Computers and information technology,3.5
25-1011,"Business teachers, postsecondary",3,Creativity and innovation,3.0
25-1011,"Business teachers, postsecondary",4,Critical and analytical thinking,3.6
25-1011,"Business teachers, postsecondary",5,Customer service,2.9
25-1011,"Business teachers, postsecondary",6,Detail oriented,3.1
25-1011,"Business teachers, postsecondary",7,Fine motor,1.5
25-1011,"Business teachers, postsecondary",8,Interpersonal,3.4
25-1011,"Business teachers, postsecondary",9,Leadership,3.3
25-1011,"Business teachers, postsecondary",10,Mathematics,3.3
25-1011,"Business teachers, postsecondary",11,Mechanical,1.2
25-1011,"Business teachers, postsecondary",12,Physical strength and stamina,1.2
25-1011,"Business teachers, postsecondary",13,Problem solving and decision making,3.6
25-1011,"Business teachers, postsecondary",14,Project management,2.5
25-1011,"Business teachers, postsecondary",15,Science,1.5
25-1011,"Business teachers, postsecondary",16,Speaking and listening,4.0
25-1011,"Business teachers, postsecondary",17,Writing and reading,4.1
25-1021,"Computer science teachers, postsecondary",1,Adaptability,4.2
25-1021,"Computer science teachers, postsecondary",2,Computers and information technology,4.2
25-1021,"Computer science teachers, postsecondary",3,Creativity and innovation,3.3
25-1021,"Computer science teachers, postsecondary",4,Critical and analytical thinking,3.7
25-1021,"Computer science teachers, postsecondary",5,Customer service,2.9
25-1021,"Computer science teachers, postsecondary",6,Detail oriented,3.2
25-1021,"Computer science teachers, postsecondary",7,Fine motor,1.6
25-1021,"Computer science teachers, postsecondary",8,Interpersonal,3.5
25-1021,"Computer science teachers, postsecondary",9,Leadership,3.6
25-1021,"Computer science teachers, postsecondary",10,Mathematics,3.3
25-1021,"Computer science teachers, postsecondary",11,Mechanical,1.5
25-1021,"Computer science teachers, postsecondary",12,Physical strength and stamina,1.2
25-1021,"Computer science teachers, postsecondary",13,Problem solving and decision making,3.9
25-1021,"Computer science teachers, postsecondary",14,Project management,2.7
25-1021,"Computer science teachers, postsecondary",15,Science,2.1
25-1021,"Computer science teachers, postsecondary",16,Speaking and listening,3.8
25-1021,"Computer science teachers, postsecondary",17,Writing and reading,4.0
25-1022,"Mathematical science teachers, postsecondary",1,Adaptability,3.8
25-1022,"Mathematical science teachers, postsecondary",2,Computers and information technology,3.5
25-1022,"Mathematical science teachers, postsecondary",3,Creativity and innovation,3.0
25-1022,"Mathematical science teachers, postsecondary",4,Critical and analytical thinking,3.6
25-1022,"Mathematical science teachers, postsecondary",5,Customer service,2.7
25-1022,"Mathematical science teachers, postsecondary",6,Detail oriented,3.2
25-1022,"Mathematical science teachers, postsecondary",7,Fine motor,1.6
25-1022,"Mathematical science teachers, postsecondary",8,Interpersonal,3.3
25-1022,"Mathematical science teachers, postsecondary",9,Leadership,3.1
25-1022,"Mathematical science teachers, postsecondary",10,Mathematics,4.4
25-1022,"Mathematical science teachers, postsecondary",11,Mechanical,1.2
25-1022,"Mathematical science teachers, postsecondary",12,Physical strength and stamina,1.2
25-1022,"Mathematical science teachers, postsecondary",13,Problem solving and decision making,3.5
25-1022,"Mathematical science teachers, postsecondary",14,Project management,2.3
25-1022,"Mathematical science teachers, postsecondary",15,Science,2.0
25-1022,"Mathematical science teachers, postsecondary",16,Speaking and listening,3.8
25-1022,"Mathematical science teachers, postsecondary",17,Writing and reading,3.9
25-1031,"Architecture teachers, postsecondary",1,Adaptability,4.2
25-1031,"Architecture teachers, postsecondary",2,Computers and information technology,3.7
25-1031,"Architecture teachers, postsecondary",3,Creativity and innovation,3.8
25-1031,"Architecture teachers, postsecondary",4,Critical and analytical thinking,3.8
25-1031,"Architecture teachers, postsecondary",5,Customer service,2.8
25-1031,"Architecture teachers, postsecondary",6,Detail oriented,3.2
25-1031,"Architecture teachers, postsecondary",7,Fine motor,1.8
25-1031,"Architecture teachers, postsecondary",8,Interpersonal,3.6
25-1031,"Architecture teachers, postsecondary",9,Leadership,3.7
25-1031,"Architecture teachers, postsecondary",10,Mathematics,3.0
25-1031,"Architecture teachers, postsecondary",11,Mechanical,1.5
25-1031,"Architecture teachers, postsecondary",12,Physical strength and stamina,1.3
25-1031,"Architecture teachers, postsecondary",13,Problem solving and decision making,3.7
25-1031,"Architecture teachers, postsecondary",14,Project management,3.0
25-1031,"Architecture teachers, postsecondary",15,Science,2.2
25-1031,"Architecture teachers, postsecondary",16,Speaking and listening,4.0
25-1031,"Architecture teachers, postsecondary",17,Writing and reading,4.0
25-1032,"Engineering teachers, postsecondary",1,Adaptability,4.2
25-1032,"Engineering teachers, postsecondary",2,Computers and information technology,3.8
25-1032,"Engineering teachers, postsecondary",3,Creativity and innovation,3.4
25-1032,"Engineering teachers, postsecondary",4,Critical and analytical thinking,3.8
25-1032,"Engineering teachers, postsecondary",5,Customer service,2.5
25-1032,"Engineering teachers, postsecondary",6,Detail oriented,3.4
25-1032,"Engineering teachers, postsecondary",7,Fine motor,1.6
25-1032,"Engineering teachers, postsecondary",8,Interpersonal,3.3
25-1032,"Engineering teachers, postsecondary",9,Leadership,3.7
25-1032,"Engineering teachers, postsecondary",10,Mathematics,3.9
25-1032,"Engineering teachers, postsecondary",11,Mechanical,1.7
25-1032,"Engineering teachers, postsecondary",12,Physical strength and stamina,1.2
25-1032,"Engineering teachers, postsecondary",13,Problem solving and decision making,3.7
25-1032,"Engineering teachers, postsecondary",14,Project management,2.9
25-1032,"Engineering teachers, postsecondary",15,Science,3.3
25-1032,"Engineering teachers, postsecondary",16,Speaking and listening,3.9
25-1032,"Engineering teachers, postsecondary",17,Writing and reading,3.9
25-1041,"Agricultural sciences teachers, postsecondary",1,Adaptability,4.3
25-1041,"Agricultural sciences teachers, postsecondary",2,Computers and information technology,3.6
25-1041,"Agricultural sciences teachers, postsecondary",3,Creativity and innovation,3.3
25-1041,"Agricultural sciences teachers, postsecondary",4,Critical and analytical thinking,3.6
25-1041,"Agricultural sciences teachers, postsecondary",5,Customer service,2.9
25-1041,"Agricultural sciences teachers, postsecondary",6,Detail oriented,3.4
25-1041,"Agricultural sciences teachers, postsecondary",7,Fine motor,2.0
25-1041,"Agricultural sciences teachers, postsecondary",8,Interpersonal,3.8
25-1041,"Agricultural sciences teachers, postsecondary",9,Leadership,3.9
25-1041,"Agricultural sciences teachers, postsecondary",10,Mathematics,3.1
25-1041,"Agricultural sciences teachers, postsecondary",11,Mechanical,1.7
25-1041,"Agricultural sciences teachers, postsecondary",12,Physical strength and stamina,1.9
25-1041,"Agricultural sciences teachers, postsecondary",13,Problem solving and decision making,3.8
25-1041,"Agricultural sciences teachers, postsecondary",14,Project management,3.0
25-1041,"Agricultural sciences teachers, postsecondary",15,Science,3.3
25-1041,"Agricultural sciences teachers, postsecondary",16,Speaking and listening,4.1
25-1041,"Agricultural sciences teachers, postsecondary",17,Writing and reading,4.1
25-1042,"Biological science teachers, postsecondary",1,Adaptability,4.2
25-1042,"Biological science teachers, postsecondary",2,Computers and information technology,3.8
25-1042,"Biological science teachers, postsecondary",3,Creativity and innovation,3.3
25-1042,"Biological science teachers, postsecondary",4,Critical and analytical thinking,3.7
25-1042,"Biological science teachers, postsecondary",5,Customer service,2.7
25-1042,"Biological science teachers, postsecondary",6,Detail oriented,3.5
25-1042,"Biological science teachers, postsecondary",7,Fine motor,1.7
25-1042,"Biological science teachers, postsecondary",8,Interpersonal,3.3
25-1042,"Biological science teachers, postsecondary",9,Leadership,3.6
25-1042,"Biological science teachers, postsecondary",10,Mathematics,3.2
25-1042,"Biological science teachers, postsecondary",11,Mechanical,1.5
25-1042,"Biological science teachers, postsecondary",12,Physical strength and stamina,1.3
25-1042,"Biological science teachers, postsecondary",13,Problem solving and decision making,4.0
25-1042,"Biological science teachers, postsecondary",14,Project management,2.9
25-1042,"Biological science teachers, postsecondary",15,Science,4.0
25-1042,"Biological science teachers, postsecondary",16,Speaking and listening,4.1
25-1042,"Biological science teachers, postsecondary",17,Writing and reading,4.1
25-1043,"Forestry and conservation science teachers, postsecondary",1,Adaptability,4.5
25-1043,"Forestry and conservation science teachers, postsecondary",2,Computers and information technology,3.9
25-1043,"Forestry and conservation science teachers, postsecondary",3,Creativity and innovation,3.2
25-1043,"Forestry and conservation science teachers, postsecondary",4,Critical and analytical thinking,3.7
25-1043,"Forestry and conservation science teachers, postsecondary",5,Customer service,2.8
25-1043,"Forestry and conservation science teachers, postsecondary",6,Detail oriented,3.4
25-1043,"Forestry and conservation science teachers, postsecondary",7,Fine motor,1.8
25-1043,"Forestry and conservation science teachers, postsecondary",8,Interpersonal,3.3
25-1043,"Forestry and conservation science teachers, postsecondary",9,Leadership,3.8
25-1043,"Forestry and conservation science teachers, postsecondary",10,Mathematics,3.3
25-1043,"Forestry and conservation science teachers, postsecondary",11,Mechanical,1.6
25-1043,"Forestry and conservation science teachers, postsecondary",12,Physical strength and stamina,1.7
25-1043,"Forestry and conservation science teachers, postsecondary",13,Problem solving and decision making,3.8
25-1043,"Forestry and conservation science teachers, postsecondary",14,Project management,2.8
25-1043,"Forestry and conservation science teachers, postsecondary",15,Science,3.0
25-1043,"Forestry and conservation science teachers, postsecondary",16,Speaking and listening,4.0
25-1043,"Forestry and conservation science teachers, postsecondary",17,Writing and reading,4.3
25-1051,"Atmospheric, earth, marine, and space sciences teachers, postsecondary",1,Adaptability,4.0
25-1051,"Atmospheric, earth, marine, and space sciences teachers, postsecondary",2,Computers and information technology,3.7
25-1051,"Atmospheric, earth, marine, and space sciences teachers, postsecondary",3,Creativity and innovation,3.1
25-1051,"Atmospheric, earth, marine, and space sciences teachers, postsecondary",4,Critical and analytical thinking,3.8
25-1051,"Atmospheric, earth, marine, and space sciences teachers, postsecondary",5,Customer service,2.9
25-1051,"Atmospheric, earth, marine, and space sciences teachers, postsecondary",6,Detail oriented,3.3
25-1051,"Atmospheric, earth, marine, and space sciences teachers, postsecondary",7,Fine motor,1.7
25-1051,"Atmospheric, earth, marine, and space sciences teachers, postsecondary",8,Interpersonal,3.3
25-1051,"Atmospheric, earth, marine, and space sciences teachers, postsecondary",9,Leadership,3.4
25-1051,"Atmospheric, earth, marine, and space sciences teachers, postsecondary",10,Mathematics,3.6
25-1051,"Atmospheric, earth, marine, and space sciences teachers, postsecondary",11,Mechanical,1.5
25-1051,"Atmospheric, earth, marine, and space sciences teachers, postsecondary",12,Physical strength and stamina,1.4
25-1051,"Atmospheric, earth, marine, and space sciences teachers, postsecondary",13,Problem solving and decision making,3.7
25-1051,"Atmospheric, earth, marine, and space sciences teachers, postsecondary",14,Project management,2.7
25-1051,"Atmospheric, earth, marine, and space sciences teachers, postsecondary",15,Science,3.8
25-1051,"Atmospheric, earth, marine, and space sciences teachers, postsecondary",16,Speaking and listening,4.1
25-1051,"Atmospheric, earth, marine, and space sciences teachers, postsecondary",17,Writing and reading,4.0
25-1052,"Chemistry teachers, postsecondary",1,Adaptability,4.0
25-1052,"Chemistry teachers, postsecondary",2,Computers and information technology,3.6
25-1052,"Chemistry teachers, postsecondary",3,Creativity and innovation,3.1
25-1052,"Chemistry teachers, postsecondary",4,Critical and analytical thinking,3.8
25-1052,"Chemistry teachers, postsecondary",5,Customer service,2.6
25-1052,"Chemistry teachers, postsecondary",6,Detail oriented,3.8
25-1052,"Chemistry teachers, postsecondary",7,Fine motor,1.5
25-1052,"Chemistry teachers, postsecondary",8,Interpersonal,3.2
25-1052,"Chemistry teachers, postsecondary",9,Leadership,3.6
25-1052,"Chemistry teachers, postsecondary",10,Mathematics,3.4
25-1052,"Chemistry teachers, postsecondary",11,Mechanical,1.6
25-1052,"Chemistry teachers, postsecondary",12,Physical strength and stamina,1.3
25-1052,"Chemistry teachers, postsecondary",13,Problem solving and decision making,3.7
25-1052,"Chemistry teachers, postsecondary",14,Project management,2.7
25-1052,"Chemistry teachers, postsecondary",15,Science,3.9
25-1052,"Chemistry teachers, postsecondary",16,Speaking and listening,3.9
25-1052,"Chemistry teachers, postsecondary",17,Writing and reading,4.1
25-1053,"Environmental science teachers, postsecondary",1,Adaptability,4.1
25-1053,"Environmental science teachers, postsecondary",2,Computers and information technology,3.6
25-1053,"Environmental science teachers, postsecondary",3,Creativity and innovation,3.3
25-1053,"Environmental science teachers, postsecondary",4,Critical and analytical thinking,3.7
25-1053,"Environmental science teachers, postsecondary",5,Customer service,2.6
25-1053,"Environmental science teachers, postsecondary",6,Detail oriented,3.4
25-1053,"Environmental science teachers, postsecondary",7,Fine motor,1.6
25-1053,"Environmental science teachers, postsecondary",8,Interpersonal,3.4
25-1053,"Environmental science teachers, postsecondary",9,Leadership,3.6
25-1053,"Environmental science teachers, postsecondary",10,Mathematics,3.2
25-1053,"Environmental science teachers, postsecondary",11,Mechanical,1.6
25-1053,"Environmental science teachers, postsecondary",12,Physical strength and stamina,1.3
25-1053,"Environmental science teachers, postsecondary",13,Problem solving and decision making,3.6
25-1053,"Environmental science teachers, postsecondary",14,Project management,2.9
25-1053,"Environmental science teachers, postsecondary",15,Science,3.8
25-1053,"Environmental science teachers, postsecondary",16,Speaking and listening,3.9
25-1053,"Environmental science teachers, postsecondary",17,Writing and reading,4.1
25-1054,"Physics teachers, postsecondary",1,Adaptability,4.0
25-1054,"Physics teachers, postsecondary",2,Computers and information technology,3.8
25-1054,"Physics teachers, postsecondary",3,Creativity and innovation,3.1
25-1054,"Physics teachers, postsecondary",4,Critical and analytical thinking,3.7
25-1054,"Physics teachers, postsecondary",5,Customer service,2.8
25-1054,"Physics teachers, postsecondary",6,Detail oriented,3.2
25-1054,"Physics teachers, postsecondary",7,Fine motor,1.9
25-1054,"Physics teachers, postsecondary",8,Interpersonal,3.4
25-1054,"Physics teachers, postsecondary",9,Leadership,3.4
25-1054,"Physics teachers, postsecondary",10,Mathematics,3.9
25-1054,"Physics teachers, postsecondary",11,Mechanical,2.0
25-1054,"Physics teachers, postsecondary",12,Physical strength and stamina,1.3
25-1054,"Physics teachers, postsecondary",13,Problem solving and decision making,3.8
25-1054,"Physics teachers, postsecondary",14,Project management,2.9
25-1054,"Physics teachers, postsecondary",15,Science,3.5
25-1054,"Physics teachers, postsecondary",16,Speaking and listening,3.8
25-1054,"Physics teachers, postsecondary",17,Writing and reading,4.1
25-1061,"Anthropology and archeology teachers, postsecondary",1,Adaptability,4.3
25-1061,"Anthropology and archeology teachers, postsecondary",2,Computers and information technology,3.7
25-1061,"Anthropology and archeology teachers, postsecondary",3,Creativity and innovation,3.4
25-1061,"Anthropology and archeology teachers, postsecondary",4,Critical and analytical thinking,3.8
25-1061,"Anthropology and archeology teachers, postsecondary",5,Customer service,2.7
25-1061,"Anthropology and archeology teachers, postsecondary",6,Detail oriented,3.2
25-1061,"Anthropology and archeology teachers, postsecondary",7,Fine motor,1.9
25-1061,"Anthropology and archeology teachers, postsecondary",8,Interpersonal,3.7
25-1061,"Anthropology and archeology teachers, postsecondary",9,Leadership,3.6
25-1061,"Anthropology and archeology teachers, postsecondary",10,Mathematics,2.6
25-1061,"Anthropology and archeology teachers, postsecondary",11,Mechanical,1.3
25-1061,"Anthropology and archeology teachers, postsecondary",12,Physical strength and stamina,1.4
25-1061,"Anthropology and archeology teachers, postsecondary",13,Problem solving and decision making,3.5
25-1061,"Anthropology and archeology teachers, postsecondary",14,Project management,2.8
25-1061,"Anthropology and archeology teachers, postsecondary",15,Science,2.4
25-1061,"Anthropology and archeology teachers, postsecondary",16,Speaking and listening,4.2
25-1061,"Anthropology and archeology teachers, postsecondary",17,Writing and reading,4.7
25-1062,"Area, ethnic, and cultural studies teachers, postsecondary",1,Adaptability,4.1
25-1062,"Area, ethnic, and cultural studies teachers, postsecondary",2,Computers and information technology,3.6
25-1062,"Area, ethnic, and cultural studies teachers, postsecondary",3,Creativity and innovation,3.6
25-1062,"Area, ethnic, and cultural studies teachers, postsecondary",4,Critical and analytical thinking,3.6
25-1062,"Area, ethnic, and cultural studies teachers, postsecondary",5,Customer service,2.8
25-1062,"Area, ethnic, and cultural studies teachers, postsecondary",6,Detail oriented,3.3
25-1062,"Area, ethnic, and cultural studies teachers, postsecondary",7,Fine motor,1.3
25-1062,"Area, ethnic, and cultural studies teachers, postsecondary",8,Interpersonal,3.5
25-1062,"Area, ethnic, and cultural studies teachers, postsecondary",9,Leadership,3.5
25-1062,"Area, ethnic, and cultural studies teachers, postsecondary",10,Mathematics,2.0
25-1062,"Area, ethnic, and cultural studies teachers, postsecondary",11,Mechanical,1.1
25-1062,"Area, ethnic, and cultural studies teachers, postsecondary",12,Physical strength and stamina,1.2
25-1062,"Area, ethnic, and cultural studies teachers, postsecondary",13,Problem solving and decision making,3.7
25-1062,"Area, ethnic, and cultural studies teachers, postsecondary",14,Project management,3.0
25-1062,"Area, ethnic, and cultural studies teachers, postsecondary",15,Science,1.5
25-1062,"Area, ethnic, and cultural studies teachers, postsecondary",16,Speaking and listening,4.0
25-1062,"Area, ethnic, and cultural studies teachers, postsecondary",17,Writing and reading,4.1
25-1063,"Economics teachers, postsecondary",1,Adaptability,3.7
25-1063,"Economics teachers, postsecondary",2,Computers and information technology,3.4
25-1063,"Economics teachers, postsecondary",3,Creativity and innovation,3.1
25-1063,"Economics teachers, postsecondary",4,Critical and analytical thinking,3.7
25-1063,"Economics teachers, postsecondary",5,Customer service,2.6
25-1063,"Economics teachers, postsecondary",6,Detail oriented,3.2
25-1063,"Economics teachers, postsecondary",7,Fine motor,1.6
25-1063,"Economics teachers, postsecondary",8,Interpersonal,3.0
25-1063,"Economics teachers, postsecondary",9,Leadership,2.9
25-1063,"Economics teachers, postsecondary",10,Mathematics,3.6
25-1063,"Economics teachers, postsecondary",11,Mechanical,1.2
25-1063,"Economics teachers, postsecondary",12,Physical strength and stamina,1.2
25-1063,"Economics teachers, postsecondary",13,Problem solving and decision making,3.5
25-1063,"Economics teachers, postsecondary",14,Project management,2.5
25-1063,"Economics teachers, postsecondary",15,Science,1.4
25-1063,"Economics teachers, postsecondary",16,Speaking and listening,3.8
25-1063,"Economics teachers, postsecondary",17,Writing and reading,4.0
25-1064,"Geography teachers, postsecondary",1,Adaptability,3.9
25-1064,"Geography teachers, postsecondary",2,Computers and information technology,3.7
25-1064,"Geography teachers, postsecondary",3,Creativity and innovation,3.3
25-1064,"Geography teachers, postsecondary",4,Critical and analytical thinking,3.7
25-1064,"Geography teachers, postsecondary",5,Customer service,2.6
25-1064,"Geography teachers, postsecondary",6,Detail oriented,3.2
25-1064,"Geography teachers, postsecondary",7,Fine motor,1.3
25-1064,"Geography teachers, postsecondary",8,Interpersonal,3.3
25-1064,"Geography teachers, postsecondary",9,Leadership,3.3
25-1064,"Geography teachers, postsecondary",10,Mathematics,2.7
25-1064,"Geography teachers, postsecondary",11,Mechanical,1.3
25-1064,"Geography teachers, postsecondary",12,Physical strength and stamina,1.3
25-1064,"Geography teachers, postsecondary",13,Problem solving and decision making,3.5
25-1064,"Geography teachers, postsecondary",14,Project management,2.6
25-1064,"Geography teachers, postsecondary",15,Science,2.4
25-1064,"Geography teachers, postsecondary",16,Speaking and listening,3.8
25-1064,"Geography teachers, postsecondary",17,Writing and reading,4.2
25-1065,"Political science teachers, postsecondary",1,Adaptability,4.2
25-1065,"Political science teachers, postsecondary",2,Computers and information technology,3.3
25-1065,"Political science teachers, postsecondary",3,Creativity and innovation,3.2
25-1065,"Political science teachers, postsecondary",4,Critical and analytical thinking,3.7
25-1065,"Political science teachers, postsecondary",5,Customer service,2.8
25-1065,"Political science teachers, postsecondary",6,Detail oriented,3.2
25-1065,"Political science teachers, postsecondary",7,Fine motor,1.2
25-1065,"Political science teachers, postsecondary",8,Interpersonal,3.2
25-1065,"Political science teachers, postsecondary",9,Leadership,3.1
25-1065,"Political science teachers, postsecondary",10,Mathematics,2.2
25-1065,"Political science teachers, postsecondary",11,Mechanical,1.0
25-1065,"Political science teachers, postsecondary",12,Physical strength and stamina,1.2
25-1065,"Political science teachers, postsecondary",13,Problem solving and decision making,3.7
25-1065,"Political science teachers, postsecondary",14,Project management,2.6
25-1065,"Political science teachers, postsecondary",15,Science,1.4
25-1065,"Political science teachers, postsecondary",16,Speaking and listening,3.9
25-1065,"Political science teachers, postsecondary",17,Writing and reading,4.0
25-1066,"Psychology teachers, postsecondary",1,Adaptability,4.3
25-1066,"Psychology teachers, postsecondary",2,Computers and information technology,3.7
25-1066,"Psychology teachers, postsecondary",3,Creativity and innovation,3.2
25-1066,"Psychology teachers, postsecondary",4,Critical and analytical thinking,3.7
25-1066,"Psychology teachers, postsecondary",5,Customer service,2.9
25-1066,"Psychology teachers, postsecondary",6,Detail oriented,3.2
25-1066,"Psychology teachers, postsecondary",7,Fine motor,1.5
25-1066,"Psychology teachers, postsecondary",8,Interpersonal,3.9
25-1066,"Psychology teachers, postsecondary",9,Leadership,3.7
25-1066,"Psychology teachers, postsecondary",10,Mathematics,3.0
25-1066,"Psychology teachers, postsecondary",11,Mechanical,1.2
25-1066,"Psychology teachers, postsecondary",12,Physical strength and stamina,1.2
25-1066,"Psychology teachers, postsecondary",13,Problem solving and decision making,3.8
25-1066,"Psychology teachers, postsecondary",14,Project management,2.8
25-1066,"Psychology teachers, postsecondary",15,Science,2.5
25-1066,"Psychology teachers, postsecondary",16,Speaking and listening,3.9
25-1066,"Psychology teachers, postsecondary",17,Writing and reading,4.2
25-1067,"Sociology teachers, postsecondary",1,Adaptability,4.2
25-1067,"Sociology teachers, postsecondary",2,Computers and information technology,3.7
25-1067,"Sociology teachers, postsecondary",3,Creativity and innovation,3.2
25-1067,"Sociology teachers, postsecondary",4,Critical and analytical thinking,3.8
25-1067,"Sociology teachers, postsecondary",5,Customer service,2.6
25-1067,"Sociology teachers, postsecondary",6,Detail oriented,3.2
25-1067,"Sociology teachers, postsecondary",7,Fine motor,1.5
25-1067,"Sociology teachers, postsecondary",8,Interpersonal,3.4
25-1067,"Sociology teachers, postsecondary",9,Leadership,3.0
25-1067,"Sociology teachers, postsecondary",10,Mathematics,2.5
25-1067,"Sociology teachers, postsecondary",11,Mechanical,1.1
25-1067,"Sociology teachers, postsecondary",12,Physical strength and stamina,1.2
25-1067,"Sociology teachers, postsecondary",13,Problem solving and decision making,3.6
25-1067,"Sociology teachers, postsecondary",14,Project management,2.6
25-1067,"Sociology teachers, postsecondary",15,Science,1.7
25-1067,"Sociology teachers, postsecondary",16,Speaking and listening,4.0
25-1067,"Sociology teachers, postsecondary",17,Writing and reading,4.1
25-1069,"Social sciences teachers, postsecondary, all other",1,Adaptability,4.2
25-1069,"Social sciences teachers, postsecondary, all other",2,Computers and information technology,3.6
25-1069,"Social sciences teachers, postsecondary, all other",3,Creativity and innovation,3.2
25-1069,"Social sciences teachers, postsecondary, all other",4,Critical and analytical thinking,3.7
25-1069,"Social sciences teachers, postsecondary, all other",5,Customer service,2.8
25-1069,"Social sciences teachers, postsecondary, all other",6,Detail oriented,3.2
25-1069,"Social sciences teachers, postsecondary, all other",7,Fine motor,1.5
25-1069,"Social sciences teachers, postsecondary, all other",8,Interpersonal,3.6
25-1069,"Social sciences teachers, postsecondary, all other",9,Leadership,3.4
25-1069,"Social sciences teachers, postsecondary, all other",10,Mathematics,2.7
25-1069,"Social sciences teachers, postsecondary, all other",11,Mechanical,1.1
25-1069,"Social sciences teachers, postsecondary, all other",12,Physical strength and stamina,1.2
25-1069,"Social sciences teachers, postsecondary, all other",13,Problem solving and decision making,3.7
25-1069,"Social sciences teachers, postsecondary, all other",14,Project management,2.7
25-1069,"Social sciences teachers, postsecondary, all other",15,Science,2.0
25-1069,"Social sciences teachers, postsecondary, all other",16,Speaking and listening,3.9
25-1069,"Social sciences teachers, postsecondary, all other",17,Writing and reading,4.2
25-1071,"Health specialties teachers, postsecondary",1,Adaptability,4.2
25-1071,"Health specialties teachers, postsecondary",2,Computers and information technology,3.7
25-1071,"Health specialties teachers, postsecondary",3,Creativity and innovation,3.2
25-1071,"Health specialties teachers, postsecondary",4,Critical and analytical thinking,3.6
25-1071,"Health specialties teachers, postsecondary",5,Customer service,3.0
25-1071,"Health specialties teachers, postsecondary",6,Detail oriented,3.5
25-1071,"Health specialties teachers, postsecondary",7,Fine motor,1.9
25-1071,"Health specialties teachers, postsecondary",8,Interpersonal,3.7
25-1071,"Health specialties teachers, postsecondary",9,Leadership,3.6
25-1071,"Health specialties teachers, postsecondary",10,Mathematics,3.0
25-1071,"Health specialties teachers, postsecondary",11,Mechanical,1.8
25-1071,"Health specialties teachers, postsecondary",12,Physical strength and stamina,1.8
25-1071,"Health specialties teachers, postsecondary",13,Problem solving and decision making,3.9
25-1071,"Health specialties teachers, postsecondary",14,Project management,2.7
25-1071,"Health specialties teachers, postsecondary",15,Science,3.2
25-1071,"Health specialties teachers, postsecondary",16,Speaking and listening,3.9
25-1071,"Health specialties teachers, postsecondary",17,Writing and reading,4.1
25-1072,"Nursing instructors and teachers, postsecondary",1,Adaptability,4.4
25-1072,"Nursing instructors and teachers, postsecondary",2,Computers and information technology,3.9
25-1072,"Nursing instructors and teachers, postsecondary",3,Creativity and innovation,3.1
25-1072,"Nursing instructors and teachers, postsecondary",4,Critical and analytical thinking,3.7
25-1072,"Nursing instructors and teachers, postsecondary",5,Customer service,3.6
25-1072,"Nursing instructors and teachers, postsecondary",6,Detail oriented,4.0
25-1072,"Nursing instructors and teachers, postsecondary",7,Fine motor,2.4
25-1072,"Nursing instructors and teachers, postsecondary",8,Interpersonal,4.1
25-1072,"Nursing instructors and teachers, postsecondary",9,Leadership,4.0
25-1072,"Nursing instructors and teachers, postsecondary",10,Mathematics,3.2
25-1072,"Nursing instructors and teachers, postsecondary",11,Mechanical,1.5
25-1072,"Nursing instructors and teachers, postsecondary",12,Physical strength and stamina,2.2
25-1072,"Nursing instructors and teachers, postsecondary",13,Problem solving and decision making,3.9
25-1072,"Nursing instructors and teachers, postsecondary",14,Project management,3.0
25-1072,"Nursing instructors and teachers, postsecondary",15,Science,2.8
25-1072,"Nursing instructors and teachers, postsecondary",16,Speaking and listening,3.9
25-1072,"Nursing instructors and teachers, postsecondary",17,Writing and reading,4.1
25-1081,"Education teachers, postsecondary",1,Adaptability,3.9
25-1081,"Education teachers, postsecondary",2,Computers and information technology,3.5
25-1081,"Education teachers, postsecondary",3,Creativity and innovation,3.1
25-1081,"Education teachers, postsecondary",4,Critical and analytical thinking,3.7
25-1081,"Education teachers, postsecondary",5,Customer service,2.9
25-1081,"Education teachers, postsecondary",6,Detail oriented,3.5
25-1081,"Education teachers, postsecondary",7,Fine motor,2.0
25-1081,"Education teachers, postsecondary",8,Interpersonal,3.4
25-1081,"Education teachers, postsecondary",9,Leadership,3.6
25-1081,"Education teachers, postsecondary",10,Mathematics,2.4
25-1081,"Education teachers, postsecondary",11,Mechanical,1.1
25-1081,"Education teachers, postsecondary",12,Physical strength and stamina,1.2
25-1081,"Education teachers, postsecondary",13,Problem solving and decision making,3.9
25-1081,"Education teachers, postsecondary",14,Project management,2.9
25-1081,"Education teachers, postsecondary",15,Science,1.5
25-1081,"Education teachers, postsecondary",16,Speaking and listening,4.2
25-1081,"Education teachers, postsecondary",17,Writing and reading,4.1
25-1082,"Library science teachers, postsecondary",1,Adaptability,4.2
25-1082,"Library science teachers, postsecondary",2,Computers and information technology,3.9
25-1082,"Library science teachers, postsecondary",3,Creativity and innovation,3.2
25-1082,"Library science teachers, postsecondary",4,Critical and analytical thinking,3.7
25-1082,"Library science teachers, postsecondary",5,Customer service,3.0
25-1082,"Library science teachers, postsecondary",6,Detail oriented,3.1
25-1082,"Library science teachers, postsecondary",7,Fine motor,1.5
25-1082,"Library science teachers, postsecondary",8,Interpersonal,3.4
25-1082,"Library science teachers, postsecondary",9,Leadership,3.5
25-1082,"Library science teachers, postsecondary",10,Mathematics,2.4
25-1082,"Library science teachers, postsecondary",11,Mechanical,1.2
25-1082,"Library science teachers, postsecondary",12,Physical strength and stamina,1.2
25-1082,"Library science teachers, postsecondary",13,Problem solving and decision making,3.7
25-1082,"Library science teachers, postsecondary",14,Project management,2.5
25-1082,"Library science teachers, postsecondary",15,Science,1.4
25-1082,"Library science teachers, postsecondary",16,Speaking and listening,3.9
25-1082,"Library science teachers, postsecondary",17,Writing and reading,4.2
25-1111,"Criminal justice and law enforcement teachers, postsecondary",1,Adaptability,4.2
25-1111,"Criminal justice and law enforcement teachers, postsecondary",2,Computers and information technology,3.8
25-1111,"Criminal justice and law enforcement teachers, postsecondary",3,Creativity and innovation,3.0
25-1111,"Criminal justice and law enforcement teachers, postsecondary",4,Critical and analytical thinking,3.6
25-1111,"Criminal justice and law enforcement teachers, postsecondary",5,Customer service,3.1
25-1111,"Criminal justice and law enforcement teachers, postsecondary",6,Detail oriented,3.3
25-1111,"Criminal justice and law enforcement teachers, postsecondary",7,Fine motor,1.4
25-1111,"Criminal justice and law enforcement teachers, postsecondary",8,Interpersonal,3.4
25-1111,"Criminal justice and law enforcement teachers, postsecondary",9,Leadership,3.1
25-1111,"Criminal justice and law enforcement teachers, postsecondary",10,Mathematics,2.1
25-1111,"Criminal justice and law enforcement teachers, postsecondary",11,Mechanical,1.2
25-1111,"Criminal justice and law enforcement teachers, postsecondary",12,Physical strength and stamina,1.3
25-1111,"Criminal justice and law enforcement teachers, postsecondary",13,Problem solving and decision making,3.8
25-1111,"Criminal justice and law enforcement teachers, postsecondary",14,Project management,2.6
25-1111,"Criminal justice and law enforcement teachers, postsecondary",15,Science,1.7
25-1111,"Criminal justice and law enforcement teachers, postsecondary",16,Speaking and listening,3.9
25-1111,"Criminal justice and law enforcement teachers, postsecondary",17,Writing and reading,4.0
25-1112,"Law teachers, postsecondary",1,Adaptability,4.1
25-1112,"Law teachers, postsecondary",2,Computers and information technology,3.5
25-1112,"Law teachers, postsecondary",3,Creativity and innovation,3.1
25-1112,"Law teachers, postsecondary",4,Critical and analytical thinking,3.7
25-1112,"Law teachers, postsecondary",5,Customer service,2.6
25-1112,"Law teachers, postsecondary",6,Detail oriented,3.5
25-1112,"Law teachers, postsecondary",7,Fine motor,1.5
25-1112,"Law teachers, postsecondary",8,Interpersonal,3.3
25-1112,"Law teachers, postsecondary",9,Leadership,3.2
25-1112,"Law teachers, postsecondary",10,Mathematics,2.2
25-1112,"Law teachers, postsecondary",11,Mechanical,1.1
25-1112,"Law teachers, postsecondary",12,Physical strength and stamina,1.2
25-1112,"Law teachers, postsecondary",13,Problem solving and decision making,3.8
25-1112,"Law teachers, postsecondary",14,Project management,2.4
25-1112,"Law teachers, postsecondary",15,Science,1.3
25-1112,"Law teachers, postsecondary",16,Speaking and listening,4.1
25-1112,"Law teachers, postsecondary",17,Writing and reading,4.2
25-1113,"Social work teachers, postsecondary",1,Adaptability,4.4
25-1113,"Social work teachers, postsecondary",2,Computers and information technology,3.8
25-1113,"Social work teachers, postsecondary",3,Creativity and innovation,3.2
25-1113,"Social work teachers, postsecondary",4,Critical and analytical thinking,3.8
25-1113,"Social work teachers, postsecondary",5,Customer service,3.0
25-1113,"Social work teachers, postsecondary",6,Detail oriented,3.3
25-1113,"Social work teachers, postsecondary",7,Fine motor,1.4
25-1113,"Social work teachers, postsecondary",8,Interpersonal,3.9
25-1113,"Social work teachers, postsecondary",9,Leadership,3.5
25-1113,"Social work teachers, postsecondary",10,Mathematics,2.5
25-1113,"Social work teachers, postsecondary",11,Mechanical,1.1
25-1113,"Social work teachers, postsecondary",12,Physical strength and stamina,1.3
25-1113,"Social work teachers, postsecondary",13,Problem solving and decision making,3.7
25-1113,"Social work teachers, postsecondary",14,Project management,2.8
25-1113,"Social work teachers, postsecondary",15,Science,1.7
25-1113,"Social work teachers, postsecondary",16,Speaking and listening,4.1
25-1113,"Social work teachers, postsecondary",17,Writing and reading,4.1
25-1121,"Art, drama, and music teachers, postsecondary",1,Adaptability,4.1
25-1121,"Art, drama, and music teachers, postsecondary",2,Computers and information technology,3.4
25-1121,"Art, drama, and music teachers, postsecondary",3,Creativity and innovation,4.4
25-1121,"Art, drama, and music teachers, postsecondary",4,Critical and analytical thinking,3.4
25-1121,"Art, drama, and music teachers, postsecondary",5,Customer service,3.0
25-1121,"Art, drama, and music teachers, postsecondary",6,Detail oriented,3.1
25-1121,"Art, drama, and music teachers, postsecondary",7,Fine motor,2.1
25-1121,"Art, drama, and music teachers, postsecondary",8,Interpersonal,3.8
25-1121,"Art, drama, and music teachers, postsecondary",9,Leadership,3.7
25-1121,"Art, drama, and music teachers, postsecondary",10,Mathematics,2.1
25-1121,"Art, drama, and music teachers, postsecondary",11,Mechanical,1.6
25-1121,"Art, drama, and music teachers, postsecondary",12,Physical strength and stamina,1.7
25-1121,"Art, drama, and music teachers, postsecondary",13,Problem solving and decision making,3.5
25-1121,"Art, drama, and music teachers, postsecondary",14,Project management,2.9
25-1121,"Art, drama, and music teachers, postsecondary",15,Science,1.7
25-1121,"Art, drama, and music teachers, postsecondary",16,Speaking and listening,4.1
25-1121,"Art, drama, and music teachers, postsecondary",17,Writing and reading,4.0
25-1122,"Communications teachers, postsecondary",1,Adaptability,4.3
25-1122,"Communications teachers, postsecondary",2,Computers and information technology,3.9
25-1122,"Communications teachers, postsecondary",3,Creativity and innovation,3.8
25-1122,"Communications teachers, postsecondary",4,Critical and analytical thinking,3.5
25-1122,"Communications teachers, postsecondary",5,Customer service,3.0
25-1122,"Communications teachers, postsecondary",6,Detail oriented,3.4
25-1122,"Communications teachers, postsecondary",7,Fine motor,1.5
25-1122,"Communications teachers, postsecondary",8,Interpersonal,3.7
25-1122,"Communications teachers, postsecondary",9,Leadership,3.4
25-1122,"Communications teachers, postsecondary",10,Mathematics,2.2
25-1122,"Communications teachers, postsecondary",11,Mechanical,1.2
25-1122,"Communications teachers, postsecondary",12,Physical strength and stamina,1.2
25-1122,"Communications teachers, postsecondary",13,Problem solving and decision making,3.8
25-1122,"Communications teachers, postsecondary",14,Project management,2.6
25-1122,"Communications teachers, postsecondary",15,Science,1.3
25-1122,"Communications teachers, postsecondary",16,Speaking and listening,4.1
25-1122,"Communications teachers, postsecondary",17,Writing and reading,4.0
25-1123,"English language and literature teachers, postsecondary",1,Adaptability,4.1
25-1123,"English language and literature teachers, postsecondary",2,Computers and information technology,3.6
25-1123,"English language and literature teachers, postsecondary",3,Creativity and innovation,3.6
25-1123,"English language and literature teachers, postsecondary",4,Critical and analytical thinking,3.5
25-1123,"English language and literature teachers, postsecondary",5,Customer service,2.8
25-1123,"English language and literature teachers, postsecondary",6,Detail oriented,3.1
25-1123,"English language and literature teachers, postsecondary",7,Fine motor,1.4
25-1123,"English language and literature teachers, postsecondary",8,Interpersonal,3.8
25-1123,"English language and literature teachers, postsecondary",9,Leadership,3.5
25-1123,"English language and literature teachers, postsecondary",10,Mathematics,2.0
25-1123,"English language and literature teachers, postsecondary",11,Mechanical,1.2
25-1123,"English language and literature teachers, postsecondary",12,Physical strength and stamina,1.2
25-1123,"English language and literature teachers, postsecondary",13,Problem solving and decision making,3.6
25-1123,"English language and literature teachers, postsecondary",14,Project management,2.6
25-1123,"English language and literature teachers, postsecondary",15,Science,1.6
25-1123,"English language and literature teachers, postsecondary",16,Speaking and listening,4.1
25-1123,"English language and literature teachers, postsecondary",17,Writing and reading,4.5
25-1124,"Foreign language and literature teachers, postsecondary",1,Adaptability,4.1
25-1124,"Foreign language and literature teachers, postsecondary",2,Computers and information technology,3.3
25-1124,"Foreign language and literature teachers, postsecondary",3,Creativity and innovation,3.5
25-1124,"Foreign language and literature teachers, postsecondary",4,Critical and analytical thinking,3.4
25-1124,"Foreign language and literature teachers, postsecondary",5,Customer service,2.3
25-1124,"Foreign language and literature teachers, postsecondary",6,Detail oriented,3.0
25-1124,"Foreign language and literature teachers, postsecondary",7,Fine motor,1.4
25-1124,"Foreign language and literature teachers, postsecondary",8,Interpersonal,3.4
25-1124,"Foreign language and literature teachers, postsecondary",9,Leadership,2.9
25-1124,"Foreign language and literature teachers, postsecondary",10,Mathematics,1.9
25-1124,"Foreign language and literature teachers, postsecondary",11,Mechanical,1.1
25-1124,"Foreign language and literature teachers, postsecondary",12,Physical strength and stamina,1.2
25-1124,"Foreign language and literature teachers, postsecondary",13,Problem solving and decision making,3.5
25-1124,"Foreign language and literature teachers, postsecondary",14,Project management,2.2
25-1124,"Foreign language and literature teachers, postsecondary",15,Science,1.2
25-1124,"Foreign language and literature teachers, postsecondary",16,Speaking and listening,3.9
25-1124,"Foreign language and literature teachers, postsecondary",17,Writing and reading,4.0
25-1125,"History teachers, postsecondary",1,Adaptability,4.2
25-1125,"History teachers, postsecondary",2,Computers and information technology,3.5
25-1125,"History teachers, postsecondary",3,Creativity and innovation,3.5
25-1125,"History teachers, postsecondary",4,Critical and analytical thinking,3.8
25-1125,"History teachers, postsecondary",5,Customer service,2.5
25-1125,"History teachers, postsecondary",6,Detail oriented,3.5
25-1125,"History teachers, postsecondary",7,Fine motor,1.3
25-1125,"History teachers, postsecondary",8,Interpersonal,3.5
25-1125,"History teachers, postsecondary",9,Leadership,3.0
25-1125,"History teachers, postsecondary",10,Mathematics,2.2
25-1125,"History teachers, postsecondary",11,Mechanical,1.1
25-1125,"History teachers, postsecondary",12,Physical strength and stamina,1.2
25-1125,"History teachers, postsecondary",13,Problem solving and decision making,3.7
25-1125,"History teachers, postsecondary",14,Project management,2.6
25-1125,"History teachers, postsecondary",15,Science,1.5
25-1125,"History teachers, postsecondary",16,Speaking and listening,4.0
25-1125,"History teachers, postsecondary",17,Writing and reading,4.2
25-1126,"Philosophy and religion teachers, postsecondary",1,Adaptability,3.8
25-1126,"Philosophy and religion teachers, postsecondary",2,Computers and information technology,3.4
25-1126,"Philosophy and religion teachers, postsecondary",3,Creativity and innovation,3.1
25-1126,"Philosophy and religion teachers, postsecondary",4,Critical and analytical thinking,3.6
25-1126,"Philosophy and religion teachers, postsecondary",5,Customer service,2.7
25-1126,"Philosophy and religion teachers, postsecondary",6,Detail oriented,3.3
25-1126,"Philosophy and religion teachers, postsecondary",7,Fine motor,1.4
25-1126,"Philosophy and religion teachers, postsecondary",8,Interpersonal,3.5
25-1126,"Philosophy and religion teachers, postsecondary",9,Leadership,3.3
25-1126,"Philosophy and religion teachers, postsecondary",10,Mathematics,2.0
25-1126,"Philosophy and religion teachers, postsecondary",11,Mechanical,1.1
25-1126,"Philosophy and religion teachers, postsecondary",12,Physical strength and stamina,1.2
25-1126,"Philosophy and religion teachers, postsecondary",13,Problem solving and decision making,3.8
25-1126,"Philosophy and religion teachers, postsecondary",14,Project management,2.5
25-1126,"Philosophy and religion teachers, postsecondary",15,Science,1.4
25-1126,"Philosophy and religion teachers, postsecondary",16,Speaking and listening,3.8
25-1126,"Philosophy and religion teachers, postsecondary",17,Writing and reading,4.2
25-1192,"Family and consumer sciences teachers, postsecondary",1,Adaptability,4.1
25-1192,"Family and consumer sciences teachers, postsecondary",2,Computers and information technology,3.5
25-1192,"Family and consumer sciences teachers, postsecondary",3,Creativity and innovation,3.0
25-1192,"Family and consumer sciences teachers, postsecondary",4,Critical and analytical thinking,3.4
25-1192,"Family and consumer sciences teachers, postsecondary",5,Customer service,2.9
25-1192,"Family and consumer sciences teachers, postsecondary",6,Detail oriented,3.2
25-1192,"Family and consumer sciences teachers, postsecondary",7,Fine motor,1.7
25-1192,"Family and consumer sciences teachers, postsecondary",8,Interpersonal,3.5
25-1192,"Family and consumer sciences teachers, postsecondary",9,Leadership,3.4
25-1192,"Family and consumer sciences teachers, postsecondary",10,Mathematics,2.7
25-1192,"Family and consumer sciences teachers, postsecondary",11,Mechanical,1.2
25-1192,"Family and consumer sciences teachers, postsecondary",12,Physical strength and stamina,1.3
25-1192,"Family and consumer sciences teachers, postsecondary",13,Problem solving and decision making,3.7
25-1192,"Family and consumer sciences teachers, postsecondary",14,Project management,2.7
25-1192,"Family and consumer sciences teachers, postsecondary",15,Science,1.9
25-1192,"Family and consumer sciences teachers, postsecondary",16,Speaking and listening,3.7
25-1192,"Family and consumer sciences teachers, postsecondary",17,Writing and reading,3.9
25-1193,"Recreation and fitness studies teachers, postsecondary",1,Adaptability,4.0
25-1193,"Recreation and fitness studies teachers, postsecondary",2,Computers and information technology,3.5
25-1193,"Recreation and fitness studies teachers, postsecondary",3,Creativity and innovation,3.2
25-1193,"Recreation and fitness studies teachers, postsecondary",4,Critical and analytical thinking,3.6
25-1193,"Recreation and fitness studies teachers, postsecondary",5,Customer service,3.2
25-1193,"Recreation and fitness studies teachers, postsecondary",6,Detail oriented,3.4
25-1193,"Recreation and fitness studies teachers, postsecondary",7,Fine motor,1.4
25-1193,"Recreation and fitness studies teachers, postsecondary",8,Interpersonal,3.7
25-1193,"Recreation and fitness studies teachers, postsecondary",9,Leadership,3.7
25-1193,"Recreation and fitness studies teachers, postsecondary",10,Mathematics,2.5
25-1193,"Recreation and fitness studies teachers, postsecondary",11,Mechanical,1.3
25-1193,"Recreation and fitness studies teachers, postsecondary",12,Physical strength and stamina,1.6
25-1193,"Recreation and fitness studies teachers, postsecondary",13,Problem solving and decision making,3.8
25-1193,"Recreation and fitness studies teachers, postsecondary",14,Project management,2.9
25-1193,"Recreation and fitness studies teachers, postsecondary",15,Science,2.7
25-1193,"Recreation and fitness studies teachers, postsecondary",16,Speaking and listening,3.8
25-1193,"Recreation and fitness studies teachers, postsecondary",17,Writing and reading,4.0
25-1194,"Career/technical education teachers, postsecondary",1,Adaptability,4.2
25-1194,"Career/technical education teachers, postsecondary",2,Computers and information technology,3.3
25-1194,"Career/technical education teachers, postsecondary",3,Creativity and innovation,3.0
25-1194,"Career/technical education teachers, postsecondary",4,Critical and analytical thinking,3.4
25-1194,"Career/technical education teachers, postsecondary",5,Customer service,3.1
25-1194,"Career/technical education teachers, postsecondary",6,Detail oriented,3.6
25-1194,"Career/technical education teachers, postsecondary",7,Fine motor,2.6
25-1194,"Career/technical education teachers, postsecondary",8,Interpersonal,3.7
25-1194,"Career/technical education teachers, postsecondary",9,Leadership,3.7
25-1194,"Career/technical education teachers, postsecondary",10,Mathematics,2.6
25-1194,"Career/technical education teachers, postsecondary",11,Mechanical,2.5
25-1194,"Career/technical education teachers, postsecondary",12,Physical strength and stamina,2.2
25-1194,"Career/technical education teachers, postsecondary",13,Problem solving and decision making,3.5
25-1194,"Career/technical education teachers, postsecondary",14,Project management,3.0
25-1194,"Career/technical education teachers, postsecondary",15,Science,2.5
25-1194,"Career/technical education teachers, postsecondary",16,Speaking and listening,3.8
25-1194,"Career/technical education teachers, postsecondary",17,Writing and reading,3.8
25-1199,"Postsecondary teachers, all other",1,Adaptability,4.2
25-1199,"Postsecondary teachers, all other",2,Computers and information technology,3.6
25-1199,"Postsecondary teachers, all other",3,Creativity and innovation,3.3
25-1199,"Postsecondary teachers, all other",4,Critical and analytical thinking,3.6
25-1199,"Postsecondary teachers, all other",5,Customer service,2.9
25-1199,"Postsecondary teachers, all other",6,Detail oriented,3.4
25-1199,"Postsecondary teachers, all other",7,Fine motor,1.8
25-1199,"Postsecondary teachers, all other",8,Interpersonal,3.6
25-1199,"Postsecondary teachers, all other",9,Leadership,3.5
25-1199,"Postsecondary teachers, all other",10,Mathematics,2.8
25-1199,"Postsecondary teachers, all other",11,Mechanical,1.5
25-1199,"Postsecondary teachers, all other",12,Physical strength and stamina,1.5
25-1199,"Postsecondary teachers, all other",13,Problem solving and decision making,3.7
25-1199,"Postsecondary teachers, all other",14,Project management,2.7
25-1199,"Postsecondary teachers, all other",15,Science,2.4
25-1199,"Postsecondary teachers, all other",16,Speaking and listening,4.0
25-1199,"Postsecondary teachers, all other",17,Writing and reading,4.1
25-2011,"Preschool teachers, except special education",1,Adaptability,4.0
25-2011,"Preschool teachers, except special education",2,Computers and information technology,2.1
25-2011,"Preschool teachers, except special education",3,Creativity and innovation,3.4
25-2011,"Preschool teachers, except special education",4,Critical and analytical thinking,2.9
25-2011,"Preschool teachers, except special education",5,Customer service,2.9
25-2011,"Preschool teachers, except special education",6,Detail oriented,3.4
25-2011,"Preschool teachers, except special education",7,Fine motor,2.0
25-2011,"Preschool teachers, except special education",8,Interpersonal,4.1
25-2011,"Preschool teachers, except special education",9,Leadership,3.2
25-2011,"Preschool teachers, except special education",10,Mathematics,2.2
25-2011,"Preschool teachers, except special education",11,Mechanical,1.3
25-2011,"Preschool teachers, except special education",12,Physical strength and stamina,2.5
25-2011,"Preschool teachers, except special education",13,Problem solving and decision making,3.3
25-2011,"Preschool teachers, except special education",14,Project management,2.5
25-2011,"Preschool teachers, except special education",15,Science,1.4
25-2011,"Preschool teachers, except special education",16,Speaking and listening,3.5
25-2011,"Preschool teachers, except special education",17,Writing and reading,3.2
25-2012,"Kindergarten teachers, except special education",1,Adaptability,4.2
25-2012,"Kindergarten teachers, except special education",2,Computers and information technology,3.3
25-2012,"Kindergarten teachers, except special education",3,Creativity and innovation,3.6
25-2012,"Kindergarten teachers, except special education",4,Critical and analytical thinking,3.2
25-2012,"Kindergarten teachers, except special education",5,Customer service,3.2
25-2012,"Kindergarten teachers, except special education",6,Detail oriented,3.3
25-2012,"Kindergarten teachers, except special education",7,Fine motor,2.0
25-2012,"Kindergarten teachers, except special education",8,Interpersonal,4.1
25-2012,"Kindergarten teachers, except special education",9,Leadership,3.5
25-2012,"Kindergarten teachers, except special education",10,Mathematics,2.9
25-2012,"Kindergarten teachers, except special education",11,Mechanical,1.2
25-2012,"Kindergarten teachers, except special education",12,Physical strength and stamina,2.3
25-2012,"Kindergarten teachers, except special education",13,Problem solving and decision making,3.7
25-2012,"Kindergarten teachers, except special education",14,Project management,2.6
25-2012,"Kindergarten teachers, except special education",15,Science,1.7
25-2012,"Kindergarten teachers, except special education",16,Speaking and listening,3.7
25-2012,"Kindergarten teachers, except special education",17,Writing and reading,3.6
25-2021,"Elementary school teachers, except special education",1,Adaptability,4.3
25-2021,"Elementary school teachers, except special education",2,Computers and information technology,3.5
25-2021,"Elementary school teachers, except special education",3,Creativity and innovation,3.5
25-2021,"Elementary school teachers, except special education",4,Critical and analytical thinking,3.4
25-2021,"Elementary school teachers, except special education",5,Customer service,3.6
25-2021,"Elementary school teachers, except special education",6,Detail oriented,3.2
25-2021,"Elementary school teachers, except special education",7,Fine motor,1.7
25-2021,"Elementary school teachers, except special education",8,Interpersonal,4.2
25-2021,"Elementary school teachers, except special education",9,Leadership,3.8
25-2021,"Elementary school teachers, except special education",10,Mathematics,3.1
25-2021,"Elementary school teachers, except special education",11,Mechanical,1.2
25-2021,"Elementary school teachers, except special education",12,Physical strength and stamina,2.0
25-2021,"Elementary school teachers, except special education",13,Problem solving and decision making,3.7
25-2021,"Elementary school teachers, except special education",14,Project management,2.5
25-2021,"Elementary school teachers, except special education",15,Science,1.7
25-2021,"Elementary school teachers, except special education",16,Speaking and listening,4.1
25-2021,"Elementary school teachers, except special education",17,Writing and reading,3.8
25-2022,"Middle school teachers, except special and career/technical education",1,Adaptability,4.3
25-2022,"Middle school teachers, except special and career/technical education",2,Computers and information technology,3.5
25-2022,"Middle school teachers, except special and career/technical education",3,Creativity and innovation,3.4
25-2022,"Middle school teachers, except special and career/technical education",4,Critical and analytical thinking,3.2
25-2022,"Middle school teachers, except special and career/technical education",5,Customer service,3.0
25-2022,"Middle school teachers, except special and career/technical education",6,Detail oriented,3.1
25-2022,"Middle school teachers, except special and career/technical education",7,Fine motor,1.8
25-2022,"Middle school teachers, except special and career/technical education",8,Interpersonal,4.2
25-2022,"Middle school teachers, except special and career/technical education",9,Leadership,3.9
25-2022,"Middle school teachers, except special and career/technical education",10,Mathematics,3.1
25-2022,"Middle school teachers, except special and career/technical education",11,Mechanical,1.2
25-2022,"Middle school teachers, except special and career/technical education",12,Physical strength and stamina,1.6
25-2022,"Middle school teachers, except special and career/technical education",13,Problem solving and decision making,3.8
25-2022,"Middle school teachers, except special and career/technical education",14,Project management,2.8
25-2022,"Middle school teachers, except special and career/technical education",15,Science,2.0
25-2022,"Middle school teachers, except special and career/technical education",16,Speaking and listening,3.9
25-2022,"Middle school teachers, except special and career/technical education",17,Writing and reading,3.9
25-2023,"Career/technical education teachers, middle school",1,Adaptability,4.2
25-2023,"Career/technical education teachers, middle school",2,Computers and information technology,3.6
25-2023,"Career/technical education teachers, middle school",3,Creativity and innovation,3.3
25-2023,"Career/technical education teachers, middle school",4,Critical and analytical thinking,3.5
25-2023,"Career/technical education teachers, middle school",5,Customer service,3.3
25-2023,"Career/technical education teachers, middle school",6,Detail oriented,3.5
25-2023,"Career/technical education teachers, middle school",7,Fine motor,2.3
25-2023,"Career/technical education teachers, middle school",8,Interpersonal,3.9
25-2023,"Career/technical education teachers, middle school",9,Leadership,3.7
25-2023,"Career/technical education teachers, middle school",10,Mathematics,2.7
25-2023,"Career/technical education teachers, middle school",11,Mechanical,1.8
25-2023,"Career/technical education teachers, middle school",12,Physical strength and stamina,2.0
25-2023,"Career/technical education teachers, middle school",13,Problem solving and decision making,3.7
25-2023,"Career/technical education teachers, middle school",14,Project management,2.9
25-2023,"Career/technical education teachers, middle school",15,Science,2.0
25-2023,"Career/technical education teachers, middle school",16,Speaking and listening,3.8
25-2023,"Career/technical education teachers, middle school",17,Writing and reading,3.9
25-2031,"Secondary school teachers, except special and career/technical education",1,Adaptability,4.3
25-2031,"Secondary school teachers, except special and career/technical education",2,Computers and information technology,3.6
25-2031,"Secondary school teachers, except special and career/technical education",3,Creativity and innovation,3.2
25-2031,"Secondary school teachers, except special and career/technical education",4,Critical and analytical thinking,3.4
25-2031,"Secondary school teachers, except special and career/technical education",5,Customer service,3.2
25-2031,"Secondary school teachers, except special and career/technical education",6,Detail oriented,3.1
25-2031,"Secondary school teachers, except special and career/technical education",7,Fine motor,1.5
25-2031,"Secondary school teachers, except special and career/technical education",8,Interpersonal,4.0
25-2031,"Secondary school teachers, except special and career/technical education",9,Leadership,3.7
25-2031,"Secondary school teachers, except special and career/technical education",10,Mathematics,2.8
25-2031,"Secondary school teachers, except special and career/technical education",11,Mechanical,1.3
25-2031,"Secondary school teachers, except special and career/technical education",12,Physical strength and stamina,1.6
25-2031,"Secondary school teachers, except special and career/technical education",13,Problem solving and decision making,3.7
25-2031,"Secondary school teachers, except special and career/technical education",14,Project management,2.9
25-2031,"Secondary school teachers, except special and career/technical education",15,Science,1.9
25-2031,"Secondary school teachers, except special and career/technical education",16,Speaking and listening,4.0
25-2031,"Secondary school teachers, except special and career/technical education",17,Writing and reading,3.8
25-2032,"Career/technical education teachers, secondary school",1,Adaptability,4.3
25-2032,"Career/technical education teachers, secondary school",2,Computers and information technology,3.7
25-2032,"Career/technical education teachers, secondary school",3,Creativity and innovation,3.4
25-2032,"Career/technical education teachers, secondary school",4,Critical and analytical thinking,3.4
25-2032,"Career/technical education teachers, secondary school",5,Customer service,3.4
25-2032,"Career/technical education teachers, secondary school",6,Detail oriented,3.4
25-2032,"Career/technical education teachers, secondary school",7,Fine motor,2.4
25-2032,"Career/technical education teachers, secondary school",8,Interpersonal,4.1
25-2032,"Career/technical education teachers, secondary school",9,Leadership,4.0
25-2032,"Career/technical education teachers, secondary school",10,Mathematics,3.0
25-2032,"Career/technical education teachers, secondary school",11,Mechanical,2.3
25-2032,"Career/technical education teachers, secondary school",12,Physical strength and stamina,2.2
25-2032,"Career/technical education teachers, secondary school",13,Problem solving and decision making,3.9
25-2032,"Career/technical education teachers, secondary school",14,Project management,3.2
25-2032,"Career/technical education teachers, secondary school",15,Science,1.9
25-2032,"Career/technical education teachers, secondary school",16,Speaking and listening,4.0
25-2032,"Career/technical education teachers, secondary school",17,Writing and reading,4.1
25-2051,"Special education teachers, preschool",1,Adaptability,4.3
25-2051,"Special education teachers, preschool",2,Computers and information technology,3.6
25-2051,"Special education teachers, preschool",3,Creativity and innovation,3.0
25-2051,"Special education teachers, preschool",4,Critical and analytical thinking,3.4
25-2051,"Special education teachers, preschool",5,Customer service,2.8
25-2051,"Special education teachers, preschool",6,Detail oriented,3.3
25-2051,"Special education teachers, preschool",7,Fine motor,2.1
25-2051,"Special education teachers, preschool",8,Interpersonal,4.2
25-2051,"Special education teachers, preschool",9,Leadership,3.4
25-2051,"Special education teachers, preschool",10,Mathematics,2.3
25-2051,"Special education teachers, preschool",11,Mechanical,1.3
25-2051,"Special education teachers, preschool",12,Physical strength and stamina,2.3
25-2051,"Special education teachers, preschool",13,Problem solving and decision making,3.6
25-2051,"Special education teachers, preschool",14,Project management,2.4
25-2051,"Special education teachers, preschool",15,Science,1.6
25-2051,"Special education teachers, preschool",16,Speaking and listening,3.5
25-2051,"Special education teachers, preschool",17,Writing and reading,3.8
25-2052,"Special education teachers, kindergarten and elementary school",1,Adaptability,4.4
25-2052,"Special education teachers, kindergarten and elementary school",2,Computers and information technology,3.6
25-2052,"Special education teachers, kindergarten and elementary school",3,Creativity and innovation,3.1
25-2052,"Special education teachers, kindergarten and elementary school",4,Critical and analytical thinking,3.5
25-2052,"Special education teachers, kindergarten and elementary school",5,Customer service,3.1
25-2052,"Special education teachers, kindergarten and elementary school",6,Detail oriented,3.5
25-2052,"Special education teachers, kindergarten and elementary school",7,Fine motor,1.5
25-2052,"Special education teachers, kindergarten and elementary school",8,Interpersonal,4.2
25-2052,"Special education teachers, kindergarten and elementary school",9,Leadership,3.4
25-2052,"Special education teachers, kindergarten and elementary school",10,Mathematics,3.0
25-2052,"Special education teachers, kindergarten and elementary school",11,Mechanical,1.3
25-2052,"Special education teachers, kindergarten and elementary school",12,Physical strength and stamina,2.1
25-2052,"Special education teachers, kindergarten and elementary school",13,Problem solving and decision making,3.3
25-2052,"Special education teachers, kindergarten and elementary school",14,Project management,2.8
25-2052,"Special education teachers, kindergarten and elementary school",15,Science,1.7
25-2052,"Special education teachers, kindergarten and elementary school",16,Speaking and listening,3.7
25-2052,"Special education teachers, kindergarten and elementary school",17,Writing and reading,3.8
25-2057,"Special education teachers, middle school",1,Adaptability,4.4
25-2057,"Special education teachers, middle school",2,Computers and information technology,3.3
25-2057,"Special education teachers, middle school",3,Creativity and innovation,3.2
25-2057,"Special education teachers, middle school",4,Critical and analytical thinking,3.3
25-2057,"Special education teachers, middle school",5,Customer service,3.4
25-2057,"Special education teachers, middle school",6,Detail oriented,3.5
25-2057,"Special education teachers, middle school",7,Fine motor,1.5
25-2057,"Special education teachers, middle school",8,Interpersonal,4.2
25-2057,"Special education teachers, middle school",9,Leadership,3.5
25-2057,"Special education teachers, middle school",10,Mathematics,3.0
25-2057,"Special education teachers, middle school",11,Mechanical,1.2
25-2057,"Special education teachers, middle school",12,Physical strength and stamina,1.6
25-2057,"Special education teachers, middle school",13,Problem solving and decision making,3.4
25-2057,"Special education teachers, middle school",14,Project management,2.3
25-2057,"Special education teachers, middle school",15,Science,1.9
25-2057,"Special education teachers, middle school",16,Speaking and listening,3.7
25-2057,"Special education teachers, middle school",17,Writing and reading,3.8
25-2058,"Special education teachers, secondary school",1,Adaptability,4.3
25-2058,"Special education teachers, secondary school",2,Computers and information technology,3.8
25-2058,"Special education teachers, secondary school",3,Creativity and innovation,3.2
25-2058,"Special education teachers, secondary school",4,Critical and analytical thinking,3.4
25-2058,"Special education teachers, secondary school",5,Customer service,3.5
25-2058,"Special education teachers, secondary school",6,Detail oriented,3.5
25-2058,"Special education teachers, secondary school",7,Fine motor,1.5
25-2058,"Special education teachers, secondary school",8,Interpersonal,4.3
25-2058,"Special education teachers, secondary school",9,Leadership,3.5
25-2058,"Special education teachers, secondary school",10,Mathematics,2.9
25-2058,"Special education teachers, secondary school",11,Mechanical,1.4
25-2058,"Special education teachers, secondary school",12,Physical strength and stamina,1.8
25-2058,"Special education teachers, secondary school",13,Problem solving and decision making,3.9
25-2058,"Special education teachers, secondary school",14,Project management,2.8
25-2058,"Special education teachers, secondary school",15,Science,2.1
25-2058,"Special education teachers, secondary school",16,Speaking and listening,3.8
25-2058,"Special education teachers, secondary school",17,Writing and reading,4.0
25-2059,"Special education teachers, all other",1,Adaptability,4.4
25-2059,"Special education teachers, all other",2,Computers and information technology,3.6
25-2059,"Special education teachers, all other",3,Creativity and innovation,3.1
25-2059,"Special education teachers, all other",4,Critical and analytical thinking,3.4
25-2059,"Special education teachers, all other",5,Customer service,3.2
25-2059,"Special education teachers, all other",6,Detail oriented,3.5
25-2059,"Special education teachers, all other",7,Fine motor,1.6
25-2059,"Special education teachers, all other",8,Interpersonal,4.2
25-2059,"Special education teachers, all other",9,Leadership,3.4
25-2059,"Special education teachers, all other",10,Mathematics,2.9
25-2059,"Special education teachers, all other",11,Mechanical,1.3
25-2059,"Special education teachers, all other",12,Physical strength and stamina,2.0
25-2059,"Special education teachers, all other",13,Problem solving and decision making,3.5
25-2059,"Special education teachers, all other",14,Project management,2.7
25-2059,"Special education teachers, all other",15,Science,1.9
25-2059,"Special education teachers, all other",16,Speaking and listening,3.7
25-2059,"Special education teachers, all other",17,Writing and reading,3.8
25-3011,"Adult basic education, adult secondary education, and english as a second language instructors",1,Adaptability,3.9
25-3011,"Adult basic education, adult secondary education, and english as a second language instructors",2,Computers and information technology,3.1
25-3011,"Adult basic education, adult secondary education, and english as a second language instructors",3,Creativity and innovation,3.2
25-3011,"Adult basic education, adult secondary education, and english as a second language instructors",4,Critical and analytical thinking,3.0
25-3011,"Adult basic education, adult secondary education, and english as a second language instructors",5,Customer service,2.8
25-3011,"Adult basic education, adult secondary education, and english as a second language instructors",6,Detail oriented,3.3
25-3011,"Adult basic education, adult secondary education, and english as a second language instructors",7,Fine motor,1.5
25-3011,"Adult basic education, adult secondary education, and english as a second language instructors",8,Interpersonal,3.6
25-3011,"Adult basic education, adult secondary education, and english as a second language instructors",9,Leadership,3.1
25-3011,"Adult basic education, adult secondary education, and english as a second language instructors",10,Mathematics,2.8
25-3011,"Adult basic education, adult secondary education, and english as a second language instructors",11,Mechanical,1.2
25-3011,"Adult basic education, adult secondary education, and english as a second language instructors",12,Physical strength and stamina,1.3
25-3011,"Adult basic education, adult secondary education, and english as a second language instructors",13,Problem solving and decision making,3.5
25-3011,"Adult basic education, adult secondary education, and english as a second language instructors",14,Project management,2.2
25-3011,"Adult basic education, adult secondary education, and english as a second language instructors",15,Science,1.5
25-3011,"Adult basic education, adult secondary education, and english as a second language instructors",16,Speaking and listening,3.6
25-3011,"Adult basic education, adult secondary education, and english as a second language instructors",17,Writing and reading,3.9
25-3021,Self-enrichment teachers,1,Adaptability,4.0
25-3021,Self-enrichment teachers,2,Computers and information technology,2.9
25-3021,Self-enrichment teachers,3,Creativity and innovation,3.3
25-3021,Self-enrichment teachers,4,Critical and analytical thinking,2.9
25-3021,Self-enrichment teachers,5,Customer service,2.8
25-3021,Self-enrichment teachers,6,Detail oriented,3.1
25-3021,Self-enrichment teachers,7,Fine motor,2.1
25-3021,Self-enrichment teachers,8,Interpersonal,3.7
25-3021,Self-enrichment teachers,9,Leadership,3.4
25-3021,Self-enrichment teachers,10,Mathematics,2.1
25-3021,Self-enrichment teachers,11,Mechanical,1.4
25-3021,Self-enrichment teachers,12,Physical strength and stamina,1.8
25-3021,Self-enrichment teachers,13,Problem solving and decision making,3.4
25-3021,Self-enrichment teachers,14,Project management,2.2
25-3021,Self-enrichment teachers,15,Science,1.5
25-3021,Self-enrichment teachers,16,Speaking and listening,3.4
25-3021,Self-enrichment teachers,17,Writing and reading,3.3
25-3031,"Substitute teachers, short-term",1,Adaptability,3.8
25-3031,"Substitute teachers, short-term",2,Computers and information technology,2.9
25-3031,"Substitute teachers, short-term",3,Creativity and innovation,2.6
25-3031,"Substitute teachers, short-term",4,Critical and analytical thinking,2.8
25-3031,"Substitute teachers, short-term",5,Customer service,2.5
25-3031,"Substitute teachers, short-term",6,Detail oriented,2.9
25-3031,"Substitute teachers, short-term",7,Fine motor,2.1
25-3031,"Substitute teachers, short-term",8,Interpersonal,3.7
25-3031,"Substitute teachers, short-term",9,Leadership,2.8
25-3031,"Substitute teachers, short-term",10,Mathematics,2.2
25-3031,"Substitute teachers, short-term",11,Mechanical,1.3
25-3031,"Substitute teachers, short-term",12,Physical strength and stamina,1.5
25-3031,"Substitute teachers, short-term",13,Problem solving and decision making,3.1
25-3031,"Substitute teachers, short-term",14,Project management,2.1
25-3031,"Substitute teachers, short-term",15,Science,1.4
25-3031,"Substitute teachers, short-term",16,Speaking and listening,3.6
25-3031,"Substitute teachers, short-term",17,Writing and reading,3.3
25-3041,Tutors,1,Adaptability,4.1
25-3041,Tutors,2,Computers and information technology,3.3
25-3041,Tutors,3,Creativity and innovation,3.1
25-3041,Tutors,4,Critical and analytical thinking,3.1
25-3041,Tutors,5,Customer service,3.2
25-3041,Tutors,6,Detail oriented,3.1
25-3041,Tutors,7,Fine motor,1.6
25-3041,Tutors,8,Interpersonal,4.1
25-3041,Tutors,9,Leadership,3.2
25-3041,Tutors,10,Mathematics,3.0
25-3041,Tutors,11,Mechanical,1.2
25-3041,Tutors,12,Physical strength and stamina,1.2
25-3041,Tutors,13,Problem solving and decision making,3.3
25-3041,Tutors,14,Project management,2.3
25-3041,Tutors,15,Science,2.4
25-3041,Tutors,16,Speaking and listening,3.6
25-3041,Tutors,17,Writing and reading,4.0
25-3099,"Teachers and instructors, all other",1,Adaptability,3.9
25-3099,"Teachers and instructors, all other",2,Computers and information technology,3.0
25-3099,"Teachers and instructors, all other",3,Creativity and innovation,2.9
25-3099,"Teachers and instructors, all other",4,Critical and analytical thinking,2.9
25-3099,"Teachers and instructors, all other",5,Customer service,2.7
25-3099,"Teachers and instructors, all other",6,Detail oriented,3.0
25-3099,"Teachers and instructors, all other",7,Fine motor,2.0
25-3099,"Teachers and instructors, all other",8,Interpersonal,3.8
25-3099,"Teachers and instructors, all other",9,Leadership,3.1
25-3099,"Teachers and instructors, all other",10,Mathematics,2.3
25-3099,"Teachers and instructors, all other",11,Mechanical,1.3
25-3099,"Teachers and instructors, all other",12,Physical strength and stamina,1.6
25-3099,"Teachers and instructors, all other",13,Problem solving and decision making,3.2
25-3099,"Teachers and instructors, all other",14,Project management,2.2
25-3099,"Teachers and instructors, all other",15,Science,1.6
25-3099,"Teachers and instructors, all other",16,Speaking and listening,3.5
25-3099,"Teachers and instructors, all other",17,Writing and reading,3.4
25-4011,Archivists,1,Adaptability,3.6
25-4011,Archivists,2,Computers and information technology,3.9
25-4011,Archivists,3,Creativity and innovation,2.9
25-4011,Archivists,4,Critical and analytical thinking,3.3
25-4011,Archivists,5,Customer service,3.1
25-4011,Archivists,6,Detail oriented,3.6
25-4011,Archivists,7,Fine motor,2.0
25-4011,Archivists,8,Interpersonal,3.1
25-4011,Archivists,9,Leadership,3.2
25-4011,Archivists,10,Mathematics,2.2
25-4011,Archivists,11,Mechanical,1.4
25-4011,Archivists,12,Physical strength and stamina,1.9
25-4011,Archivists,13,Problem solving and decision making,3.3
25-4011,Archivists,14,Project management,3.0
25-4011,Archivists,15,Science,1.6
25-4011,Archivists,16,Speaking and listening,3.3
25-4011,Archivists,17,Writing and reading,4.0
25-4012,Curators,1,Adaptability,3.8
25-4012,Curators,2,Computers and information technology,3.6
25-4012,Curators,3,Creativity and innovation,3.9
25-4012,Curators,4,Critical and analytical thinking,3.6
25-4012,Curators,5,Customer service,3.1
25-4012,Curators,6,Detail oriented,3.5
25-4012,Curators,7,Fine motor,1.9
25-4012,Curators,8,Interpersonal,3.2
25-4012,Curators,9,Leadership,3.4
25-4012,Curators,10,Mathematics,2.7
25-4012,Curators,11,Mechanical,1.5
25-4012,Curators,12,Physical strength and stamina,1.9
25-4012,Curators,13,Problem solving and decision making,3.8
25-4012,Curators,14,Project management,3.4
25-4012,Curators,15,Science,1.6
25-4012,Curators,16,Speaking and listening,3.7
25-4012,Curators,17,Writing and reading,3.9
25-4013,Museum technicians and conservators,1,Adaptability,3.5
25-4013,Museum technicians and conservators,2,Computers and information technology,3.0
25-4013,Museum technicians and conservators,3,Creativity and innovation,3.6
25-4013,Museum technicians and conservators,4,Critical and analytical thinking,3.0
25-4013,Museum technicians and conservators,5,Customer service,2.5
25-4013,Museum technicians and conservators,6,Detail oriented,3.8
25-4013,Museum technicians and conservators,7,Fine motor,3.0
25-4013,Museum technicians and conservators,8,Interpersonal,2.9
25-4013,Museum technicians and conservators,9,Leadership,2.8
25-4013,Museum technicians and conservators,10,Mathematics,2.3
25-4013,Museum technicians and conservators,11,Mechanical,2.0
25-4013,Museum technicians and conservators,12,Physical strength and stamina,2.4
25-4013,Museum technicians and conservators,13,Problem solving and decision making,3.5
25-4013,Museum technicians and conservators,14,Project management,2.5
25-4013,Museum technicians and conservators,15,Science,2.4
25-4013,Museum technicians and conservators,16,Speaking and listening,3.3
25-4013,Museum technicians and conservators,17,Writing and reading,3.3
25-4022,Librarians and media collections specialists,1,Adaptability,4.0
25-4022,Librarians and media collections specialists,2,Computers and information technology,3.9
25-4022,Librarians and media collections specialists,3,Creativity and innovation,3.1
25-4022,Librarians and media collections specialists,4,Critical and analytical thinking,3.1
25-4022,Librarians and media collections specialists,5,Customer service,3.5
25-4022,Librarians and media collections specialists,6,Detail oriented,3.2
25-4022,Librarians and media collections specialists,7,Fine motor,2.2
25-4022,Librarians and media collections specialists,8,Interpersonal,3.7
25-4022,Librarians and media collections specialists,9,Leadership,3.1
25-4022,Librarians and media collections specialists,10,Mathematics,2.2
25-4022,Librarians and media collections specialists,11,Mechanical,1.3
25-4022,Librarians and media collections specialists,12,Physical strength and stamina,1.8
25-4022,Librarians and media collections specialists,13,Problem solving and decision making,3.3
25-4022,Librarians and media collections specialists,14,Project management,3.1
25-4022,Librarians and media collections specialists,15,Science,1.3
25-4022,Librarians and media collections specialists,16,Speaking and listening,3.7
25-4022,Librarians and media collections specialists,17,Writing and reading,3.9
25-4031,Library technicians,1,Adaptability,3.8
25-4031,Library technicians,2,Computers and information technology,3.5
25-4031,Library technicians,3,Creativity and innovation,2.6
25-4031,Library technicians,4,Critical and analytical thinking,2.7
25-4031,Library technicians,5,Customer service,3.2
25-4031,Library technicians,6,Detail oriented,3.3
25-4031,Library technicians,7,Fine motor,2.5
25-4031,Library technicians,8,Interpersonal,3.4
25-4031,Library technicians,9,Leadership,2.5
25-4031,Library technicians,10,Mathematics,2.2
25-4031,Library technicians,11,Mechanical,1.4
25-4031,Library technicians,12,Physical strength and stamina,2.2
25-4031,Library technicians,13,Problem solving and decision making,3.1
25-4031,Library technicians,14,Project management,2.6
25-4031,Library technicians,15,Science,1.3
25-4031,Library technicians,16,Speaking and listening,3.1
25-4031,Library technicians,17,Writing and reading,3.1
25-9021,Farm and home management educators,1,Adaptability,4.0
25-9021,Farm and home management educators,2,Computers and information technology,3.5
25-9021,Farm and home management educators,3,Creativity and innovation,3.1
25-9021,Farm and home management educators,4,Critical and analytical thinking,3.6
25-9021,Farm and home management educators,5,Customer service,3.5
25-9021,Farm and home management educators,6,Detail oriented,3.2
25-9021,Farm and home management educators,7,Fine motor,2.0
25-9021,Farm and home management educators,8,Interpersonal,3.7
25-9021,Farm and home management educators,9,Leadership,3.5
25-9021,Farm and home management educators,10,Mathematics,3.0
25-9021,Farm and home management educators,11,Mechanical,1.7
25-9021,Farm and home management educators,12,Physical strength and stamina,1.9
25-9021,Farm and home management educators,13,Problem solving and decision making,3.8
25-9021,Farm and home management educators,14,Project management,3.4
25-9021,Farm and home management educators,15,Science,2.7
25-9021,Farm and home management educators,16,Speaking and listening,3.9
25-9021,Farm and home management educators,17,Writing and reading,4.0
25-9031,Instructional coordinators,1,Adaptability,4.1
25-9031,Instructional coordinators,2,Computers and information technology,3.7
25-9031,Instructional coordinators,3,Creativity and innovation,3.4
25-9031,Instructional coordinators,4,Critical and analytical thinking,3.6
25-9031,Instructional coordinators,5,Customer service,3.1
25-9031,Instructional coordinators,6,Detail oriented,3.1
25-9031,Instructional coordinators,7,Fine motor,1.5
25-9031,Instructional coordinators,8,Interpersonal,3.9
25-9031,Instructional coordinators,9,Leadership,3.9
25-9031,Instructional coordinators,10,Mathematics,3.1
25-9031,Instructional coordinators,11,Mechanical,1.3
25-9031,Instructional coordinators,12,Physical strength and stamina,1.4
25-9031,Instructional coordinators,13,Problem solving and decision making,3.7
25-9031,Instructional coordinators,14,Project management,3.3
25-9031,Instructional coordinators,15,Science,1.5
25-9031,Instructional coordinators,16,Speaking and listening,4.0
25-9031,Instructional coordinators,17,Writing and reading,4.1
25-9044,"Teaching assistants, postsecondary",1,Adaptability,3.8
25-9044,"Teaching assistants, postsecondary",2,Computers and information technology,3.6
25-9044,"Teaching assistants, postsecondary",3,Creativity and innovation,3.1
25-9044,"Teaching assistants, postsecondary",4,Critical and analytical thinking,2.9
25-9044,"Teaching assistants, postsecondary",5,Customer service,2.4
25-9044,"Teaching assistants, postsecondary",6,Detail oriented,3.4
25-9044,"Teaching assistants, postsecondary",7,Fine motor,1.7
25-9044,"Teaching assistants, postsecondary",8,Interpersonal,3.5
25-9044,"Teaching assistants, postsecondary",9,Leadership,3.1
25-9044,"Teaching assistants, postsecondary",10,Mathematics,2.5
25-9044,"Teaching assistants, postsecondary",11,Mechanical,1.3
25-9044,"Teaching assistants, postsecondary",12,Physical strength and stamina,1.3
25-9044,"Teaching assistants, postsecondary",13,Problem solving and decision making,3.1
25-9044,"Teaching assistants, postsecondary",14,Project management,2.3
25-9044,"Teaching assistants, postsecondary",15,Science,2.1
25-9044,"Teaching assistants, postsecondary",16,Speaking and listening,3.6
25-9044,"Teaching assistants, postsecondary",17,Writing and reading,3.7
25-9045,"Teaching assistants, except postsecondary",1,Adaptability,4.0
25-9045,"Teaching assistants, except postsecondary",2,Computers and information technology,2.9
25-9045,"Teaching assistants, except postsecondary",3,Creativity and innovation,3.0
25-9045,"Teaching assistants, except postsecondary",4,Critical and analytical thinking,2.8
25-9045,"Teaching assistants, except postsecondary",5,Customer service,2.9
25-9045,"Teaching assistants, except postsecondary",6,Detail oriented,3.2
25-9045,"Teaching assistants, except postsecondary",7,Fine motor,1.8
25-9045,"Teaching assistants, except postsecondary",8,Interpersonal,4.0
25-9045,"Teaching assistants, except postsecondary",9,Leadership,2.9
25-9045,"Teaching assistants, except postsecondary",10,Mathematics,2.5
25-9045,"Teaching assistants, except postsecondary",11,Mechanical,1.3
25-9045,"Teaching assistants, except postsecondary",12,Physical strength and stamina,2.3
25-9045,"Teaching assistants, except postsecondary",13,Problem solving and decision making,3.3
25-9045,"Teaching assistants, except postsecondary",14,Project management,2.5
25-9045,"Teaching assistants, except postsecondary",15,Science,1.8
25-9045,"Teaching assistants, except postsecondary",16,Speaking and listening,3.4
25-9045,"Teaching assistants, except postsecondary",17,Writing and reading,3.4
25-9099,"Educational instruction and library workers, all other",1,Adaptability,4.0
25-9099,"Educational instruction and library workers, all other",2,Computers and information technology,3.1
25-9099,"Educational instruction and library workers, all other",3,Creativity and innovation,3.1
25-9099,"Educational instruction and library workers, all other",4,Critical and analytical thinking,2.9
25-9099,"Educational instruction and library workers, all other",5,Customer service,2.8
25-9099,"Educational instruction and library workers, all other",6,Detail oriented,3.2
25-9099,"Educational instruction and library workers, all other",7,Fine motor,1.8
25-9099,"Educational instruction and library workers, all other",8,Interpersonal,4.0
25-9099,"Educational instruction and library workers, all other",9,Leadership,3.0
25-9099,"Educational instruction and library workers, all other",10,Mathematics,2.6
25-9099,"Educational instruction and library workers, all other",11,Mechanical,1.3
25-9099,"Educational instruction and library workers, all other",12,Physical strength and stamina,2.1
25-9099,"Educational instruction and library workers, all other",13,Problem solving and decision making,3.4
25-9099,"Educational instruction and library workers, all other",14,Project management,2.6
25-9099,"Educational instruction and library workers, all other",15,Science,1.8
25-9099,"Educational instruction and library workers, all other",16,Speaking and listening,3.5
25-9099,"Educational instruction and library workers, all other",17,Writing and reading,3.6
27-1011,Art directors,1,Adaptability,4.0
27-1011,Art directors,2,Computers and information technology,3.6
27-1011,Art directors,3,Creativity and innovation,4.4
27-1011,Art directors,4,Critical and analytical thinking,3.5
27-1011,Art directors,5,Customer service,2.6
27-1011,Art directors,6,Detail oriented,3.3
27-1011,Art directors,7,Fine motor,2.4
27-1011,Art directors,8,Interpersonal,3.4
27-1011,Art directors,9,Leadership,3.2
27-1011,Art directors,10,Mathematics,2.3
27-1011,Art directors,11,Mechanical,1.3
27-1011,Art directors,12,Physical strength and stamina,1.2
27-1011,Art directors,13,Problem solving and decision making,3.7
27-1011,Art directors,14,Project management,2.8
27-1011,Art directors,15,Science,1.2
27-1011,Art directors,16,Speaking and listening,3.7
27-1011,Art directors,17,Writing and reading,3.6
27-1012,Craft artists,1,Adaptability,3.2
27-1012,Craft artists,2,Computers and information technology,2.9
27-1012,Craft artists,3,Creativity and innovation,4.2
27-1012,Craft artists,4,Critical and analytical thinking,2.8
27-1012,Craft artists,5,Customer service,2.9
27-1012,Craft artists,6,Detail oriented,3.2
27-1012,Craft artists,7,Fine motor,3.4
27-1012,Craft artists,8,Interpersonal,2.6
27-1012,Craft artists,9,Leadership,2.2
27-1012,Craft artists,10,Mathematics,2.4
27-1012,Craft artists,11,Mechanical,2.1
27-1012,Craft artists,12,Physical strength and stamina,2.2
27-1012,Craft artists,13,Problem solving and decision making,3.0
27-1012,Craft artists,14,Project management,2.9
27-1012,Craft artists,15,Science,1.4
27-1012,Craft artists,16,Speaking and listening,2.9
27-1012,Craft artists,17,Writing and reading,2.7
27-1013,"Fine artists, including painters, sculptors, and illustrators",1,Adaptability,3.8
27-1013,"Fine artists, including painters, sculptors, and illustrators",2,Computers and information technology,3.0
27-1013,"Fine artists, including painters, sculptors, and illustrators",3,Creativity and innovation,4.2
27-1013,"Fine artists, including painters, sculptors, and illustrators",4,Critical and analytical thinking,2.9
27-1013,"Fine artists, including painters, sculptors, and illustrators",5,Customer service,2.4
27-1013,"Fine artists, including painters, sculptors, and illustrators",6,Detail oriented,3.5
27-1013,"Fine artists, including painters, sculptors, and illustrators",7,Fine motor,3.3
27-1013,"Fine artists, including painters, sculptors, and illustrators",8,Interpersonal,2.9
27-1013,"Fine artists, including painters, sculptors, and illustrators",9,Leadership,1.8
27-1013,"Fine artists, including painters, sculptors, and illustrators",10,Mathematics,2.4
27-1013,"Fine artists, including painters, sculptors, and illustrators",11,Mechanical,1.7
27-1013,"Fine artists, including painters, sculptors, and illustrators",12,Physical strength and stamina,2.2
27-1013,"Fine artists, including painters, sculptors, and illustrators",13,Problem solving and decision making,3.3
27-1013,"Fine artists, including painters, sculptors, and illustrators",14,Project management,2.4
27-1013,"Fine artists, including painters, sculptors, and illustrators",15,Science,1.5
27-1013,"Fine artists, including painters, sculptors, and illustrators",16,Speaking and listening,2.9
27-1013,"Fine artists, including painters, sculptors, and illustrators",17,Writing and reading,2.8
27-1014,Special effects artists and animators,1,Adaptability,3.9
27-1014,Special effects artists and animators,2,Computers and information technology,3.9
27-1014,Special effects artists and animators,3,Creativity and innovation,3.7
27-1014,Special effects artists and animators,4,Critical and analytical thinking,3.2
27-1014,Special effects artists and animators,5,Customer service,2.8
27-1014,Special effects artists and animators,6,Detail oriented,3.8
27-1014,Special effects artists and animators,7,Fine motor,2.8
27-1014,Special effects artists and animators,8,Interpersonal,3.1
27-1014,Special effects artists and animators,9,Leadership,3.1
27-1014,Special effects artists and animators,10,Mathematics,2.4
27-1014,Special effects artists and animators,11,Mechanical,1.6
27-1014,Special effects artists and animators,12,Physical strength and stamina,1.2
27-1014,Special effects artists and animators,13,Problem solving and decision making,3.6
27-1014,Special effects artists and animators,14,Project management,2.5
27-1014,Special effects artists and animators,15,Science,1.2
27-1014,Special effects artists and animators,16,Speaking and listening,3.5
27-1014,Special effects artists and animators,17,Writing and reading,3.5
27-1019,"Artists and related workers, all other",1,Adaptability,3.9
27-1019,"Artists and related workers, all other",2,Computers and information technology,3.6
27-1019,"Artists and related workers, all other",3,Creativity and innovation,4.2
27-1019,"Artists and related workers, all other",4,Critical and analytical thinking,3.3
27-1019,"Artists and related workers, all other",5,Customer service,2.6
27-1019,"Artists and related workers, all other",6,Detail oriented,3.5
27-1019,"Artists and related workers, all other",7,Fine motor,2.6
27-1019,"Artists and related workers, all other",8,Interpersonal,3.2
27-1019,"Artists and related workers, all other",9,Leadership,3.0
27-1019,"Artists and related workers, all other",10,Mathematics,2.3
27-1019,"Artists and related workers, all other",11,Mechanical,1.4
27-1019,"Artists and related workers, all other",12,Physical strength and stamina,1.4
27-1019,"Artists and related workers, all other",13,Problem solving and decision making,3.6
27-1019,"Artists and related workers, all other",14,Project management,2.7
27-1019,"Artists and related workers, all other",15,Science,1.3
27-1019,"Artists and related workers, all other",16,Speaking and listening,3.5
27-1019,"Artists and related workers, all other",17,Writing and reading,3.4
27-1021,Commercial and industrial designers,1,Adaptability,3.5
27-1021,Commercial and industrial designers,2,Computers and information technology,3.8
27-1021,Commercial and industrial designers,3,Creativity and innovation,3.4
27-1021,Commercial and industrial designers,4,Critical and analytical thinking,3.5
27-1021,Commercial and industrial designers,5,Customer service,2.8
27-1021,Commercial and industrial designers,6,Detail oriented,3.8
27-1021,Commercial and industrial designers,7,Fine motor,2.3
27-1021,Commercial and industrial designers,8,Interpersonal,3.0
27-1021,Commercial and industrial designers,9,Leadership,2.7
27-1021,Commercial and industrial designers,10,Mathematics,3.0
27-1021,Commercial and industrial designers,11,Mechanical,1.9
27-1021,Commercial and industrial designers,12,Physical strength and stamina,1.4
27-1021,Commercial and industrial designers,13,Problem solving and decision making,3.8
27-1021,Commercial and industrial designers,14,Project management,2.7
27-1021,Commercial and industrial designers,15,Science,2.5
27-1021,Commercial and industrial designers,16,Speaking and listening,3.4
27-1021,Commercial and industrial designers,17,Writing and reading,3.4
27-1022,Fashion designers,1,Adaptability,3.9
27-1022,Fashion designers,2,Computers and information technology,3.3
27-1022,Fashion designers,3,Creativity and innovation,4.0
27-1022,Fashion designers,4,Critical and analytical thinking,3.4
27-1022,Fashion designers,5,Customer service,2.6
27-1022,Fashion designers,6,Detail oriented,3.3
27-1022,Fashion designers,7,Fine motor,2.5
27-1022,Fashion designers,8,Interpersonal,3.4
27-1022,Fashion designers,9,Leadership,3.6
27-1022,Fashion designers,10,Mathematics,2.2
27-1022,Fashion designers,11,Mechanical,1.5
27-1022,Fashion designers,12,Physical strength and stamina,1.7
27-1022,Fashion designers,13,Problem solving and decision making,3.4
27-1022,Fashion designers,14,Project management,3.3
27-1022,Fashion designers,15,Science,1.2
27-1022,Fashion designers,16,Speaking and listening,3.3
27-1022,Fashion designers,17,Writing and reading,3.5
27-1023,Floral designers,1,Adaptability,3.4
27-1023,Floral designers,2,Computers and information technology,2.8
27-1023,Floral designers,3,Creativity and innovation,3.4
27-1023,Floral designers,4,Critical and analytical thinking,2.9
27-1023,Floral designers,5,Customer service,3.6
27-1023,Floral designers,6,Detail oriented,3.2
27-1023,Floral designers,7,Fine motor,2.9
27-1023,Floral designers,8,Interpersonal,3.2
27-1023,Floral designers,9,Leadership,2.3
27-1023,Floral designers,10,Mathematics,2.3
27-1023,Floral designers,11,Mechanical,1.3
27-1023,Floral designers,12,Physical strength and stamina,2.5
27-1023,Floral designers,13,Problem solving and decision making,3.0
27-1023,Floral designers,14,Project management,2.9
27-1023,Floral designers,15,Science,1.5
27-1023,Floral designers,16,Speaking and listening,3.2
27-1023,Floral designers,17,Writing and reading,2.6
27-1024,Graphic designers,1,Adaptability,4.0
27-1024,Graphic designers,2,Computers and information technology,3.8
27-1024,Graphic designers,3,Creativity and innovation,4.4
27-1024,Graphic designers,4,Critical and analytical thinking,3.1
27-1024,Graphic designers,5,Customer service,2.9
27-1024,Graphic designers,6,Detail oriented,3.5
27-1024,Graphic designers,7,Fine motor,2.4
27-1024,Graphic designers,8,Interpersonal,3.3
27-1024,Graphic designers,9,Leadership,3.1
27-1024,Graphic designers,10,Mathematics,2.1
27-1024,Graphic designers,11,Mechanical,1.4
27-1024,Graphic designers,12,Physical strength and stamina,1.2
27-1024,Graphic designers,13,Problem solving and decision making,3.4
27-1024,Graphic designers,14,Project management,2.8
27-1024,Graphic designers,15,Science,1.3
27-1024,Graphic designers,16,Speaking and listening,3.5
27-1024,Graphic designers,17,Writing and reading,3.4
27-1025,Interior designers,1,Adaptability,3.9
27-1025,Interior designers,2,Computers and information technology,3.7
27-1025,Interior designers,3,Creativity and innovation,4.0
27-1025,Interior designers,4,Critical and analytical thinking,3.5
27-1025,Interior designers,5,Customer service,3.5
27-1025,Interior designers,6,Detail oriented,3.6
27-1025,Interior designers,7,Fine motor,1.6
27-1025,Interior designers,8,Interpersonal,3.6
27-1025,Interior designers,9,Leadership,3.5
27-1025,Interior designers,10,Mathematics,3.0
27-1025,Interior designers,11,Mechanical,1.5
27-1025,Interior designers,12,Physical strength and stamina,1.4
27-1025,Interior designers,13,Problem solving and decision making,3.6
27-1025,Interior designers,14,Project management,3.3
27-1025,Interior designers,15,Science,1.4
27-1025,Interior designers,16,Speaking and listening,3.6
27-1025,Interior designers,17,Writing and reading,3.7
27-1026,Merchandise displayers and window trimmers,1,Adaptability,3.6
27-1026,Merchandise displayers and window trimmers,2,Computers and information technology,2.7
27-1026,Merchandise displayers and window trimmers,3,Creativity and innovation,3.4
27-1026,Merchandise displayers and window trimmers,4,Critical and analytical thinking,3.0
27-1026,Merchandise displayers and window trimmers,5,Customer service,3.4
27-1026,Merchandise displayers and window trimmers,6,Detail oriented,3.1
27-1026,Merchandise displayers and window trimmers,7,Fine motor,2.8
27-1026,Merchandise displayers and window trimmers,8,Interpersonal,3.2
27-1026,Merchandise displayers and window trimmers,9,Leadership,3.1
27-1026,Merchandise displayers and window trimmers,10,Mathematics,2.1
27-1026,Merchandise displayers and window trimmers,11,Mechanical,1.5
27-1026,Merchandise displayers and window trimmers,12,Physical strength and stamina,3.2
27-1026,Merchandise displayers and window trimmers,13,Problem solving and decision making,3.3
27-1026,Merchandise displayers and window trimmers,14,Project management,2.6
27-1026,Merchandise displayers and window trimmers,15,Science,1.2
27-1026,Merchandise displayers and window trimmers,16,Speaking and listening,3.2
27-1026,Merchandise displayers and window trimmers,17,Writing and reading,3.0
27-1027,Set and exhibit designers,1,Adaptability,4.0
27-1027,Set and exhibit designers,2,Computers and information technology,3.4
27-1027,Set and exhibit designers,3,Creativity and innovation,4.6
27-1027,Set and exhibit designers,4,Critical and analytical thinking,3.5
27-1027,Set and exhibit designers,5,Customer service,2.5
27-1027,Set and exhibit designers,6,Detail oriented,3.5
27-1027,Set and exhibit designers,7,Fine motor,2.7
27-1027,Set and exhibit designers,8,Interpersonal,3.2
27-1027,Set and exhibit designers,9,Leadership,3.1
27-1027,Set and exhibit designers,10,Mathematics,2.9
27-1027,Set and exhibit designers,11,Mechanical,1.7
27-1027,Set and exhibit designers,12,Physical strength and stamina,1.8
27-1027,Set and exhibit designers,13,Problem solving and decision making,3.5
27-1027,Set and exhibit designers,14,Project management,3.2
27-1027,Set and exhibit designers,15,Science,1.8
27-1027,Set and exhibit designers,16,Speaking and listening,3.6
27-1027,Set and exhibit designers,17,Writing and reading,3.6
27-1029,"Designers, all other",1,Adaptability,3.8
27-1029,"Designers, all other",2,Computers and information technology,3.4
27-1029,"Designers, all other",3,Creativity and innovation,4.0
27-1029,"Designers, all other",4,Critical and analytical thinking,3.2
27-1029,"Designers, all other",5,Customer service,3.1
27-1029,"Designers, all other",6,Detail oriented,3.4
27-1029,"Designers, all other",7,Fine motor,2.4
27-1029,"Designers, all other",8,Interpersonal,3.3
27-1029,"Designers, all other",9,Leadership,3.1
27-1029,"Designers, all other",10,Mathematics,2.3
27-1029,"Designers, all other",11,Mechanical,1.5
27-1029,"Designers, all other",12,Physical strength and stamina,1.9
27-1029,"Designers, all other",13,Problem solving and decision making,3.4
27-1029,"Designers, all other",14,Project management,2.9
27-1029,"Designers, all other",15,Science,1.4
27-1029,"Designers, all other",16,Speaking and listening,3.4
27-1029,"Designers, all other",17,Writing and reading,3.3
27-2011,Actors,1,Adaptability,3.7
27-2011,Actors,2,Computers and information technology,2.5
27-2011,Actors,3,Creativity and innovation,4.2
27-2011,Actors,4,Critical and analytical thinking,2.5
27-2011,Actors,5,Customer service,3.0
27-2011,Actors,6,Detail oriented,3.3
27-2011,Actors,7,Fine motor,1.5
27-2011,Actors,8,Interpersonal,3.6
27-2011,Actors,9,Leadership,2.6
27-2011,Actors,10,Mathematics,1.2
27-2011,Actors,11,Mechanical,1.1
27-2011,Actors,12,Physical strength and stamina,2.3
27-2011,Actors,13,Problem solving and decision making,3.0
27-2011,Actors,14,Project management,1.8
27-2011,Actors,15,Science,1.2
27-2011,Actors,16,Speaking and listening,3.9
27-2011,Actors,17,Writing and reading,3.2
27-2012,Producers and directors,1,Adaptability,4.0
27-2012,Producers and directors,2,Computers and information technology,3.7
27-2012,Producers and directors,3,Creativity and innovation,3.8
27-2012,Producers and directors,4,Critical and analytical thinking,3.5
27-2012,Producers and directors,5,Customer service,3.2
27-2012,Producers and directors,6,Detail oriented,3.7
27-2012,Producers and directors,7,Fine motor,2.3
27-2012,Producers and directors,8,Interpersonal,3.6
27-2012,Producers and directors,9,Leadership,3.6
27-2012,Producers and directors,10,Mathematics,2.4
27-2012,Producers and directors,11,Mechanical,1.6
27-2012,Producers and directors,12,Physical strength and stamina,1.6
27-2012,Producers and directors,13,Problem solving and decision making,4.0
27-2012,Producers and directors,14,Project management,3.3
27-2012,Producers and directors,15,Science,1.1
27-2012,Producers and directors,16,Speaking and listening,4.0
27-2012,Producers and directors,17,Writing and reading,3.7
27-2021,Athletes and sports competitors,1,Adaptability,3.9
27-2021,Athletes and sports competitors,2,Computers and information technology,2.7
27-2021,Athletes and sports competitors,3,Creativity and innovation,2.7
27-2021,Athletes and sports competitors,4,Critical and analytical thinking,3.1
27-2021,Athletes and sports competitors,5,Customer service,3.2
27-2021,Athletes and sports competitors,6,Detail oriented,3.5
27-2021,Athletes and sports competitors,7,Fine motor,2.7
27-2021,Athletes and sports competitors,8,Interpersonal,3.4
27-2021,Athletes and sports competitors,9,Leadership,3.4
27-2021,Athletes and sports competitors,10,Mathematics,2.4
27-2021,Athletes and sports competitors,11,Mechanical,2.0
27-2021,Athletes and sports competitors,12,Physical strength and stamina,3.5
27-2021,Athletes and sports competitors,13,Problem solving and decision making,3.5
27-2021,Athletes and sports competitors,14,Project management,2.7
27-2021,Athletes and sports competitors,15,Science,1.8
27-2021,Athletes and sports competitors,16,Speaking and listening,3.5
27-2021,Athletes and sports competitors,17,Writing and reading,3.0
27-2022,Coaches and scouts,1,Adaptability,4.1
27-2022,Coaches and scouts,2,Computers and information technology,3.2
27-2022,Coaches and scouts,3,Creativity and innovation,3.2
27-2022,Coaches and scouts,4,Critical and analytical thinking,3.7
27-2022,Coaches and scouts,5,Customer service,3.2
27-2022,Coaches and scouts,6,Detail oriented,3.4
27-2022,Coaches and scouts,7,Fine motor,1.9
27-2022,Coaches and scouts,8,Interpersonal,4.0
27-2022,Coaches and scouts,9,Leadership,3.9
27-2022,Coaches and scouts,10,Mathematics,2.3
27-2022,Coaches and scouts,11,Mechanical,1.5
27-2022,Coaches and scouts,12,Physical strength and stamina,2.6
27-2022,Coaches and scouts,13,Problem solving and decision making,3.9
27-2022,Coaches and scouts,14,Project management,3.2
27-2022,Coaches and scouts,15,Science,1.8
27-2022,Coaches and scouts,16,Speaking and listening,4.0
27-2022,Coaches and scouts,17,Writing and reading,3.7
27-2023,"Umpires, referees, and other sports officials",1,Adaptability,4.1
27-2023,"Umpires, referees, and other sports officials",2,Computers and information technology,2.5
27-2023,"Umpires, referees, and other sports officials",3,Creativity and innovation,2.0
27-2023,"Umpires, referees, and other sports officials",4,Critical and analytical thinking,2.8
27-2023,"Umpires, referees, and other sports officials",5,Customer service,2.7
27-2023,"Umpires, referees, and other sports officials",6,Detail oriented,3.4
27-2023,"Umpires, referees, and other sports officials",7,Fine motor,1.5
27-2023,"Umpires, referees, and other sports officials",8,Interpersonal,3.2
27-2023,"Umpires, referees, and other sports officials",9,Leadership,2.9
27-2023,"Umpires, referees, and other sports officials",10,Mathematics,2.2
27-2023,"Umpires, referees, and other sports officials",11,Mechanical,1.2
27-2023,"Umpires, referees, and other sports officials",12,Physical strength and stamina,2.6
27-2023,"Umpires, referees, and other sports officials",13,Problem solving and decision making,3.4
27-2023,"Umpires, referees, and other sports officials",14,Project management,1.7
27-2023,"Umpires, referees, and other sports officials",15,Science,1.4
27-2023,"Umpires, referees, and other sports officials",16,Speaking and listening,3.3
27-2023,"Umpires, referees, and other sports officials",17,Writing and reading,2.9
27-2031,Dancers,1,Adaptability,3.6
27-2031,Dancers,2,Computers and information technology,1.7
27-2031,Dancers,3,Creativity and innovation,3.7
27-2031,Dancers,4,Critical and analytical thinking,2.4
27-2031,Dancers,5,Customer service,3.1
27-2031,Dancers,6,Detail oriented,3.5
27-2031,Dancers,7,Fine motor,1.7
27-2031,Dancers,8,Interpersonal,3.2
27-2031,Dancers,9,Leadership,2.5
27-2031,Dancers,10,Mathematics,1.7
27-2031,Dancers,11,Mechanical,1.1
27-2031,Dancers,12,Physical strength and stamina,4.1
27-2031,Dancers,13,Problem solving and decision making,2.8
27-2031,Dancers,14,Project management,1.7
27-2031,Dancers,15,Science,1.3
27-2031,Dancers,16,Speaking and listening,2.9
27-2031,Dancers,17,Writing and reading,2.6
27-2032,Choreographers,1,Adaptability,4.0
27-2032,Choreographers,2,Computers and information technology,2.7
27-2032,Choreographers,3,Creativity and innovation,4.5
27-2032,Choreographers,4,Critical and analytical thinking,3.0
27-2032,Choreographers,5,Customer service,3.0
27-2032,Choreographers,6,Detail oriented,3.3
27-2032,Choreographers,7,Fine motor,1.7
27-2032,Choreographers,8,Interpersonal,3.8
27-2032,Choreographers,9,Leadership,4.1
27-2032,Choreographers,10,Mathematics,1.9
27-2032,Choreographers,11,Mechanical,1.1
27-2032,Choreographers,12,Physical strength and stamina,3.8
27-2032,Choreographers,13,Problem solving and decision making,3.3
27-2032,Choreographers,14,Project management,2.8
27-2032,Choreographers,15,Science,1.5
27-2032,Choreographers,16,Speaking and listening,3.6
27-2032,Choreographers,17,Writing and reading,3.2
27-2041,Music directors and composers,1,Adaptability,3.8
27-2041,Music directors and composers,2,Computers and information technology,3.3
27-2041,Music directors and composers,3,Creativity and innovation,4.3
27-2041,Music directors and composers,4,Critical and analytical thinking,3.2
27-2041,Music directors and composers,5,Customer service,3.1
27-2041,Music directors and composers,6,Detail oriented,3.5
27-2041,Music directors and composers,7,Fine motor,2.4
27-2041,Music directors and composers,8,Interpersonal,3.4
27-2041,Music directors and composers,9,Leadership,3.5
27-2041,Music directors and composers,10,Mathematics,2.1
27-2041,Music directors and composers,11,Mechanical,1.3
27-2041,Music directors and composers,12,Physical strength and stamina,2.0
27-2041,Music directors and composers,13,Problem solving and decision making,3.6
27-2041,Music directors and composers,14,Project management,3.0
27-2041,Music directors and composers,15,Science,1.2
27-2041,Music directors and composers,16,Speaking and listening,3.6
27-2041,Music directors and composers,17,Writing and reading,3.4
27-2042,Musicians and singers,1,Adaptability,3.6
27-2042,Musicians and singers,2,Computers and information technology,2.2
27-2042,Musicians and singers,3,Creativity and innovation,3.7
27-2042,Musicians and singers,4,Critical and analytical thinking,2.8
27-2042,Musicians and singers,5,Customer service,2.6
27-2042,Musicians and singers,6,Detail oriented,3.6
27-2042,Musicians and singers,7,Fine motor,3.0
27-2042,Musicians and singers,8,Interpersonal,3.3
27-2042,Musicians and singers,9,Leadership,2.6
27-2042,Musicians and singers,10,Mathematics,2.1
27-2042,Musicians and singers,11,Mechanical,1.4
27-2042,Musicians and singers,12,Physical strength and stamina,2.2
27-2042,Musicians and singers,13,Problem solving and decision making,2.9
27-2042,Musicians and singers,14,Project management,2.1
27-2042,Musicians and singers,15,Science,1.2
27-2042,Musicians and singers,16,Speaking and listening,3.2
27-2042,Musicians and singers,17,Writing and reading,3.0
27-2091,"Disc jockeys, except radio",1,Adaptability,4.0
27-2091,"Disc jockeys, except radio",2,Computers and information technology,3.6
27-2091,"Disc jockeys, except radio",3,Creativity and innovation,3.5
27-2091,"Disc jockeys, except radio",4,Critical and analytical thinking,2.9
27-2091,"Disc jockeys, except radio",5,Customer service,3.1
27-2091,"Disc jockeys, except radio",6,Detail oriented,3.8
27-2091,"Disc jockeys, except radio",7,Fine motor,2.1
27-2091,"Disc jockeys, except radio",8,Interpersonal,3.3
27-2091,"Disc jockeys, except radio",9,Leadership,2.9
27-2091,"Disc jockeys, except radio",10,Mathematics,1.8
27-2091,"Disc jockeys, except radio",11,Mechanical,1.6
27-2091,"Disc jockeys, except radio",12,Physical strength and stamina,1.5
27-2091,"Disc jockeys, except radio",13,Problem solving and decision making,3.6
27-2091,"Disc jockeys, except radio",14,Project management,2.4
27-2091,"Disc jockeys, except radio",15,Science,1.1
27-2091,"Disc jockeys, except radio",16,Speaking and listening,4.4
27-2091,"Disc jockeys, except radio",17,Writing and reading,3.6
27-2099,"Entertainers and performers, sports and related workers, all other",1,Adaptability,3.9
27-2099,"Entertainers and performers, sports and related workers, all other",2,Computers and information technology,3.0
27-2099,"Entertainers and performers, sports and related workers, all other",3,Creativity and innovation,3.6
27-2099,"Entertainers and performers, sports and related workers, all other",4,Critical and analytical thinking,3.3
27-2099,"Entertainers and performers, sports and related workers, all other",5,Customer service,3.0
27-2099,"Entertainers and performers, sports and related workers, all other",6,Detail oriented,3.5
27-2099,"Entertainers and performers, sports and related workers, all other",7,Fine motor,2.2
27-2099,"Entertainers and performers, sports and related workers, all other",8,Interpersonal,3.6
27-2099,"Entertainers and performers, sports and related workers, all other",9,Leadership,3.4
27-2099,"Entertainers and performers, sports and related workers, all other",10,Mathematics,2.2
27-2099,"Entertainers and performers, sports and related workers, all other",11,Mechanical,1.5
27-2099,"Entertainers and performers, sports and related workers, all other",12,Physical strength and stamina,2.3
27-2099,"Entertainers and performers, sports and related workers, all other",13,Problem solving and decision making,3.6
27-2099,"Entertainers and performers, sports and related workers, all other",14,Project management,2.8
27-2099,"Entertainers and performers, sports and related workers, all other",15,Science,1.4
27-2099,"Entertainers and performers, sports and related workers, all other",16,Speaking and listening,3.8
27-2099,"Entertainers and performers, sports and related workers, all other",17,Writing and reading,3.4
27-3011,Broadcast announcers and radio disc jockeys,1,Adaptability,4.0
27-3011,Broadcast announcers and radio disc jockeys,2,Computers and information technology,3.6
27-3011,Broadcast announcers and radio disc jockeys,3,Creativity and innovation,3.5
27-3011,Broadcast announcers and radio disc jockeys,4,Critical and analytical thinking,2.9
27-3011,Broadcast announcers and radio disc jockeys,5,Customer service,3.1
27-3011,Broadcast announcers and radio disc jockeys,6,Detail oriented,3.8
27-3011,Broadcast announcers and radio disc jockeys,7,Fine motor,2.1
27-3011,Broadcast announcers and radio disc jockeys,8,Interpersonal,3.3
27-3011,Broadcast announcers and radio disc jockeys,9,Leadership,2.9
27-3011,Broadcast announcers and radio disc jockeys,10,Mathematics,1.8
27-3011,Broadcast announcers and radio disc jockeys,11,Mechanical,1.6
27-3011,Broadcast announcers and radio disc jockeys,12,Physical strength and stamina,1.5
27-3011,Broadcast announcers and radio disc jockeys,13,Problem solving and decision making,3.6
27-3011,Broadcast announcers and radio disc jockeys,14,Project management,2.4
27-3011,Broadcast announcers and radio disc jockeys,15,Science,1.1
27-3011,Broadcast announcers and radio disc jockeys,16,Speaking and listening,4.4
27-3011,Broadcast announcers and radio disc jockeys,17,Writing and reading,3.6
27-3023,"News analysts, reporters, and journalists",1,Adaptability,4.0
27-3023,"News analysts, reporters, and journalists",2,Computers and information technology,3.5
27-3023,"News analysts, reporters, and journalists",3,Creativity and innovation,3.2
27-3023,"News analysts, reporters, and journalists",4,Critical and analytical thinking,3.1
27-3023,"News analysts, reporters, and journalists",5,Customer service,3.1
27-3023,"News analysts, reporters, and journalists",6,Detail oriented,3.8
27-3023,"News analysts, reporters, and journalists",7,Fine motor,2.1
27-3023,"News analysts, reporters, and journalists",8,Interpersonal,3.3
27-3023,"News analysts, reporters, and journalists",9,Leadership,2.8
27-3023,"News analysts, reporters, and journalists",10,Mathematics,2.2
27-3023,"News analysts, reporters, and journalists",11,Mechanical,1.4
27-3023,"News analysts, reporters, and journalists",12,Physical strength and stamina,1.5
27-3023,"News analysts, reporters, and journalists",13,Problem solving and decision making,3.6
27-3023,"News analysts, reporters, and journalists",14,Project management,2.4
27-3023,"News analysts, reporters, and journalists",15,Science,1.3
27-3023,"News analysts, reporters, and journalists",16,Speaking and listening,3.9
27-3023,"News analysts, reporters, and journalists",17,Writing and reading,4.0
27-3031,Public relations specialists,1,Adaptability,4.0
27-3031,Public relations specialists,2,Computers and information technology,3.4
27-3031,Public relations specialists,3,Creativity and innovation,3.3
27-3031,Public relations specialists,4,Critical and analytical thinking,3.5
27-3031,Public relations specialists,5,Customer service,3.7
27-3031,Public relations specialists,6,Detail oriented,3.7
27-3031,Public relations specialists,7,Fine motor,1.4
27-3031,Public relations specialists,8,Interpersonal,3.6
27-3031,Public relations specialists,9,Leadership,3.5
27-3031,Public relations specialists,10,Mathematics,2.1
27-3031,Public relations specialists,11,Mechanical,1.1
27-3031,Public relations specialists,12,Physical strength and stamina,1.2
27-3031,Public relations specialists,13,Problem solving and decision making,3.8
27-3031,Public relations specialists,14,Project management,3.0
27-3031,Public relations specialists,15,Science,1.2
27-3031,Public relations specialists,16,Speaking and listening,4.1
27-3031,Public relations specialists,17,Writing and reading,4.0
27-3041,Editors,1,Adaptability,3.9
27-3041,Editors,2,Computers and information technology,3.5
27-3041,Editors,3,Creativity and innovation,3.3
27-3041,Editors,4,Critical and analytical thinking,3.3
27-3041,Editors,5,Customer service,3.1
27-3041,Editors,6,Detail oriented,3.6
27-3041,Editors,7,Fine motor,2.2
27-3041,Editors,8,Interpersonal,3.1
27-3041,Editors,9,Leadership,3.2
27-3041,Editors,10,Mathematics,2.1
27-3041,Editors,11,Mechanical,1.3
27-3041,Editors,12,Physical strength and stamina,1.2
27-3041,Editors,13,Problem solving and decision making,3.6
27-3041,Editors,14,Project management,2.4
27-3041,Editors,15,Science,1.2
27-3041,Editors,16,Speaking and listening,3.8
27-3041,Editors,17,Writing and reading,4.4
27-3042,Technical writers,1,Adaptability,3.8
27-3042,Technical writers,2,Computers and information technology,3.8
27-3042,Technical writers,3,Creativity and innovation,2.8
27-3042,Technical writers,4,Critical and analytical thinking,3.4
27-3042,Technical writers,5,Customer service,2.6
27-3042,Technical writers,6,Detail oriented,3.5
27-3042,Technical writers,7,Fine motor,2.2
27-3042,Technical writers,8,Interpersonal,2.8
27-3042,Technical writers,9,Leadership,2.5
27-3042,Technical writers,10,Mathematics,2.1
27-3042,Technical writers,11,Mechanical,1.5
27-3042,Technical writers,12,Physical strength and stamina,1.1
27-3042,Technical writers,13,Problem solving and decision making,3.2
27-3042,Technical writers,14,Project management,2.3
27-3042,Technical writers,15,Science,1.5
27-3042,Technical writers,16,Speaking and listening,3.4
27-3042,Technical writers,17,Writing and reading,4.3
27-3043,Writers and authors,1,Adaptability,3.9
27-3043,Writers and authors,2,Computers and information technology,3.2
27-3043,Writers and authors,3,Creativity and innovation,3.3
27-3043,Writers and authors,4,Critical and analytical thinking,2.7
27-3043,Writers and authors,5,Customer service,3.3
27-3043,Writers and authors,6,Detail oriented,3.3
27-3043,Writers and authors,7,Fine motor,1.6
27-3043,Writers and authors,8,Interpersonal,3.2
27-3043,Writers and authors,9,Leadership,3.2
27-3043,Writers and authors,10,Mathematics,1.7
27-3043,Writers and authors,11,Mechanical,1.1
27-3043,Writers and authors,12,Physical strength and stamina,1.3
27-3043,Writers and authors,13,Problem solving and decision making,3.5
27-3043,Writers and authors,14,Project management,2.1
27-3043,Writers and authors,15,Science,1.0
27-3043,Writers and authors,16,Speaking and listening,3.7
27-3043,Writers and authors,17,Writing and reading,4.1
27-3091,Interpreters and translators,1,Adaptability,3.9
27-3091,Interpreters and translators,2,Computers and information technology,3.1
27-3091,Interpreters and translators,3,Creativity and innovation,2.8
27-3091,Interpreters and translators,4,Critical and analytical thinking,2.9
27-3091,Interpreters and translators,5,Customer service,3.1
27-3091,Interpreters and translators,6,Detail oriented,4.0
27-3091,Interpreters and translators,7,Fine motor,1.5
27-3091,Interpreters and translators,8,Interpersonal,3.6
27-3091,Interpreters and translators,9,Leadership,3.1
27-3091,Interpreters and translators,10,Mathematics,2.1
27-3091,Interpreters and translators,11,Mechanical,1.2
27-3091,Interpreters and translators,12,Physical strength and stamina,1.8
27-3091,Interpreters and translators,13,Problem solving and decision making,3.5
27-3091,Interpreters and translators,14,Project management,2.2
27-3091,Interpreters and translators,15,Science,1.5
27-3091,Interpreters and translators,16,Speaking and listening,3.7
27-3091,Interpreters and translators,17,Writing and reading,4.1
27-3092,Court reporters and simultaneous captioners,1,Adaptability,4.1
27-3092,Court reporters and simultaneous captioners,2,Computers and information technology,3.9
27-3092,Court reporters and simultaneous captioners,3,Creativity and innovation,2.0
27-3092,Court reporters and simultaneous captioners,4,Critical and analytical thinking,2.4
27-3092,Court reporters and simultaneous captioners,5,Customer service,3.0
27-3092,Court reporters and simultaneous captioners,6,Detail oriented,4.0
27-3092,Court reporters and simultaneous captioners,7,Fine motor,3.3
27-3092,Court reporters and simultaneous captioners,8,Interpersonal,2.8
27-3092,Court reporters and simultaneous captioners,9,Leadership,2.0
27-3092,Court reporters and simultaneous captioners,10,Mathematics,1.7
27-3092,Court reporters and simultaneous captioners,11,Mechanical,1.7
27-3092,Court reporters and simultaneous captioners,12,Physical strength and stamina,1.3
27-3092,Court reporters and simultaneous captioners,13,Problem solving and decision making,2.8
27-3092,Court reporters and simultaneous captioners,14,Project management,2.1
27-3092,Court reporters and simultaneous captioners,15,Science,1.0
27-3092,Court reporters and simultaneous captioners,16,Speaking and listening,3.5
27-3092,Court reporters and simultaneous captioners,17,Writing and reading,3.3
27-3099,"Media and communication workers, all other",1,Adaptability,4.0
27-3099,"Media and communication workers, all other",2,Computers and information technology,3.4
27-3099,"Media and communication workers, all other",3,Creativity and innovation,3.2
27-3099,"Media and communication workers, all other",4,Critical and analytical thinking,3.2
27-3099,"Media and communication workers, all other",5,Customer service,3.3
27-3099,"Media and communication workers, all other",6,Detail oriented,3.7
27-3099,"Media and communication workers, all other",7,Fine motor,1.7
27-3099,"Media and communication workers, all other",8,Interpersonal,3.4
27-3099,"Media and communication workers, all other",9,Leadership,3.2
27-3099,"Media and communication workers, all other",10,Mathematics,2.0
27-3099,"Media and communication workers, all other",11,Mechanical,1.2
27-3099,"Media and communication workers, all other",12,Physical strength and stamina,1.3
27-3099,"Media and communication workers, all other",13,Problem solving and decision making,3.6
27-3099,"Media and communication workers, all other",14,Project management,2.6
27-3099,"Media and communication workers, all other",15,Science,1.2
27-3099,"Media and communication workers, all other",16,Speaking and listening,3.9
27-3099,"Media and communication workers, all other",17,Writing and reading,4.1
27-4011,Audio and video technicians,1,Adaptability,4.0
27-4011,Audio and video technicians,2,Computers and information technology,3.8
27-4011,Audio and video technicians,3,Creativity and innovation,3.6
27-4011,Audio and video technicians,4,Critical and analytical thinking,3.3
27-4011,Audio and video technicians,5,Customer service,3.0
27-4011,Audio and video technicians,6,Detail oriented,3.6
27-4011,Audio and video technicians,7,Fine motor,3.2
27-4011,Audio and video technicians,8,Interpersonal,3.1
27-4011,Audio and video technicians,9,Leadership,3.0
27-4011,Audio and video technicians,10,Mathematics,2.3
27-4011,Audio and video technicians,11,Mechanical,2.8
27-4011,Audio and video technicians,12,Physical strength and stamina,2.1
27-4011,Audio and video technicians,13,Problem solving and decision making,3.6
27-4011,Audio and video technicians,14,Project management,2.9
27-4011,Audio and video technicians,15,Science,1.7
27-4011,Audio and video technicians,16,Speaking and listening,3.3
27-4011,Audio and video technicians,17,Writing and reading,3.4
27-4012,Broadcast technicians,1,Adaptability,3.8
27-4012,Broadcast technicians,2,Computers and information technology,4.0
27-4012,Broadcast technicians,3,Creativity and innovation,2.7
27-4012,Broadcast technicians,4,Critical and analytical thinking,3.2
27-4012,Broadcast technicians,5,Customer service,2.6
27-4012,Broadcast technicians,6,Detail oriented,3.7
27-4012,Broadcast technicians,7,Fine motor,2.9
27-4012,Broadcast technicians,8,Interpersonal,2.9
27-4012,Broadcast technicians,9,Leadership,3.2
27-4012,Broadcast technicians,10,Mathematics,2.6
27-4012,Broadcast technicians,11,Mechanical,3.0
27-4012,Broadcast technicians,12,Physical strength and stamina,2.2
27-4012,Broadcast technicians,13,Problem solving and decision making,3.6
27-4012,Broadcast technicians,14,Project management,2.8
27-4012,Broadcast technicians,15,Science,1.6
27-4012,Broadcast technicians,16,Speaking and listening,3.2
27-4012,Broadcast technicians,17,Writing and reading,3.3
27-4014,Sound engineering technicians,1,Adaptability,4.1
27-4014,Sound engineering technicians,2,Computers and information technology,4.0
27-4014,Sound engineering technicians,3,Creativity and innovation,3.9
27-4014,Sound engineering technicians,4,Critical and analytical thinking,3.1
27-4014,Sound engineering technicians,5,Customer service,2.9
27-4014,Sound engineering technicians,6,Detail oriented,3.9
27-4014,Sound engineering technicians,7,Fine motor,3.2
27-4014,Sound engineering technicians,8,Interpersonal,3.5
27-4014,Sound engineering technicians,9,Leadership,3.0
27-4014,Sound engineering technicians,10,Mathematics,2.1
27-4014,Sound engineering technicians,11,Mechanical,2.6
27-4014,Sound engineering technicians,12,Physical strength and stamina,1.7
27-4014,Sound engineering technicians,13,Problem solving and decision making,3.6
27-4014,Sound engineering technicians,14,Project management,2.8
27-4014,Sound engineering technicians,15,Science,1.5
27-4014,Sound engineering technicians,16,Speaking and listening,3.4
27-4014,Sound engineering technicians,17,Writing and reading,3.3
27-4015,Lighting technicians,1,Adaptability,3.9
27-4015,Lighting technicians,2,Computers and information technology,2.5
27-4015,Lighting technicians,3,Creativity and innovation,2.9
27-4015,Lighting technicians,4,Critical and analytical thinking,3.5
27-4015,Lighting technicians,5,Customer service,3.2
27-4015,Lighting technicians,6,Detail oriented,3.9
27-4015,Lighting technicians,7,Fine motor,3.6
27-4015,Lighting technicians,8,Interpersonal,3.2
27-4015,Lighting technicians,9,Leadership,3.7
27-4015,Lighting technicians,10,Mathematics,3.1
27-4015,Lighting technicians,11,Mechanical,3.4
27-4015,Lighting technicians,12,Physical strength and stamina,3.4
27-4015,Lighting technicians,13,Problem solving and decision making,3.8
27-4015,Lighting technicians,14,Project management,3.3
27-4015,Lighting technicians,15,Science,1.8
27-4015,Lighting technicians,16,Speaking and listening,2.9
27-4015,Lighting technicians,17,Writing and reading,3.2
27-4021,Photographers,1,Adaptability,4.0
27-4021,Photographers,2,Computers and information technology,3.7
27-4021,Photographers,3,Creativity and innovation,3.9
27-4021,Photographers,4,Critical and analytical thinking,3.0
27-4021,Photographers,5,Customer service,3.8
27-4021,Photographers,6,Detail oriented,3.4
27-4021,Photographers,7,Fine motor,2.9
27-4021,Photographers,8,Interpersonal,3.6
27-4021,Photographers,9,Leadership,3.2
27-4021,Photographers,10,Mathematics,2.1
27-4021,Photographers,11,Mechanical,2.1
27-4021,Photographers,12,Physical strength and stamina,2.2
27-4021,Photographers,13,Problem solving and decision making,3.4
27-4021,Photographers,14,Project management,3.0
27-4021,Photographers,15,Science,1.6
27-4021,Photographers,16,Speaking and listening,3.4
27-4021,Photographers,17,Writing and reading,3.0
27-4031,"Camera operators, television, video, and film",1,Adaptability,3.7
27-4031,"Camera operators, television, video, and film",2,Computers and information technology,3.6
27-4031,"Camera operators, television, video, and film",3,Creativity and innovation,3.3
27-4031,"Camera operators, television, video, and film",4,Critical and analytical thinking,2.8
27-4031,"Camera operators, television, video, and film",5,Customer service,2.9
27-4031,"Camera operators, television, video, and film",6,Detail oriented,4.0
27-4031,"Camera operators, television, video, and film",7,Fine motor,3.2
27-4031,"Camera operators, television, video, and film",8,Interpersonal,3.3
27-4031,"Camera operators, television, video, and film",9,Leadership,3.0
27-4031,"Camera operators, television, video, and film",10,Mathematics,2.2
27-4031,"Camera operators, television, video, and film",11,Mechanical,2.6
27-4031,"Camera operators, television, video, and film",12,Physical strength and stamina,2.4
27-4031,"Camera operators, television, video, and film",13,Problem solving and decision making,3.3
27-4031,"Camera operators, television, video, and film",14,Project management,2.4
27-4031,"Camera operators, television, video, and film",15,Science,1.3
27-4031,"Camera operators, television, video, and film",16,Speaking and listening,3.3
27-4031,"Camera operators, television, video, and film",17,Writing and reading,2.9
27-4032,Film and video editors,1,Adaptability,4.4
27-4032,Film and video editors,2,Computers and information technology,4.0
27-4032,Film and video editors,3,Creativity and innovation,4.2
27-4032,Film and video editors,4,Critical and analytical thinking,3.2
27-4032,Film and video editors,5,Customer service,2.9
27-4032,Film and video editors,6,Detail oriented,3.8
27-4032,Film and video editors,7,Fine motor,2.5
27-4032,Film and video editors,8,Interpersonal,3.4
27-4032,Film and video editors,9,Leadership,3.0
27-4032,Film and video editors,10,Mathematics,2.0
27-4032,Film and video editors,11,Mechanical,1.8
27-4032,Film and video editors,12,Physical strength and stamina,1.3
27-4032,Film and video editors,13,Problem solving and decision making,3.2
27-4032,Film and video editors,14,Project management,2.6
27-4032,Film and video editors,15,Science,1.1
27-4032,Film and video editors,16,Speaking and listening,3.6
27-4032,Film and video editors,17,Writing and reading,3.4
27-4099,"Media and communication equipment workers, all other",1,Adaptability,4.0
27-4099,"Media and communication equipment workers, all other",2,Computers and information technology,3.8
27-4099,"Media and communication equipment workers, all other",3,Creativity and innovation,3.7
27-4099,"Media and communication equipment workers, all other",4,Critical and analytical thinking,3.1
27-4099,"Media and communication equipment workers, all other",5,Customer service,3.3
27-4099,"Media and communication equipment workers, all other",6,Detail oriented,3.6
27-4099,"Media and communication equipment workers, all other",7,Fine motor,3.0
27-4099,"Media and communication equipment workers, all other",8,Interpersonal,3.4
27-4099,"Media and communication equipment workers, all other",9,Leadership,3.1
27-4099,"Media and communication equipment workers, all other",10,Mathematics,2.2
27-4099,"Media and communication equipment workers, all other",11,Mechanical,2.4
27-4099,"Media and communication equipment workers, all other",12,Physical strength and stamina,2.1
27-4099,"Media and communication equipment workers, all other",13,Problem solving and decision making,3.4
27-4099,"Media and communication equipment workers, all other",14,Project management,2.9
27-4099,"Media and communication equipment workers, all other",15,Science,1.5
27-4099,"Media and communication equipment workers, all other",16,Speaking and listening,3.3
27-4099,"Media and communication equipment workers, all other",17,Writing and reading,3.2
29-1011,Chiropractors,1,Adaptability,4.1
29-1011,Chiropractors,2,Computers and information technology,3.5
29-1011,Chiropractors,3,Creativity and innovation,2.8
29-1011,Chiropractors,4,Critical and analytical thinking,3.5
29-1011,Chiropractors,5,Customer service,3.5
29-1011,Chiropractors,6,Detail oriented,4.0
29-1011,Chiropractors,7,Fine motor,3.0
29-1011,Chiropractors,8,Interpersonal,4.1
29-1011,Chiropractors,9,Leadership,3.5
29-1011,Chiropractors,10,Mathematics,2.4
29-1011,Chiropractors,11,Mechanical,1.6
29-1011,Chiropractors,12,Physical strength and stamina,2.8
29-1011,Chiropractors,13,Problem solving and decision making,4.1
29-1011,Chiropractors,14,Project management,3.0
29-1011,Chiropractors,15,Science,2.9
29-1011,Chiropractors,16,Speaking and listening,3.4
29-1011,Chiropractors,17,Writing and reading,3.9
29-1021,"Dentists, general",1,Adaptability,4.2
29-1021,"Dentists, general",2,Computers and information technology,3.2
29-1021,"Dentists, general",3,Creativity and innovation,2.9
29-1021,"Dentists, general",4,Critical and analytical thinking,3.6
29-1021,"Dentists, general",5,Customer service,4.0
29-1021,"Dentists, general",6,Detail oriented,4.4
29-1021,"Dentists, general",7,Fine motor,4.0
29-1021,"Dentists, general",8,Interpersonal,4.1
29-1021,"Dentists, general",9,Leadership,3.8
29-1021,"Dentists, general",10,Mathematics,2.8
29-1021,"Dentists, general",11,Mechanical,2.3
29-1021,"Dentists, general",12,Physical strength and stamina,2.4
29-1021,"Dentists, general",13,Problem solving and decision making,4.3
29-1021,"Dentists, general",14,Project management,3.6
29-1021,"Dentists, general",15,Science,3.2
29-1021,"Dentists, general",16,Speaking and listening,3.5
29-1021,"Dentists, general",17,Writing and reading,3.6
29-1022,Oral and maxillofacial surgeons,1,Adaptability,4.5
29-1022,Oral and maxillofacial surgeons,2,Computers and information technology,3.3
29-1022,Oral and maxillofacial surgeons,3,Creativity and innovation,3.1
29-1022,Oral and maxillofacial surgeons,4,Critical and analytical thinking,3.9
29-1022,Oral and maxillofacial surgeons,5,Customer service,3.9
29-1022,Oral and maxillofacial surgeons,6,Detail oriented,4.4
29-1022,Oral and maxillofacial surgeons,7,Fine motor,3.8
29-1022,Oral and maxillofacial surgeons,8,Interpersonal,4.1
29-1022,Oral and maxillofacial surgeons,9,Leadership,3.9
29-1022,Oral and maxillofacial surgeons,10,Mathematics,2.9
29-1022,Oral and maxillofacial surgeons,11,Mechanical,2.2
29-1022,Oral and maxillofacial surgeons,12,Physical strength and stamina,2.4
29-1022,Oral and maxillofacial surgeons,13,Problem solving and decision making,4.3
29-1022,Oral and maxillofacial surgeons,14,Project management,2.9
29-1022,Oral and maxillofacial surgeons,15,Science,3.5
29-1022,Oral and maxillofacial surgeons,16,Speaking and listening,3.6
29-1022,Oral and maxillofacial surgeons,17,Writing and reading,3.8
29-1023,Orthodontists,1,Adaptability,4.3
29-1023,Orthodontists,2,Computers and information technology,3.3
29-1023,Orthodontists,3,Creativity and innovation,3.0
29-1023,Orthodontists,4,Critical and analytical thinking,3.7
29-1023,Orthodontists,5,Customer service,3.7
29-1023,Orthodontists,6,Detail oriented,3.9
29-1023,Orthodontists,7,Fine motor,3.5
29-1023,Orthodontists,8,Interpersonal,4.0
29-1023,Orthodontists,9,Leadership,3.9
29-1023,Orthodontists,10,Mathematics,2.6
29-1023,Orthodontists,11,Mechanical,1.8
29-1023,Orthodontists,12,Physical strength and stamina,1.8
29-1023,Orthodontists,13,Problem solving and decision making,4.1
29-1023,Orthodontists,14,Project management,3.1
29-1023,Orthodontists,15,Science,3.2
29-1023,Orthodontists,16,Speaking and listening,3.5
29-1023,Orthodontists,17,Writing and reading,3.7
29-1024,Prosthodontists,1,Adaptability,4.0
29-1024,Prosthodontists,2,Computers and information technology,3.6
29-1024,Prosthodontists,3,Creativity and innovation,3.4
29-1024,Prosthodontists,4,Critical and analytical thinking,3.7
29-1024,Prosthodontists,5,Customer service,3.8
29-1024,Prosthodontists,6,Detail oriented,4.2
29-1024,Prosthodontists,7,Fine motor,3.4
29-1024,Prosthodontists,8,Interpersonal,4.0
29-1024,Prosthodontists,9,Leadership,4.0
29-1024,Prosthodontists,10,Mathematics,2.2
29-1024,Prosthodontists,11,Mechanical,2.3
29-1024,Prosthodontists,12,Physical strength and stamina,2.4
29-1024,Prosthodontists,13,Problem solving and decision making,4.1
29-1024,Prosthodontists,14,Project management,3.1
29-1024,Prosthodontists,15,Science,2.6
29-1024,Prosthodontists,16,Speaking and listening,3.4
29-1024,Prosthodontists,17,Writing and reading,3.6
29-1029,"Dentists, all other specialists",1,Adaptability,4.2
29-1029,"Dentists, all other specialists",2,Computers and information technology,3.3
29-1029,"Dentists, all other specialists",3,Creativity and innovation,2.9
29-1029,"Dentists, all other specialists",4,Critical and analytical thinking,3.6
29-1029,"Dentists, all other specialists",5,Customer service,3.9
29-1029,"Dentists, all other specialists",6,Detail oriented,4.4
29-1029,"Dentists, all other specialists",7,Fine motor,3.9
29-1029,"Dentists, all other specialists",8,Interpersonal,4.1
29-1029,"Dentists, all other specialists",9,Leadership,3.9
29-1029,"Dentists, all other specialists",10,Mathematics,2.8
29-1029,"Dentists, all other specialists",11,Mechanical,2.2
29-1029,"Dentists, all other specialists",12,Physical strength and stamina,2.4
29-1029,"Dentists, all other specialists",13,Problem solving and decision making,4.3
29-1029,"Dentists, all other specialists",14,Project management,3.5
29-1029,"Dentists, all other specialists",15,Science,3.2
29-1029,"Dentists, all other specialists",16,Speaking and listening,3.5
29-1029,"Dentists, all other specialists",17,Writing and reading,3.6
29-1031,Dietitians and nutritionists,1,Adaptability,3.9
29-1031,Dietitians and nutritionists,2,Computers and information technology,3.7
29-1031,Dietitians and nutritionists,3,Creativity and innovation,2.8
29-1031,Dietitians and nutritionists,4,Critical and analytical thinking,3.7
29-1031,Dietitians and nutritionists,5,Customer service,3.3
29-1031,Dietitians and nutritionists,6,Detail oriented,3.4
29-1031,Dietitians and nutritionists,7,Fine motor,1.4
29-1031,Dietitians and nutritionists,8,Interpersonal,4.1
29-1031,Dietitians and nutritionists,9,Leadership,3.2
29-1031,Dietitians and nutritionists,10,Mathematics,3.2
29-1031,Dietitians and nutritionists,11,Mechanical,1.2
29-1031,Dietitians and nutritionists,12,Physical strength and stamina,1.3
29-1031,Dietitians and nutritionists,13,Problem solving and decision making,3.7
29-1031,Dietitians and nutritionists,14,Project management,3.0
29-1031,Dietitians and nutritionists,15,Science,3.1
29-1031,Dietitians and nutritionists,16,Speaking and listening,3.6
29-1031,Dietitians and nutritionists,17,Writing and reading,4.0
29-1041,Optometrists,1,Adaptability,4.0
29-1041,Optometrists,2,Computers and information technology,3.8
29-1041,Optometrists,3,Creativity and innovation,2.7
29-1041,Optometrists,4,Critical and analytical thinking,3.8
29-1041,Optometrists,5,Customer service,3.9
29-1041,Optometrists,6,Detail oriented,4.0
29-1041,Optometrists,7,Fine motor,3.3
29-1041,Optometrists,8,Interpersonal,4.2
29-1041,Optometrists,9,Leadership,3.6
29-1041,Optometrists,10,Mathematics,3.1
29-1041,Optometrists,11,Mechanical,1.7
29-1041,Optometrists,12,Physical strength and stamina,1.6
29-1041,Optometrists,13,Problem solving and decision making,4.0
29-1041,Optometrists,14,Project management,3.0
29-1041,Optometrists,15,Science,3.6
29-1041,Optometrists,16,Speaking and listening,3.6
29-1041,Optometrists,17,Writing and reading,4.1
29-1051,Pharmacists,1,Adaptability,4.2
29-1051,Pharmacists,2,Computers and information technology,3.6
29-1051,Pharmacists,3,Creativity and innovation,2.4
29-1051,Pharmacists,4,Critical and analytical thinking,3.6
29-1051,Pharmacists,5,Customer service,3.6
29-1051,Pharmacists,6,Detail oriented,4.4
29-1051,Pharmacists,7,Fine motor,2.5
29-1051,Pharmacists,8,Interpersonal,3.8
29-1051,Pharmacists,9,Leadership,3.5
29-1051,Pharmacists,10,Mathematics,3.6
29-1051,Pharmacists,11,Mechanical,1.5
29-1051,Pharmacists,12,Physical strength and stamina,2.0
29-1051,Pharmacists,13,Problem solving and decision making,4.1
29-1051,Pharmacists,14,Project management,3.0
29-1051,Pharmacists,15,Science,3.3
29-1051,Pharmacists,16,Speaking and listening,3.5
29-1051,Pharmacists,17,Writing and reading,4.0
29-1071,Physician assistants,1,Adaptability,4.5
29-1071,Physician assistants,2,Computers and information technology,3.9
29-1071,Physician assistants,3,Creativity and innovation,2.6
29-1071,Physician assistants,4,Critical and analytical thinking,3.9
29-1071,Physician assistants,5,Customer service,3.7
29-1071,Physician assistants,6,Detail oriented,4.3
29-1071,Physician assistants,7,Fine motor,2.4
29-1071,Physician assistants,8,Interpersonal,4.4
29-1071,Physician assistants,9,Leadership,3.4
29-1071,Physician assistants,10,Mathematics,3.1
29-1071,Physician assistants,11,Mechanical,1.4
29-1071,Physician assistants,12,Physical strength and stamina,2.3
29-1071,Physician assistants,13,Problem solving and decision making,4.3
29-1071,Physician assistants,14,Project management,2.8
29-1071,Physician assistants,15,Science,3.6
29-1071,Physician assistants,16,Speaking and listening,3.7
29-1071,Physician assistants,17,Writing and reading,4.1
29-1081,Podiatrists,1,Adaptability,4.2
29-1081,Podiatrists,2,Computers and information technology,3.8
29-1081,Podiatrists,3,Creativity and innovation,2.9
29-1081,Podiatrists,4,Critical and analytical thinking,3.7
29-1081,Podiatrists,5,Customer service,3.7
29-1081,Podiatrists,6,Detail oriented,4.1
29-1081,Podiatrists,7,Fine motor,3.0
29-1081,Podiatrists,8,Interpersonal,4.0
29-1081,Podiatrists,9,Leadership,3.5
29-1081,Podiatrists,10,Mathematics,2.9
29-1081,Podiatrists,11,Mechanical,1.8
29-1081,Podiatrists,12,Physical strength and stamina,2.0
29-1081,Podiatrists,13,Problem solving and decision making,4.2
29-1081,Podiatrists,14,Project management,2.9
29-1081,Podiatrists,15,Science,3.2
29-1081,Podiatrists,16,Speaking and listening,3.6
29-1081,Podiatrists,17,Writing and reading,4.0
29-1122,Occupational therapists,1,Adaptability,4.3
29-1122,Occupational therapists,2,Computers and information technology,3.4
29-1122,Occupational therapists,3,Creativity and innovation,3.3
29-1122,Occupational therapists,4,Critical and analytical thinking,3.7
29-1122,Occupational therapists,5,Customer service,3.3
29-1122,Occupational therapists,6,Detail oriented,3.5
29-1122,Occupational therapists,7,Fine motor,2.5
29-1122,Occupational therapists,8,Interpersonal,4.4
29-1122,Occupational therapists,9,Leadership,3.3
29-1122,Occupational therapists,10,Mathematics,2.2
29-1122,Occupational therapists,11,Mechanical,1.5
29-1122,Occupational therapists,12,Physical strength and stamina,2.5
29-1122,Occupational therapists,13,Problem solving and decision making,4.0
29-1122,Occupational therapists,14,Project management,2.9
29-1122,Occupational therapists,15,Science,2.5
29-1122,Occupational therapists,16,Speaking and listening,3.6
29-1122,Occupational therapists,17,Writing and reading,4.0
29-1123,Physical therapists,1,Adaptability,4.2
29-1123,Physical therapists,2,Computers and information technology,3.4
29-1123,Physical therapists,3,Creativity and innovation,3.0
29-1123,Physical therapists,4,Critical and analytical thinking,3.6
29-1123,Physical therapists,5,Customer service,3.9
29-1123,Physical therapists,6,Detail oriented,3.7
29-1123,Physical therapists,7,Fine motor,2.9
29-1123,Physical therapists,8,Interpersonal,4.4
29-1123,Physical therapists,9,Leadership,3.6
29-1123,Physical therapists,10,Mathematics,2.5
29-1123,Physical therapists,11,Mechanical,1.8
29-1123,Physical therapists,12,Physical strength and stamina,2.9
29-1123,Physical therapists,13,Problem solving and decision making,4.1
29-1123,Physical therapists,14,Project management,2.7
29-1123,Physical therapists,15,Science,3.0
29-1123,Physical therapists,16,Speaking and listening,3.5
29-1123,Physical therapists,17,Writing and reading,3.9
29-1124,Radiation therapists,1,Adaptability,4.1
29-1124,Radiation therapists,2,Computers and information technology,3.8
29-1124,Radiation therapists,3,Creativity and innovation,2.5
29-1124,Radiation therapists,4,Critical and analytical thinking,3.3
29-1124,Radiation therapists,5,Customer service,3.5
29-1124,Radiation therapists,6,Detail oriented,4.3
29-1124,Radiation therapists,7,Fine motor,3.1
29-1124,Radiation therapists,8,Interpersonal,4.0
29-1124,Radiation therapists,9,Leadership,3.4
29-1124,Radiation therapists,10,Mathematics,3.0
29-1124,Radiation therapists,11,Mechanical,2.8
29-1124,Radiation therapists,12,Physical strength and stamina,2.7
29-1124,Radiation therapists,13,Problem solving and decision making,3.6
29-1124,Radiation therapists,14,Project management,2.8
29-1124,Radiation therapists,15,Science,3.0
29-1124,Radiation therapists,16,Speaking and listening,3.2
29-1124,Radiation therapists,17,Writing and reading,3.6
29-1125,Recreational therapists,1,Adaptability,4.2
29-1125,Recreational therapists,2,Computers and information technology,3.4
29-1125,Recreational therapists,3,Creativity and innovation,3.6
29-1125,Recreational therapists,4,Critical and analytical thinking,3.4
29-1125,Recreational therapists,5,Customer service,3.6
29-1125,Recreational therapists,6,Detail oriented,3.2
29-1125,Recreational therapists,7,Fine motor,2.3
29-1125,Recreational therapists,8,Interpersonal,4.5
29-1125,Recreational therapists,9,Leadership,3.5
29-1125,Recreational therapists,10,Mathematics,2.0
29-1125,Recreational therapists,11,Mechanical,1.6
29-1125,Recreational therapists,12,Physical strength and stamina,2.6
29-1125,Recreational therapists,13,Problem solving and decision making,3.5
29-1125,Recreational therapists,14,Project management,3.1
29-1125,Recreational therapists,15,Science,1.8
29-1125,Recreational therapists,16,Speaking and listening,3.7
29-1125,Recreational therapists,17,Writing and reading,3.7
29-1126,Respiratory therapists,1,Adaptability,4.4
29-1126,Respiratory therapists,2,Computers and information technology,3.5
29-1126,Respiratory therapists,3,Creativity and innovation,2.6
29-1126,Respiratory therapists,4,Critical and analytical thinking,3.6
29-1126,Respiratory therapists,5,Customer service,3.5
29-1126,Respiratory therapists,6,Detail oriented,4.3
29-1126,Respiratory therapists,7,Fine motor,3.1
29-1126,Respiratory therapists,8,Interpersonal,4.1
29-1126,Respiratory therapists,9,Leadership,3.3
29-1126,Respiratory therapists,10,Mathematics,2.9
29-1126,Respiratory therapists,11,Mechanical,2.5
29-1126,Respiratory therapists,12,Physical strength and stamina,2.7
29-1126,Respiratory therapists,13,Problem solving and decision making,3.8
29-1126,Respiratory therapists,14,Project management,2.7
29-1126,Respiratory therapists,15,Science,3.1
29-1126,Respiratory therapists,16,Speaking and listening,3.3
29-1126,Respiratory therapists,17,Writing and reading,3.5
29-1127,Speech-language pathologists,1,Adaptability,4.4
29-1127,Speech-language pathologists,2,Computers and information technology,3.6
29-1127,Speech-language pathologists,3,Creativity and innovation,3.1
29-1127,Speech-language pathologists,4,Critical and analytical thinking,3.9
29-1127,Speech-language pathologists,5,Customer service,3.2
29-1127,Speech-language pathologists,6,Detail oriented,3.7
29-1127,Speech-language pathologists,7,Fine motor,2.0
29-1127,Speech-language pathologists,8,Interpersonal,4.3
29-1127,Speech-language pathologists,9,Leadership,3.1
29-1127,Speech-language pathologists,10,Mathematics,2.4
29-1127,Speech-language pathologists,11,Mechanical,1.3
29-1127,Speech-language pathologists,12,Physical strength and stamina,1.5
29-1127,Speech-language pathologists,13,Problem solving and decision making,4.0
29-1127,Speech-language pathologists,14,Project management,2.3
29-1127,Speech-language pathologists,15,Science,2.1
29-1127,Speech-language pathologists,16,Speaking and listening,3.8
29-1127,Speech-language pathologists,17,Writing and reading,4.1
29-1128,Exercise physiologists,1,Adaptability,3.9
29-1128,Exercise physiologists,2,Computers and information technology,3.5
29-1128,Exercise physiologists,3,Creativity and innovation,2.7
29-1128,Exercise physiologists,4,Critical and analytical thinking,3.6
29-1128,Exercise physiologists,5,Customer service,3.6
29-1128,Exercise physiologists,6,Detail oriented,3.5
29-1128,Exercise physiologists,7,Fine motor,2.2
29-1128,Exercise physiologists,8,Interpersonal,4.2
29-1128,Exercise physiologists,9,Leadership,3.3
29-1128,Exercise physiologists,10,Mathematics,2.8
29-1128,Exercise physiologists,11,Mechanical,1.7
29-1128,Exercise physiologists,12,Physical strength and stamina,2.6
29-1128,Exercise physiologists,13,Problem solving and decision making,3.7
29-1128,Exercise physiologists,14,Project management,2.5
29-1128,Exercise physiologists,15,Science,2.7
29-1128,Exercise physiologists,16,Speaking and listening,3.7
29-1128,Exercise physiologists,17,Writing and reading,4.0
29-1129,"Therapists, all other",1,Adaptability,4.3
29-1129,"Therapists, all other",2,Computers and information technology,3.4
29-1129,"Therapists, all other",3,Creativity and innovation,3.0
29-1129,"Therapists, all other",4,Critical and analytical thinking,3.7
29-1129,"Therapists, all other",5,Customer service,3.5
29-1129,"Therapists, all other",6,Detail oriented,3.8
29-1129,"Therapists, all other",7,Fine motor,2.6
29-1129,"Therapists, all other",8,Interpersonal,4.3
29-1129,"Therapists, all other",9,Leadership,3.4
29-1129,"Therapists, all other",10,Mathematics,2.5
29-1129,"Therapists, all other",11,Mechanical,1.7
29-1129,"Therapists, all other",12,Physical strength and stamina,2.4
29-1129,"Therapists, all other",13,Problem solving and decision making,4.0
29-1129,"Therapists, all other",14,Project management,2.7
29-1129,"Therapists, all other",15,Science,2.7
29-1129,"Therapists, all other",16,Speaking and listening,3.6
29-1129,"Therapists, all other",17,Writing and reading,3.9
29-1131,Veterinarians,1,Adaptability,4.3
29-1131,Veterinarians,2,Computers and information technology,3.2
29-1131,Veterinarians,3,Creativity and innovation,2.7
29-1131,Veterinarians,4,Critical and analytical thinking,3.7
29-1131,Veterinarians,5,Customer service,4.0
29-1131,Veterinarians,6,Detail oriented,4.1
29-1131,Veterinarians,7,Fine motor,3.1
29-1131,Veterinarians,8,Interpersonal,3.8
29-1131,Veterinarians,9,Leadership,3.3
29-1131,Veterinarians,10,Mathematics,3.2
29-1131,Veterinarians,11,Mechanical,1.6
29-1131,Veterinarians,12,Physical strength and stamina,2.4
29-1131,Veterinarians,13,Problem solving and decision making,4.2
29-1131,Veterinarians,14,Project management,2.3
29-1131,Veterinarians,15,Science,3.6
29-1131,Veterinarians,16,Speaking and listening,3.5
29-1131,Veterinarians,17,Writing and reading,3.9
29-1141,Registered nurses,1,Adaptability,4.2
29-1141,Registered nurses,2,Computers and information technology,3.6
29-1141,Registered nurses,3,Creativity and innovation,2.8
29-1141,Registered nurses,4,Critical and analytical thinking,3.6
29-1141,Registered nurses,5,Customer service,3.8
29-1141,Registered nurses,6,Detail oriented,4.0
29-1141,Registered nurses,7,Fine motor,2.7
29-1141,Registered nurses,8,Interpersonal,4.3
29-1141,Registered nurses,9,Leadership,3.8
29-1141,Registered nurses,10,Mathematics,3.1
29-1141,Registered nurses,11,Mechanical,1.7
29-1141,Registered nurses,12,Physical strength and stamina,2.8
29-1141,Registered nurses,13,Problem solving and decision making,3.9
29-1141,Registered nurses,14,Project management,2.7
29-1141,Registered nurses,15,Science,2.5
29-1141,Registered nurses,16,Speaking and listening,3.5
29-1141,Registered nurses,17,Writing and reading,3.9
29-1151,Nurse anesthetists,1,Adaptability,4.6
29-1151,Nurse anesthetists,2,Computers and information technology,3.5
29-1151,Nurse anesthetists,3,Creativity and innovation,2.8
29-1151,Nurse anesthetists,4,Critical and analytical thinking,3.9
29-1151,Nurse anesthetists,5,Customer service,3.8
29-1151,Nurse anesthetists,6,Detail oriented,4.5
29-1151,Nurse anesthetists,7,Fine motor,3.1
29-1151,Nurse anesthetists,8,Interpersonal,4.3
29-1151,Nurse anesthetists,9,Leadership,3.7
29-1151,Nurse anesthetists,10,Mathematics,3.4
29-1151,Nurse anesthetists,11,Mechanical,2.5
29-1151,Nurse anesthetists,12,Physical strength and stamina,2.4
29-1151,Nurse anesthetists,13,Problem solving and decision making,4.2
29-1151,Nurse anesthetists,14,Project management,3.0
29-1151,Nurse anesthetists,15,Science,4.2
29-1151,Nurse anesthetists,16,Speaking and listening,3.6
29-1151,Nurse anesthetists,17,Writing and reading,3.9
29-1161,Nurse midwives,1,Adaptability,4.5
29-1161,Nurse midwives,2,Computers and information technology,3.6
29-1161,Nurse midwives,3,Creativity and innovation,2.8
29-1161,Nurse midwives,4,Critical and analytical thinking,3.7
29-1161,Nurse midwives,5,Customer service,3.8
29-1161,Nurse midwives,6,Detail oriented,4.3
29-1161,Nurse midwives,7,Fine motor,2.7
29-1161,Nurse midwives,8,Interpersonal,4.5
29-1161,Nurse midwives,9,Leadership,3.6
29-1161,Nurse midwives,10,Mathematics,2.8
29-1161,Nurse midwives,11,Mechanical,1.5
29-1161,Nurse midwives,12,Physical strength and stamina,2.5
29-1161,Nurse midwives,13,Problem solving and decision making,4.2
29-1161,Nurse midwives,14,Project management,2.8
29-1161,Nurse midwives,15,Science,2.9
29-1161,Nurse midwives,16,Speaking and listening,3.6
29-1161,Nurse midwives,17,Writing and reading,4.0
29-1171,Nurse practitioners,1,Adaptability,4.4
29-1171,Nurse practitioners,2,Computers and information technology,3.7
29-1171,Nurse practitioners,3,Creativity and innovation,2.8
29-1171,Nurse practitioners,4,Critical and analytical thinking,3.9
29-1171,Nurse practitioners,5,Customer service,3.7
29-1171,Nurse practitioners,6,Detail oriented,4.2
29-1171,Nurse practitioners,7,Fine motor,2.5
29-1171,Nurse practitioners,8,Interpersonal,4.2
29-1171,Nurse practitioners,9,Leadership,3.6
29-1171,Nurse practitioners,10,Mathematics,3.1
29-1171,Nurse practitioners,11,Mechanical,1.5
29-1171,Nurse practitioners,12,Physical strength and stamina,2.3
29-1171,Nurse practitioners,13,Problem solving and decision making,4.2
29-1171,Nurse practitioners,14,Project management,2.7
29-1171,Nurse practitioners,15,Science,3.3
29-1171,Nurse practitioners,16,Speaking and listening,3.7
29-1171,Nurse practitioners,17,Writing and reading,4.1
29-1181,Audiologists,1,Adaptability,4.2
29-1181,Audiologists,2,Computers and information technology,4.0
29-1181,Audiologists,3,Creativity and innovation,2.8
29-1181,Audiologists,4,Critical and analytical thinking,3.7
29-1181,Audiologists,5,Customer service,4.1
29-1181,Audiologists,6,Detail oriented,3.7
29-1181,Audiologists,7,Fine motor,2.9
29-1181,Audiologists,8,Interpersonal,4.3
29-1181,Audiologists,9,Leadership,3.4
29-1181,Audiologists,10,Mathematics,2.8
29-1181,Audiologists,11,Mechanical,2.3
29-1181,Audiologists,12,Physical strength and stamina,1.6
29-1181,Audiologists,13,Problem solving and decision making,4.0
29-1181,Audiologists,14,Project management,3.0
29-1181,Audiologists,15,Science,2.8
29-1181,Audiologists,16,Speaking and listening,3.7
29-1181,Audiologists,17,Writing and reading,4.1
29-1211,Anesthesiologists,1,Adaptability,4.3
29-1211,Anesthesiologists,2,Computers and information technology,3.2
29-1211,Anesthesiologists,3,Creativity and innovation,2.7
29-1211,Anesthesiologists,4,Critical and analytical thinking,3.9
29-1211,Anesthesiologists,5,Customer service,3.1
29-1211,Anesthesiologists,6,Detail oriented,4.5
29-1211,Anesthesiologists,7,Fine motor,3.1
29-1211,Anesthesiologists,8,Interpersonal,3.9
29-1211,Anesthesiologists,9,Leadership,3.4
29-1211,Anesthesiologists,10,Mathematics,3.0
29-1211,Anesthesiologists,11,Mechanical,2.0
29-1211,Anesthesiologists,12,Physical strength and stamina,2.3
29-1211,Anesthesiologists,13,Problem solving and decision making,4.3
29-1211,Anesthesiologists,14,Project management,2.9
29-1211,Anesthesiologists,15,Science,3.8
29-1211,Anesthesiologists,16,Speaking and listening,3.6
29-1211,Anesthesiologists,17,Writing and reading,4.0
29-1212,Cardiologists,1,Adaptability,4.3
29-1212,Cardiologists,2,Computers and information technology,3.8
29-1212,Cardiologists,3,Creativity and innovation,2.7
29-1212,Cardiologists,4,Critical and analytical thinking,3.9
29-1212,Cardiologists,5,Customer service,3.4
29-1212,Cardiologists,6,Detail oriented,4.2
29-1212,Cardiologists,7,Fine motor,2.6
29-1212,Cardiologists,8,Interpersonal,4.2
29-1212,Cardiologists,9,Leadership,3.2
29-1212,Cardiologists,10,Mathematics,3.1
29-1212,Cardiologists,11,Mechanical,1.5
29-1212,Cardiologists,12,Physical strength and stamina,1.9
29-1212,Cardiologists,13,Problem solving and decision making,4.1
29-1212,Cardiologists,14,Project management,2.8
29-1212,Cardiologists,15,Science,3.6
29-1212,Cardiologists,16,Speaking and listening,3.6
29-1212,Cardiologists,17,Writing and reading,4.1
29-1213,Dermatologists,1,Adaptability,4.2
29-1213,Dermatologists,2,Computers and information technology,3.7
29-1213,Dermatologists,3,Creativity and innovation,2.6
29-1213,Dermatologists,4,Critical and analytical thinking,3.5
29-1213,Dermatologists,5,Customer service,3.6
29-1213,Dermatologists,6,Detail oriented,4.2
29-1213,Dermatologists,7,Fine motor,2.6
29-1213,Dermatologists,8,Interpersonal,4.3
29-1213,Dermatologists,9,Leadership,3.6
29-1213,Dermatologists,10,Mathematics,2.7
29-1213,Dermatologists,11,Mechanical,1.2
29-1213,Dermatologists,12,Physical strength and stamina,2.1
29-1213,Dermatologists,13,Problem solving and decision making,4.0
29-1213,Dermatologists,14,Project management,2.8
29-1213,Dermatologists,15,Science,2.9
29-1213,Dermatologists,16,Speaking and listening,3.6
29-1213,Dermatologists,17,Writing and reading,3.9
29-1214,Emergency medicine physicians,1,Adaptability,4.6
29-1214,Emergency medicine physicians,2,Computers and information technology,3.7
29-1214,Emergency medicine physicians,3,Creativity and innovation,2.8
29-1214,Emergency medicine physicians,4,Critical and analytical thinking,3.9
29-1214,Emergency medicine physicians,5,Customer service,4.2
29-1214,Emergency medicine physicians,6,Detail oriented,4.6
29-1214,Emergency medicine physicians,7,Fine motor,3.1
29-1214,Emergency medicine physicians,8,Interpersonal,4.4
29-1214,Emergency medicine physicians,9,Leadership,3.7
29-1214,Emergency medicine physicians,10,Mathematics,2.8
29-1214,Emergency medicine physicians,11,Mechanical,1.6
29-1214,Emergency medicine physicians,12,Physical strength and stamina,2.5
29-1214,Emergency medicine physicians,13,Problem solving and decision making,4.3
29-1214,Emergency medicine physicians,14,Project management,2.7
29-1214,Emergency medicine physicians,15,Science,3.3
29-1214,Emergency medicine physicians,16,Speaking and listening,3.9
29-1214,Emergency medicine physicians,17,Writing and reading,4.5
29-1215,Family medicine physicians,1,Adaptability,4.5
29-1215,Family medicine physicians,2,Computers and information technology,3.6
29-1215,Family medicine physicians,3,Creativity and innovation,2.4
29-1215,Family medicine physicians,4,Critical and analytical thinking,3.9
29-1215,Family medicine physicians,5,Customer service,3.7
29-1215,Family medicine physicians,6,Detail oriented,4.5
29-1215,Family medicine physicians,7,Fine motor,2.6
29-1215,Family medicine physicians,8,Interpersonal,4.4
29-1215,Family medicine physicians,9,Leadership,2.9
29-1215,Family medicine physicians,10,Mathematics,2.9
29-1215,Family medicine physicians,11,Mechanical,1.1
29-1215,Family medicine physicians,12,Physical strength and stamina,1.3
29-1215,Family medicine physicians,13,Problem solving and decision making,4.3
29-1215,Family medicine physicians,14,Project management,2.1
29-1215,Family medicine physicians,15,Science,3.3
29-1215,Family medicine physicians,16,Speaking and listening,3.8
29-1215,Family medicine physicians,17,Writing and reading,4.2
29-1216,General internal medicine physicians,1,Adaptability,4.3
29-1216,General internal medicine physicians,2,Computers and information technology,3.8
29-1216,General internal medicine physicians,3,Creativity and innovation,2.7
29-1216,General internal medicine physicians,4,Critical and analytical thinking,3.9
29-1216,General internal medicine physicians,5,Customer service,3.4
29-1216,General internal medicine physicians,6,Detail oriented,4.2
29-1216,General internal medicine physicians,7,Fine motor,2.6
29-1216,General internal medicine physicians,8,Interpersonal,4.2
29-1216,General internal medicine physicians,9,Leadership,3.2
29-1216,General internal medicine physicians,10,Mathematics,3.1
29-1216,General internal medicine physicians,11,Mechanical,1.5
29-1216,General internal medicine physicians,12,Physical strength and stamina,1.9
29-1216,General internal medicine physicians,13,Problem solving and decision making,4.1
29-1216,General internal medicine physicians,14,Project management,2.8
29-1216,General internal medicine physicians,15,Science,3.6
29-1216,General internal medicine physicians,16,Speaking and listening,3.6
29-1216,General internal medicine physicians,17,Writing and reading,4.1
29-1217,Neurologists,1,Adaptability,4.4
29-1217,Neurologists,2,Computers and information technology,3.8
29-1217,Neurologists,3,Creativity and innovation,3.0
29-1217,Neurologists,4,Critical and analytical thinking,3.9
29-1217,Neurologists,5,Customer service,3.5
29-1217,Neurologists,6,Detail oriented,4.3
29-1217,Neurologists,7,Fine motor,1.8
29-1217,Neurologists,8,Interpersonal,4.3
29-1217,Neurologists,9,Leadership,3.8
29-1217,Neurologists,10,Mathematics,3.1
29-1217,Neurologists,11,Mechanical,1.4
29-1217,Neurologists,12,Physical strength and stamina,1.4
29-1217,Neurologists,13,Problem solving and decision making,4.4
29-1217,Neurologists,14,Project management,3.1
29-1217,Neurologists,15,Science,3.3
29-1217,Neurologists,16,Speaking and listening,3.7
29-1217,Neurologists,17,Writing and reading,4.1
29-1218,Obstetricians and gynecologists,1,Adaptability,4.4
29-1218,Obstetricians and gynecologists,2,Computers and information technology,3.7
29-1218,Obstetricians and gynecologists,3,Creativity and innovation,2.6
29-1218,Obstetricians and gynecologists,4,Critical and analytical thinking,3.9
29-1218,Obstetricians and gynecologists,5,Customer service,3.5
29-1218,Obstetricians and gynecologists,6,Detail oriented,4.1
29-1218,Obstetricians and gynecologists,7,Fine motor,2.9
29-1218,Obstetricians and gynecologists,8,Interpersonal,4.3
29-1218,Obstetricians and gynecologists,9,Leadership,3.7
29-1218,Obstetricians and gynecologists,10,Mathematics,2.9
29-1218,Obstetricians and gynecologists,11,Mechanical,1.6
29-1218,Obstetricians and gynecologists,12,Physical strength and stamina,2.3
29-1218,Obstetricians and gynecologists,13,Problem solving and decision making,4.3
29-1218,Obstetricians and gynecologists,14,Project management,2.9
29-1218,Obstetricians and gynecologists,15,Science,3.4
29-1218,Obstetricians and gynecologists,16,Speaking and listening,3.6
29-1218,Obstetricians and gynecologists,17,Writing and reading,4.2
29-1221,"Pediatricians, general",1,Adaptability,4.3
29-1221,"Pediatricians, general",2,Computers and information technology,3.4
29-1221,"Pediatricians, general",3,Creativity and innovation,2.3
29-1221,"Pediatricians, general",4,Critical and analytical thinking,3.7
29-1221,"Pediatricians, general",5,Customer service,3.6
29-1221,"Pediatricians, general",6,Detail oriented,4.0
29-1221,"Pediatricians, general",7,Fine motor,2.4
29-1221,"Pediatricians, general",8,Interpersonal,4.5
29-1221,"Pediatricians, general",9,Leadership,3.5
29-1221,"Pediatricians, general",10,Mathematics,2.8
29-1221,"Pediatricians, general",11,Mechanical,1.4
29-1221,"Pediatricians, general",12,Physical strength and stamina,1.6
29-1221,"Pediatricians, general",13,Problem solving and decision making,4.3
29-1221,"Pediatricians, general",14,Project management,2.3
29-1221,"Pediatricians, general",15,Science,3.2
29-1221,"Pediatricians, general",16,Speaking and listening,3.9
29-1221,"Pediatricians, general",17,Writing and reading,4.2
29-1222,"Physicians, pathologists",1,Adaptability,4.3
29-1222,"Physicians, pathologists",2,Computers and information technology,3.8
29-1222,"Physicians, pathologists",3,Creativity and innovation,2.7
29-1222,"Physicians, pathologists",4,Critical and analytical thinking,3.8
29-1222,"Physicians, pathologists",5,Customer service,2.6
29-1222,"Physicians, pathologists",6,Detail oriented,4.3
29-1222,"Physicians, pathologists",7,Fine motor,2.6
29-1222,"Physicians, pathologists",8,Interpersonal,3.4
29-1222,"Physicians, pathologists",9,Leadership,3.2
29-1222,"Physicians, pathologists",10,Mathematics,2.9
29-1222,"Physicians, pathologists",11,Mechanical,1.8
29-1222,"Physicians, pathologists",12,Physical strength and stamina,1.6
29-1222,"Physicians, pathologists",13,Problem solving and decision making,4.2
29-1222,"Physicians, pathologists",14,Project management,3.1
29-1222,"Physicians, pathologists",15,Science,3.5
29-1222,"Physicians, pathologists",16,Speaking and listening,3.6
29-1222,"Physicians, pathologists",17,Writing and reading,4.2
29-1223,Psychiatrists,1,Adaptability,4.3
29-1223,Psychiatrists,2,Computers and information technology,3.4
29-1223,Psychiatrists,3,Creativity and innovation,2.9
29-1223,Psychiatrists,4,Critical and analytical thinking,3.9
29-1223,Psychiatrists,5,Customer service,3.6
29-1223,Psychiatrists,6,Detail oriented,3.9
29-1223,Psychiatrists,7,Fine motor,1.4
29-1223,Psychiatrists,8,Interpersonal,4.5
29-1223,Psychiatrists,9,Leadership,3.4
29-1223,Psychiatrists,10,Mathematics,2.7
29-1223,Psychiatrists,11,Mechanical,1.2
29-1223,Psychiatrists,12,Physical strength and stamina,1.5
29-1223,Psychiatrists,13,Problem solving and decision making,4.2
29-1223,Psychiatrists,14,Project management,2.4
29-1223,Psychiatrists,15,Science,3.1
29-1223,Psychiatrists,16,Speaking and listening,3.7
29-1223,Psychiatrists,17,Writing and reading,4.1
29-1224,Radiologists,1,Adaptability,4.1
29-1224,Radiologists,2,Computers and information technology,3.7
29-1224,Radiologists,3,Creativity and innovation,2.6
29-1224,Radiologists,4,Critical and analytical thinking,3.8
29-1224,Radiologists,5,Customer service,3.3
29-1224,Radiologists,6,Detail oriented,4.1
29-1224,Radiologists,7,Fine motor,3.1
29-1224,Radiologists,8,Interpersonal,4.2
29-1224,Radiologists,9,Leadership,3.4
29-1224,Radiologists,10,Mathematics,2.9
29-1224,Radiologists,11,Mechanical,2.0
29-1224,Radiologists,12,Physical strength and stamina,1.9
29-1224,Radiologists,13,Problem solving and decision making,4.2
29-1224,Radiologists,14,Project management,2.8
29-1224,Radiologists,15,Science,3.5
29-1224,Radiologists,16,Speaking and listening,3.7
29-1224,Radiologists,17,Writing and reading,4.3
29-1229,"Physicians, all other",1,Adaptability,4.4
29-1229,"Physicians, all other",2,Computers and information technology,3.6
29-1229,"Physicians, all other",3,Creativity and innovation,2.6
29-1229,"Physicians, all other",4,Critical and analytical thinking,3.9
29-1229,"Physicians, all other",5,Customer service,3.5
29-1229,"Physicians, all other",6,Detail oriented,4.3
29-1229,"Physicians, all other",7,Fine motor,2.6
29-1229,"Physicians, all other",8,Interpersonal,4.3
29-1229,"Physicians, all other",9,Leadership,3.3
29-1229,"Physicians, all other",10,Mathematics,2.9
29-1229,"Physicians, all other",11,Mechanical,1.5
29-1229,"Physicians, all other",12,Physical strength and stamina,1.8
29-1229,"Physicians, all other",13,Problem solving and decision making,4.3
29-1229,"Physicians, all other",14,Project management,2.5
29-1229,"Physicians, all other",15,Science,3.4
29-1229,"Physicians, all other",16,Speaking and listening,3.7
29-1229,"Physicians, all other",17,Writing and reading,4.2
29-1241,"Ophthalmologists, except pediatric",1,Adaptability,4.3
29-1241,"Ophthalmologists, except pediatric",2,Computers and information technology,3.5
29-1241,"Ophthalmologists, except pediatric",3,Creativity and innovation,2.9
29-1241,"Ophthalmologists, except pediatric",4,Critical and analytical thinking,3.8
29-1241,"Ophthalmologists, except pediatric",5,Customer service,3.7
29-1241,"Ophthalmologists, except pediatric",6,Detail oriented,4.5
29-1241,"Ophthalmologists, except pediatric",7,Fine motor,3.6
29-1241,"Ophthalmologists, except pediatric",8,Interpersonal,4.2
29-1241,"Ophthalmologists, except pediatric",9,Leadership,3.6
29-1241,"Ophthalmologists, except pediatric",10,Mathematics,3.1
29-1241,"Ophthalmologists, except pediatric",11,Mechanical,2.2
29-1241,"Ophthalmologists, except pediatric",12,Physical strength and stamina,2.0
29-1241,"Ophthalmologists, except pediatric",13,Problem solving and decision making,4.4
29-1241,"Ophthalmologists, except pediatric",14,Project management,2.9
29-1241,"Ophthalmologists, except pediatric",15,Science,3.1
29-1241,"Ophthalmologists, except pediatric",16,Speaking and listening,3.5
29-1241,"Ophthalmologists, except pediatric",17,Writing and reading,4.2
29-1242,"Orthopedic surgeons, except pediatric",1,Adaptability,4.3
29-1242,"Orthopedic surgeons, except pediatric",2,Computers and information technology,3.5
29-1242,"Orthopedic surgeons, except pediatric",3,Creativity and innovation,2.9
29-1242,"Orthopedic surgeons, except pediatric",4,Critical and analytical thinking,3.8
29-1242,"Orthopedic surgeons, except pediatric",5,Customer service,3.7
29-1242,"Orthopedic surgeons, except pediatric",6,Detail oriented,4.5
29-1242,"Orthopedic surgeons, except pediatric",7,Fine motor,3.6
29-1242,"Orthopedic surgeons, except pediatric",8,Interpersonal,4.2
29-1242,"Orthopedic surgeons, except pediatric",9,Leadership,3.6
29-1242,"Orthopedic surgeons, except pediatric",10,Mathematics,3.1
29-1242,"Orthopedic surgeons, except pediatric",11,Mechanical,2.2
29-1242,"Orthopedic surgeons, except pediatric",12,Physical strength and stamina,2.0
29-1242,"Orthopedic surgeons, except pediatric",13,Problem solving and decision making,4.4
29-1242,"Orthopedic surgeons, except pediatric",14,Project management,2.9
29-1242,"Orthopedic surgeons, except pediatric",15,Science,3.1
29-1242,"Orthopedic surgeons, except pediatric",16,Speaking and listening,3.5
29-1242,"Orthopedic surgeons, except pediatric",17,Writing and reading,4.2
29-1243,Pediatric surgeons,1,Adaptability,4.3
29-1243,Pediatric surgeons,2,Computers and information technology,3.5
29-1243,Pediatric surgeons,3,Creativity and innovation,2.9
29-1243,Pediatric surgeons,4,Critical and analytical thinking,3.8
29-1243,Pediatric surgeons,5,Customer service,3.7
29-1243,Pediatric surgeons,6,Detail oriented,4.5
29-1243,Pediatric surgeons,7,Fine motor,3.6
29-1243,Pediatric surgeons,8,Interpersonal,4.2
29-1243,Pediatric surgeons,9,Leadership,3.6
29-1243,Pediatric surgeons,10,Mathematics,3.1
29-1243,Pediatric surgeons,11,Mechanical,2.2
29-1243,Pediatric surgeons,12,Physical strength and stamina,2.0
29-1243,Pediatric surgeons,13,Problem solving and decision making,4.4
29-1243,Pediatric surgeons,14,Project management,2.9
29-1243,Pediatric surgeons,15,Science,3.1
29-1243,Pediatric surgeons,16,Speaking and listening,3.5
29-1243,Pediatric surgeons,17,Writing and reading,4.2
29-1249,"Surgeons, all other",1,Adaptability,4.3
29-1249,"Surgeons, all other",2,Computers and information technology,3.5
29-1249,"Surgeons, all other",3,Creativity and innovation,2.9
29-1249,"Surgeons, all other",4,Critical and analytical thinking,3.8
29-1249,"Surgeons, all other",5,Customer service,3.7
29-1249,"Surgeons, all other",6,Detail oriented,4.5
29-1249,"Surgeons, all other",7,Fine motor,3.6
29-1249,"Surgeons, all other",8,Interpersonal,4.2
29-1249,"Surgeons, all other",9,Leadership,3.6
29-1249,"Surgeons, all other",10,Mathematics,3.1
29-1249,"Surgeons, all other",11,Mechanical,2.2
29-1249,"Surgeons, all other",12,Physical strength and stamina,2.0
29-1249,"Surgeons, all other",13,Problem solving and decision making,4.4
29-1249,"Surgeons, all other",14,Project management,2.9
29-1249,"Surgeons, all other",15,Science,3.1
29-1249,"Surgeons, all other",16,Speaking and listening,3.5
29-1249,"Surgeons, all other",17,Writing and reading,4.2
29-1291,Acupuncturists,1,Adaptability,3.9
29-1291,Acupuncturists,2,Computers and information technology,3.2
29-1291,Acupuncturists,3,Creativity and innovation,2.7
29-1291,Acupuncturists,4,Critical and analytical thinking,3.3
29-1291,Acupuncturists,5,Customer service,3.4
29-1291,Acupuncturists,6,Detail oriented,3.7
29-1291,Acupuncturists,7,Fine motor,2.9
29-1291,Acupuncturists,8,Interpersonal,4.2
29-1291,Acupuncturists,9,Leadership,2.5
29-1291,Acupuncturists,10,Mathematics,2.0
29-1291,Acupuncturists,11,Mechanical,1.3
29-1291,Acupuncturists,12,Physical strength and stamina,2.1
29-1291,Acupuncturists,13,Problem solving and decision making,3.7
29-1291,Acupuncturists,14,Project management,2.7
29-1291,Acupuncturists,15,Science,2.3
29-1291,Acupuncturists,16,Speaking and listening,3.3
29-1291,Acupuncturists,17,Writing and reading,3.4
29-1292,Dental hygienists,1,Adaptability,4.1
29-1292,Dental hygienists,2,Computers and information technology,2.9
29-1292,Dental hygienists,3,Creativity and innovation,2.5
29-1292,Dental hygienists,4,Critical and analytical thinking,2.9
29-1292,Dental hygienists,5,Customer service,3.5
29-1292,Dental hygienists,6,Detail oriented,3.8
29-1292,Dental hygienists,7,Fine motor,3.5
29-1292,Dental hygienists,8,Interpersonal,4.1
29-1292,Dental hygienists,9,Leadership,2.9
29-1292,Dental hygienists,10,Mathematics,2.1
29-1292,Dental hygienists,11,Mechanical,2.1
29-1292,Dental hygienists,12,Physical strength and stamina,2.5
29-1292,Dental hygienists,13,Problem solving and decision making,3.5
29-1292,Dental hygienists,14,Project management,2.6
29-1292,Dental hygienists,15,Science,2.1
29-1292,Dental hygienists,16,Speaking and listening,3.0
29-1292,Dental hygienists,17,Writing and reading,3.2
29-1299,"Healthcare diagnosing or treating practitioners, all other",1,Adaptability,4.3
29-1299,"Healthcare diagnosing or treating practitioners, all other",2,Computers and information technology,3.5
29-1299,"Healthcare diagnosing or treating practitioners, all other",3,Creativity and innovation,2.8
29-1299,"Healthcare diagnosing or treating practitioners, all other",4,Critical and analytical thinking,3.6
29-1299,"Healthcare diagnosing or treating practitioners, all other",5,Customer service,3.7
29-1299,"Healthcare diagnosing or treating practitioners, all other",6,Detail oriented,4.1
29-1299,"Healthcare diagnosing or treating practitioners, all other",7,Fine motor,2.7
29-1299,"Healthcare diagnosing or treating practitioners, all other",8,Interpersonal,4.3
29-1299,"Healthcare diagnosing or treating practitioners, all other",9,Leadership,3.6
29-1299,"Healthcare diagnosing or treating practitioners, all other",10,Mathematics,3.0
29-1299,"Healthcare diagnosing or treating practitioners, all other",11,Mechanical,1.7
29-1299,"Healthcare diagnosing or treating practitioners, all other",12,Physical strength and stamina,2.5
29-1299,"Healthcare diagnosing or treating practitioners, all other",13,Problem solving and decision making,4.0
29-1299,"Healthcare diagnosing or treating practitioners, all other",14,Project management,2.7
29-1299,"Healthcare diagnosing or treating practitioners, all other",15,Science,2.8
29-1299,"Healthcare diagnosing or treating practitioners, all other",16,Speaking and listening,3.6
29-1299,"Healthcare diagnosing or treating practitioners, all other",17,Writing and reading,3.9
29-2010,Clinical laboratory technologists and technicians,1,Adaptability,4.0
29-2010,Clinical laboratory technologists and technicians,2,Computers and information technology,3.8
29-2010,Clinical laboratory technologists and technicians,3,Creativity and innovation,2.5
29-2010,Clinical laboratory technologists and technicians,4,Critical and analytical thinking,3.5
29-2010,Clinical laboratory technologists and technicians,5,Customer service,2.9
29-2010,Clinical laboratory technologists and technicians,6,Detail oriented,4.2
29-2010,Clinical laboratory technologists and technicians,7,Fine motor,3.2
29-2010,Clinical laboratory technologists and technicians,8,Interpersonal,3.3
29-2010,Clinical laboratory technologists and technicians,9,Leadership,3.3
29-2010,Clinical laboratory technologists and technicians,10,Mathematics,3.2
29-2010,Clinical laboratory technologists and technicians,11,Mechanical,2.8
29-2010,Clinical laboratory technologists and technicians,12,Physical strength and stamina,2.2
29-2010,Clinical laboratory technologists and technicians,13,Problem solving and decision making,3.6
29-2010,Clinical laboratory technologists and technicians,14,Project management,2.7
29-2010,Clinical laboratory technologists and technicians,15,Science,3.5
29-2010,Clinical laboratory technologists and technicians,16,Speaking and listening,3.1
29-2010,Clinical laboratory technologists and technicians,17,Writing and reading,3.5
29-2031,Cardiovascular technologists and technicians,1,Adaptability,4.0
29-2031,Cardiovascular technologists and technicians,2,Computers and information technology,3.5
29-2031,Cardiovascular technologists and technicians,3,Creativity and innovation,2.4
29-2031,Cardiovascular technologists and technicians,4,Critical and analytical thinking,3.2
29-2031,Cardiovascular technologists and technicians,5,Customer service,3.5
29-2031,Cardiovascular technologists and technicians,6,Detail oriented,4.0
29-2031,Cardiovascular technologists and technicians,7,Fine motor,3.2
29-2031,Cardiovascular technologists and technicians,8,Interpersonal,4.0
29-2031,Cardiovascular technologists and technicians,9,Leadership,2.9
29-2031,Cardiovascular technologists and technicians,10,Mathematics,2.7
29-2031,Cardiovascular technologists and technicians,11,Mechanical,2.5
29-2031,Cardiovascular technologists and technicians,12,Physical strength and stamina,2.5
29-2031,Cardiovascular technologists and technicians,13,Problem solving and decision making,3.5
29-2031,Cardiovascular technologists and technicians,14,Project management,2.4
29-2031,Cardiovascular technologists and technicians,15,Science,2.6
29-2031,Cardiovascular technologists and technicians,16,Speaking and listening,3.3
29-2031,Cardiovascular technologists and technicians,17,Writing and reading,3.5
29-2032,Diagnostic medical sonographers,1,Adaptability,4.2
29-2032,Diagnostic medical sonographers,2,Computers and information technology,3.2
29-2032,Diagnostic medical sonographers,3,Creativity and innovation,2.7
29-2032,Diagnostic medical sonographers,4,Critical and analytical thinking,3.2
29-2032,Diagnostic medical sonographers,5,Customer service,3.6
29-2032,Diagnostic medical sonographers,6,Detail oriented,4.0
29-2032,Diagnostic medical sonographers,7,Fine motor,3.3
29-2032,Diagnostic medical sonographers,8,Interpersonal,4.0
29-2032,Diagnostic medical sonographers,9,Leadership,3.1
29-2032,Diagnostic medical sonographers,10,Mathematics,2.3
29-2032,Diagnostic medical sonographers,11,Mechanical,2.5
29-2032,Diagnostic medical sonographers,12,Physical strength and stamina,2.7
29-2032,Diagnostic medical sonographers,13,Problem solving and decision making,3.5
29-2032,Diagnostic medical sonographers,14,Project management,2.5
29-2032,Diagnostic medical sonographers,15,Science,3.0
29-2032,Diagnostic medical sonographers,16,Speaking and listening,3.3
29-2032,Diagnostic medical sonographers,17,Writing and reading,3.7
29-2033,Nuclear medicine technologists,1,Adaptability,4.0
29-2033,Nuclear medicine technologists,2,Computers and information technology,3.7
29-2033,Nuclear medicine technologists,3,Creativity and innovation,2.5
29-2033,Nuclear medicine technologists,4,Critical and analytical thinking,3.1
29-2033,Nuclear medicine technologists,5,Customer service,3.7
29-2033,Nuclear medicine technologists,6,Detail oriented,4.2
29-2033,Nuclear medicine technologists,7,Fine motor,3.0
29-2033,Nuclear medicine technologists,8,Interpersonal,4.0
29-2033,Nuclear medicine technologists,9,Leadership,3.2
29-2033,Nuclear medicine technologists,10,Mathematics,3.3
29-2033,Nuclear medicine technologists,11,Mechanical,2.4
29-2033,Nuclear medicine technologists,12,Physical strength and stamina,2.3
29-2033,Nuclear medicine technologists,13,Problem solving and decision making,3.7
29-2033,Nuclear medicine technologists,14,Project management,2.7
29-2033,Nuclear medicine technologists,15,Science,3.7
29-2033,Nuclear medicine technologists,16,Speaking and listening,3.3
29-2033,Nuclear medicine technologists,17,Writing and reading,3.5
29-2034,Radiologic technologists and technicians,1,Adaptability,4.0
29-2034,Radiologic technologists and technicians,2,Computers and information technology,3.7
29-2034,Radiologic technologists and technicians,3,Creativity and innovation,2.4
29-2034,Radiologic technologists and technicians,4,Critical and analytical thinking,3.0
29-2034,Radiologic technologists and technicians,5,Customer service,3.6
29-2034,Radiologic technologists and technicians,6,Detail oriented,3.9
29-2034,Radiologic technologists and technicians,7,Fine motor,3.2
29-2034,Radiologic technologists and technicians,8,Interpersonal,4.0
29-2034,Radiologic technologists and technicians,9,Leadership,3.1
29-2034,Radiologic technologists and technicians,10,Mathematics,2.3
29-2034,Radiologic technologists and technicians,11,Mechanical,2.4
29-2034,Radiologic technologists and technicians,12,Physical strength and stamina,2.7
29-2034,Radiologic technologists and technicians,13,Problem solving and decision making,3.5
29-2034,Radiologic technologists and technicians,14,Project management,2.3
29-2034,Radiologic technologists and technicians,15,Science,2.6
29-2034,Radiologic technologists and technicians,16,Speaking and listening,3.3
29-2034,Radiologic technologists and technicians,17,Writing and reading,3.3
29-2035,Magnetic resonance imaging technologists,1,Adaptability,3.9
29-2035,Magnetic resonance imaging technologists,2,Computers and information technology,3.8
29-2035,Magnetic resonance imaging technologists,3,Creativity and innovation,2.6
29-2035,Magnetic resonance imaging technologists,4,Critical and analytical thinking,3.1
29-2035,Magnetic resonance imaging technologists,5,Customer service,3.5
29-2035,Magnetic resonance imaging technologists,6,Detail oriented,4.2
29-2035,Magnetic resonance imaging technologists,7,Fine motor,3.0
29-2035,Magnetic resonance imaging technologists,8,Interpersonal,3.7
29-2035,Magnetic resonance imaging technologists,9,Leadership,3.2
29-2035,Magnetic resonance imaging technologists,10,Mathematics,2.6
29-2035,Magnetic resonance imaging technologists,11,Mechanical,2.4
29-2035,Magnetic resonance imaging technologists,12,Physical strength and stamina,2.3
29-2035,Magnetic resonance imaging technologists,13,Problem solving and decision making,3.5
29-2035,Magnetic resonance imaging technologists,14,Project management,2.6
29-2035,Magnetic resonance imaging technologists,15,Science,3.0
29-2035,Magnetic resonance imaging technologists,16,Speaking and listening,3.3
29-2035,Magnetic resonance imaging technologists,17,Writing and reading,3.5
29-2036,Medical dosimetrists,1,Adaptability,3.9
29-2036,Medical dosimetrists,2,Computers and information technology,4.0
29-2036,Medical dosimetrists,3,Creativity and innovation,2.9
29-2036,Medical dosimetrists,4,Critical and analytical thinking,3.7
29-2036,Medical dosimetrists,5,Customer service,2.2
29-2036,Medical dosimetrists,6,Detail oriented,4.3
29-2036,Medical dosimetrists,7,Fine motor,2.8
29-2036,Medical dosimetrists,8,Interpersonal,3.4
29-2036,Medical dosimetrists,9,Leadership,3.0
29-2036,Medical dosimetrists,10,Mathematics,3.6
29-2036,Medical dosimetrists,11,Mechanical,1.6
29-2036,Medical dosimetrists,12,Physical strength and stamina,1.4
29-2036,Medical dosimetrists,13,Problem solving and decision making,3.8
29-2036,Medical dosimetrists,14,Project management,2.7
29-2036,Medical dosimetrists,15,Science,3.4
29-2036,Medical dosimetrists,16,Speaking and listening,3.4
29-2036,Medical dosimetrists,17,Writing and reading,3.9
29-2042,Emergency medical technicians,1,Adaptability,3.8
29-2042,Emergency medical technicians,2,Computers and information technology,2.9
29-2042,Emergency medical technicians,3,Creativity and innovation,2.5
29-2042,Emergency medical technicians,4,Critical and analytical thinking,2.8
29-2042,Emergency medical technicians,5,Customer service,3.5
29-2042,Emergency medical technicians,6,Detail oriented,3.9
29-2042,Emergency medical technicians,7,Fine motor,2.8
29-2042,Emergency medical technicians,8,Interpersonal,3.8
29-2042,Emergency medical technicians,9,Leadership,2.8
29-2042,Emergency medical technicians,10,Mathematics,2.2
29-2042,Emergency medical technicians,11,Mechanical,2.6
29-2042,Emergency medical technicians,12,Physical strength and stamina,2.9
29-2042,Emergency medical technicians,13,Problem solving and decision making,3.4
29-2042,Emergency medical technicians,14,Project management,2.5
29-2042,Emergency medical technicians,15,Science,1.8
29-2042,Emergency medical technicians,16,Speaking and listening,3.2
29-2042,Emergency medical technicians,17,Writing and reading,3.1
29-2043,Paramedics,1,Adaptability,4.2
29-2043,Paramedics,2,Computers and information technology,3.6
29-2043,Paramedics,3,Creativity and innovation,2.8
29-2043,Paramedics,4,Critical and analytical thinking,3.6
29-2043,Paramedics,5,Customer service,3.8
29-2043,Paramedics,6,Detail oriented,4.0
29-2043,Paramedics,7,Fine motor,2.7
29-2043,Paramedics,8,Interpersonal,4.3
29-2043,Paramedics,9,Leadership,3.8
29-2043,Paramedics,10,Mathematics,3.1
29-2043,Paramedics,11,Mechanical,1.7
29-2043,Paramedics,12,Physical strength and stamina,2.8
29-2043,Paramedics,13,Problem solving and decision making,3.9
29-2043,Paramedics,14,Project management,2.7
29-2043,Paramedics,15,Science,2.5
29-2043,Paramedics,16,Speaking and listening,3.5
29-2043,Paramedics,17,Writing and reading,3.9
29-2051,Dietetic technicians,1,Adaptability,4.2
29-2051,Dietetic technicians,2,Computers and information technology,3.1
29-2051,Dietetic technicians,3,Creativity and innovation,3.1
29-2051,Dietetic technicians,4,Critical and analytical thinking,3.3
29-2051,Dietetic technicians,5,Customer service,3.7
29-2051,Dietetic technicians,6,Detail oriented,3.8
29-2051,Dietetic technicians,7,Fine motor,2.5
29-2051,Dietetic technicians,8,Interpersonal,4.0
29-2051,Dietetic technicians,9,Leadership,3.6
29-2051,Dietetic technicians,10,Mathematics,3.2
29-2051,Dietetic technicians,11,Mechanical,1.9
29-2051,Dietetic technicians,12,Physical strength and stamina,2.4
29-2051,Dietetic technicians,13,Problem solving and decision making,3.5
29-2051,Dietetic technicians,14,Project management,3.0
29-2051,Dietetic technicians,15,Science,2.1
29-2051,Dietetic technicians,16,Speaking and listening,3.2
29-2051,Dietetic technicians,17,Writing and reading,3.1
29-2052,Pharmacy technicians,1,Adaptability,3.9
29-2052,Pharmacy technicians,2,Computers and information technology,3.6
29-2052,Pharmacy technicians,3,Creativity and innovation,2.3
29-2052,Pharmacy technicians,4,Critical and analytical thinking,3.0
29-2052,Pharmacy technicians,5,Customer service,3.7
29-2052,Pharmacy technicians,6,Detail oriented,4.2
29-2052,Pharmacy technicians,7,Fine motor,2.7
29-2052,Pharmacy technicians,8,Interpersonal,3.6
29-2052,Pharmacy technicians,9,Leadership,3.2
29-2052,Pharmacy technicians,10,Mathematics,3.2
29-2052,Pharmacy technicians,11,Mechanical,1.7
29-2052,Pharmacy technicians,12,Physical strength and stamina,2.4
29-2052,Pharmacy technicians,13,Problem solving and decision making,3.3
29-2052,Pharmacy technicians,14,Project management,2.7
29-2052,Pharmacy technicians,15,Science,2.1
29-2052,Pharmacy technicians,16,Speaking and listening,3.4
29-2052,Pharmacy technicians,17,Writing and reading,3.5
29-2053,Psychiatric technicians,1,Adaptability,4.1
29-2053,Psychiatric technicians,2,Computers and information technology,3.2
29-2053,Psychiatric technicians,3,Creativity and innovation,2.8
29-2053,Psychiatric technicians,4,Critical and analytical thinking,3.1
29-2053,Psychiatric technicians,5,Customer service,3.2
29-2053,Psychiatric technicians,6,Detail oriented,3.5
29-2053,Psychiatric technicians,7,Fine motor,2.1
29-2053,Psychiatric technicians,8,Interpersonal,4.3
29-2053,Psychiatric technicians,9,Leadership,3.3
29-2053,Psychiatric technicians,10,Mathematics,2.0
29-2053,Psychiatric technicians,11,Mechanical,1.4
29-2053,Psychiatric technicians,12,Physical strength and stamina,2.4
29-2053,Psychiatric technicians,13,Problem solving and decision making,3.1
29-2053,Psychiatric technicians,14,Project management,2.4
29-2053,Psychiatric technicians,15,Science,1.9
29-2053,Psychiatric technicians,16,Speaking and listening,3.4
29-2053,Psychiatric technicians,17,Writing and reading,3.5
29-2055,Surgical technologists,1,Adaptability,4.1
29-2055,Surgical technologists,2,Computers and information technology,2.6
29-2055,Surgical technologists,3,Creativity and innovation,2.6
29-2055,Surgical technologists,4,Critical and analytical thinking,2.9
29-2055,Surgical technologists,5,Customer service,3.1
29-2055,Surgical technologists,6,Detail oriented,4.3
29-2055,Surgical technologists,7,Fine motor,3.2
29-2055,Surgical technologists,8,Interpersonal,3.8
29-2055,Surgical technologists,9,Leadership,3.4
29-2055,Surgical technologists,10,Mathematics,2.7
29-2055,Surgical technologists,11,Mechanical,2.5
29-2055,Surgical technologists,12,Physical strength and stamina,2.7
29-2055,Surgical technologists,13,Problem solving and decision making,3.7
29-2055,Surgical technologists,14,Project management,2.9
29-2055,Surgical technologists,15,Science,2.3
29-2055,Surgical technologists,16,Speaking and listening,3.0
29-2055,Surgical technologists,17,Writing and reading,3.1
29-2056,Veterinary technologists and technicians,1,Adaptability,4.1
29-2056,Veterinary technologists and technicians,2,Computers and information technology,3.2
29-2056,Veterinary technologists and technicians,3,Creativity and innovation,2.5
29-2056,Veterinary technologists and technicians,4,Critical and analytical thinking,3.3
29-2056,Veterinary technologists and technicians,5,Customer service,3.5
29-2056,Veterinary technologists and technicians,6,Detail oriented,4.0
29-2056,Veterinary technologists and technicians,7,Fine motor,3.0
29-2056,Veterinary technologists and technicians,8,Interpersonal,3.7
29-2056,Veterinary technologists and technicians,9,Leadership,3.2
29-2056,Veterinary technologists and technicians,10,Mathematics,3.0
29-2056,Veterinary technologists and technicians,11,Mechanical,2.3
29-2056,Veterinary technologists and technicians,12,Physical strength and stamina,2.9
29-2056,Veterinary technologists and technicians,13,Problem solving and decision making,3.5
29-2056,Veterinary technologists and technicians,14,Project management,2.8
29-2056,Veterinary technologists and technicians,15,Science,3.1
29-2056,Veterinary technologists and technicians,16,Speaking and listening,3.2
29-2056,Veterinary technologists and technicians,17,Writing and reading,3.5
29-2057,Ophthalmic medical technicians,1,Adaptability,4.1
29-2057,Ophthalmic medical technicians,2,Computers and information technology,3.4
29-2057,Ophthalmic medical technicians,3,Creativity and innovation,2.1
29-2057,Ophthalmic medical technicians,4,Critical and analytical thinking,2.7
29-2057,Ophthalmic medical technicians,5,Customer service,3.6
29-2057,Ophthalmic medical technicians,6,Detail oriented,3.9
29-2057,Ophthalmic medical technicians,7,Fine motor,2.9
29-2057,Ophthalmic medical technicians,8,Interpersonal,3.8
29-2057,Ophthalmic medical technicians,9,Leadership,3.1
29-2057,Ophthalmic medical technicians,10,Mathematics,2.7
29-2057,Ophthalmic medical technicians,11,Mechanical,2.0
29-2057,Ophthalmic medical technicians,12,Physical strength and stamina,2.0
29-2057,Ophthalmic medical technicians,13,Problem solving and decision making,3.3
29-2057,Ophthalmic medical technicians,14,Project management,2.1
29-2057,Ophthalmic medical technicians,15,Science,1.9
29-2057,Ophthalmic medical technicians,16,Speaking and listening,3.1
29-2057,Ophthalmic medical technicians,17,Writing and reading,3.2
29-2061,Licensed practical and licensed vocational nurses,1,Adaptability,4.2
29-2061,Licensed practical and licensed vocational nurses,2,Computers and information technology,3.2
29-2061,Licensed practical and licensed vocational nurses,3,Creativity and innovation,2.6
29-2061,Licensed practical and licensed vocational nurses,4,Critical and analytical thinking,3.4
29-2061,Licensed practical and licensed vocational nurses,5,Customer service,3.3
29-2061,Licensed practical and licensed vocational nurses,6,Detail oriented,3.9
29-2061,Licensed practical and licensed vocational nurses,7,Fine motor,2.8
29-2061,Licensed practical and licensed vocational nurses,8,Interpersonal,4.1
29-2061,Licensed practical and licensed vocational nurses,9,Leadership,3.6
29-2061,Licensed practical and licensed vocational nurses,10,Mathematics,2.9
29-2061,Licensed practical and licensed vocational nurses,11,Mechanical,1.7
29-2061,Licensed practical and licensed vocational nurses,12,Physical strength and stamina,2.9
29-2061,Licensed practical and licensed vocational nurses,13,Problem solving and decision making,3.8
29-2061,Licensed practical and licensed vocational nurses,14,Project management,2.7
29-2061,Licensed practical and licensed vocational nurses,15,Science,2.2
29-2061,Licensed practical and licensed vocational nurses,16,Speaking and listening,3.4
29-2061,Licensed practical and licensed vocational nurses,17,Writing and reading,3.6
29-2072,Medical records specialists,1,Adaptability,3.5
29-2072,Medical records specialists,2,Computers and information technology,3.8
29-2072,Medical records specialists,3,Creativity and innovation,1.9
29-2072,Medical records specialists,4,Critical and analytical thinking,2.7
29-2072,Medical records specialists,5,Customer service,2.6
29-2072,Medical records specialists,6,Detail oriented,3.8
29-2072,Medical records specialists,7,Fine motor,2.8
29-2072,Medical records specialists,8,Interpersonal,3.0
29-2072,Medical records specialists,9,Leadership,2.3
29-2072,Medical records specialists,10,Mathematics,1.9
29-2072,Medical records specialists,11,Mechanical,1.2
29-2072,Medical records specialists,12,Physical strength and stamina,1.4
29-2072,Medical records specialists,13,Problem solving and decision making,3.1
29-2072,Medical records specialists,14,Project management,2.3
29-2072,Medical records specialists,15,Science,1.4
29-2072,Medical records specialists,16,Speaking and listening,3.1
29-2072,Medical records specialists,17,Writing and reading,3.8
29-2081,"Opticians, dispensing",1,Adaptability,4.0
29-2081,"Opticians, dispensing",2,Computers and information technology,3.7
29-2081,"Opticians, dispensing",3,Creativity and innovation,2.8
29-2081,"Opticians, dispensing",4,Critical and analytical thinking,3.2
29-2081,"Opticians, dispensing",5,Customer service,4.3
29-2081,"Opticians, dispensing",6,Detail oriented,3.7
29-2081,"Opticians, dispensing",7,Fine motor,3.1
29-2081,"Opticians, dispensing",8,Interpersonal,3.8
29-2081,"Opticians, dispensing",9,Leadership,3.4
29-2081,"Opticians, dispensing",10,Mathematics,3.1
29-2081,"Opticians, dispensing",11,Mechanical,2.2
29-2081,"Opticians, dispensing",12,Physical strength and stamina,1.8
29-2081,"Opticians, dispensing",13,Problem solving and decision making,3.7
29-2081,"Opticians, dispensing",14,Project management,2.9
29-2081,"Opticians, dispensing",15,Science,2.2
29-2081,"Opticians, dispensing",16,Speaking and listening,3.5
29-2081,"Opticians, dispensing",17,Writing and reading,3.7
29-2091,Orthotists and prosthetists,1,Adaptability,4.0
29-2091,Orthotists and prosthetists,2,Computers and information technology,3.7
29-2091,Orthotists and prosthetists,3,Creativity and innovation,3.1
29-2091,Orthotists and prosthetists,4,Critical and analytical thinking,3.6
29-2091,Orthotists and prosthetists,5,Customer service,3.6
29-2091,Orthotists and prosthetists,6,Detail oriented,3.7
29-2091,Orthotists and prosthetists,7,Fine motor,3.0
29-2091,Orthotists and prosthetists,8,Interpersonal,4.0
29-2091,Orthotists and prosthetists,9,Leadership,3.3
29-2091,Orthotists and prosthetists,10,Mathematics,2.8
29-2091,Orthotists and prosthetists,11,Mechanical,2.5
29-2091,Orthotists and prosthetists,12,Physical strength and stamina,2.3
29-2091,Orthotists and prosthetists,13,Problem solving and decision making,3.9
29-2091,Orthotists and prosthetists,14,Project management,3.0
29-2091,Orthotists and prosthetists,15,Science,3.1
29-2091,Orthotists and prosthetists,16,Speaking and listening,3.5
29-2091,Orthotists and prosthetists,17,Writing and reading,4.0
29-2092,Hearing aid specialists,1,Adaptability,4.1
29-2092,Hearing aid specialists,2,Computers and information technology,3.8
29-2092,Hearing aid specialists,3,Creativity and innovation,2.7
29-2092,Hearing aid specialists,4,Critical and analytical thinking,3.1
29-2092,Hearing aid specialists,5,Customer service,4.1
29-2092,Hearing aid specialists,6,Detail oriented,3.6
29-2092,Hearing aid specialists,7,Fine motor,2.7
29-2092,Hearing aid specialists,8,Interpersonal,4.0
29-2092,Hearing aid specialists,9,Leadership,2.7
29-2092,Hearing aid specialists,10,Mathematics,2.4
29-2092,Hearing aid specialists,11,Mechanical,2.3
29-2092,Hearing aid specialists,12,Physical strength and stamina,1.6
29-2092,Hearing aid specialists,13,Problem solving and decision making,3.8
29-2092,Hearing aid specialists,14,Project management,2.6
29-2092,Hearing aid specialists,15,Science,2.1
29-2092,Hearing aid specialists,16,Speaking and listening,3.5
29-2092,Hearing aid specialists,17,Writing and reading,3.4
29-2099,"Health technologists and technicians, all other",1,Adaptability,4.0
29-2099,"Health technologists and technicians, all other",2,Computers and information technology,3.4
29-2099,"Health technologists and technicians, all other",3,Creativity and innovation,2.5
29-2099,"Health technologists and technicians, all other",4,Critical and analytical thinking,3.2
29-2099,"Health technologists and technicians, all other",5,Customer service,3.4
29-2099,"Health technologists and technicians, all other",6,Detail oriented,4.0
29-2099,"Health technologists and technicians, all other",7,Fine motor,2.9
29-2099,"Health technologists and technicians, all other",8,Interpersonal,3.8
29-2099,"Health technologists and technicians, all other",9,Leadership,3.2
29-2099,"Health technologists and technicians, all other",10,Mathematics,2.8
29-2099,"Health technologists and technicians, all other",11,Mechanical,2.0
29-2099,"Health technologists and technicians, all other",12,Physical strength and stamina,2.5
29-2099,"Health technologists and technicians, all other",13,Problem solving and decision making,3.5
29-2099,"Health technologists and technicians, all other",14,Project management,2.6
29-2099,"Health technologists and technicians, all other",15,Science,2.4
29-2099,"Health technologists and technicians, all other",16,Speaking and listening,3.3
29-2099,"Health technologists and technicians, all other",17,Writing and reading,3.5
29-9021,Health information technologists and medical registrars,1,Adaptability,3.7
29-9021,Health information technologists and medical registrars,2,Computers and information technology,4.3
29-9021,Health information technologists and medical registrars,3,Creativity and innovation,2.6
29-9021,Health information technologists and medical registrars,4,Critical and analytical thinking,3.7
29-9021,Health information technologists and medical registrars,5,Customer service,2.6
29-9021,Health information technologists and medical registrars,6,Detail oriented,3.6
29-9021,Health information technologists and medical registrars,7,Fine motor,1.8
29-9021,Health information technologists and medical registrars,8,Interpersonal,3.1
29-9021,Health information technologists and medical registrars,9,Leadership,3.3
29-9021,Health information technologists and medical registrars,10,Mathematics,3.3
29-9021,Health information technologists and medical registrars,11,Mechanical,1.4
29-9021,Health information technologists and medical registrars,12,Physical strength and stamina,1.2
29-9021,Health information technologists and medical registrars,13,Problem solving and decision making,3.4
29-9021,Health information technologists and medical registrars,14,Project management,2.8
29-9021,Health information technologists and medical registrars,15,Science,2.0
29-9021,Health information technologists and medical registrars,16,Speaking and listening,3.5
29-9021,Health information technologists and medical registrars,17,Writing and reading,3.8
29-9091,Athletic trainers,1,Adaptability,4.3
29-9091,Athletic trainers,2,Computers and information technology,3.4
29-9091,Athletic trainers,3,Creativity and innovation,3.0
29-9091,Athletic trainers,4,Critical and analytical thinking,3.4
29-9091,Athletic trainers,5,Customer service,3.3
29-9091,Athletic trainers,6,Detail oriented,4.0
29-9091,Athletic trainers,7,Fine motor,2.6
29-9091,Athletic trainers,8,Interpersonal,4.2
29-9091,Athletic trainers,9,Leadership,3.2
29-9091,Athletic trainers,10,Mathematics,2.1
29-9091,Athletic trainers,11,Mechanical,1.6
29-9091,Athletic trainers,12,Physical strength and stamina,2.7
29-9091,Athletic trainers,13,Problem solving and decision making,4.0
29-9091,Athletic trainers,14,Project management,2.7
29-9091,Athletic trainers,15,Science,2.5
29-9091,Athletic trainers,16,Speaking and listening,3.6
29-9091,Athletic trainers,17,Writing and reading,3.6
29-9092,Genetic counselors,1,Adaptability,4.2
29-9092,Genetic counselors,2,Computers and information technology,3.5
29-9092,Genetic counselors,3,Creativity and innovation,2.5
29-9092,Genetic counselors,4,Critical and analytical thinking,3.5
29-9092,Genetic counselors,5,Customer service,3.2
29-9092,Genetic counselors,6,Detail oriented,3.8
29-9092,Genetic counselors,7,Fine motor,1.5
29-9092,Genetic counselors,8,Interpersonal,4.0
29-9092,Genetic counselors,9,Leadership,2.9
29-9092,Genetic counselors,10,Mathematics,3.1
29-9092,Genetic counselors,11,Mechanical,1.0
29-9092,Genetic counselors,12,Physical strength and stamina,1.1
29-9092,Genetic counselors,13,Problem solving and decision making,3.7
29-9092,Genetic counselors,14,Project management,2.1
29-9092,Genetic counselors,15,Science,3.1
29-9092,Genetic counselors,16,Speaking and listening,3.6
29-9092,Genetic counselors,17,Writing and reading,4.2
29-9093,Surgical assistants,1,Adaptability,4.2
29-9093,Surgical assistants,2,Computers and information technology,3.2
29-9093,Surgical assistants,3,Creativity and innovation,2.8
29-9093,Surgical assistants,4,Critical and analytical thinking,3.2
29-9093,Surgical assistants,5,Customer service,3.5
29-9093,Surgical assistants,6,Detail oriented,4.3
29-9093,Surgical assistants,7,Fine motor,3.8
29-9093,Surgical assistants,8,Interpersonal,4.1
29-9093,Surgical assistants,9,Leadership,3.3
29-9093,Surgical assistants,10,Mathematics,2.6
29-9093,Surgical assistants,11,Mechanical,2.1
29-9093,Surgical assistants,12,Physical strength and stamina,2.9
29-9093,Surgical assistants,13,Problem solving and decision making,3.4
29-9093,Surgical assistants,14,Project management,2.7
29-9093,Surgical assistants,15,Science,2.6
29-9093,Surgical assistants,16,Speaking and listening,3.4
29-9093,Surgical assistants,17,Writing and reading,3.5
29-9099,"Healthcare practitioners and technical workers, all other",1,Adaptability,4.0
29-9099,"Healthcare practitioners and technical workers, all other",2,Computers and information technology,3.7
29-9099,"Healthcare practitioners and technical workers, all other",3,Creativity and innovation,2.8
29-9099,"Healthcare practitioners and technical workers, all other",4,Critical and analytical thinking,3.5
29-9099,"Healthcare practitioners and technical workers, all other",5,Customer service,3.1
29-9099,"Healthcare practitioners and technical workers, all other",6,Detail oriented,3.9
29-9099,"Healthcare practitioners and technical workers, all other",7,Fine motor,2.5
29-9099,"Healthcare practitioners and technical workers, all other",8,Interpersonal,3.7
29-9099,"Healthcare practitioners and technical workers, all other",9,Leadership,3.3
29-9099,"Healthcare practitioners and technical workers, all other",10,Mathematics,2.7
29-9099,"Healthcare practitioners and technical workers, all other",11,Mechanical,1.6
29-9099,"Healthcare practitioners and technical workers, all other",12,Physical strength and stamina,2.1
29-9099,"Healthcare practitioners and technical workers, all other",13,Problem solving and decision making,3.6
29-9099,"Healthcare practitioners and technical workers, all other",14,Project management,2.7
29-9099,"Healthcare practitioners and technical workers, all other",15,Science,2.3
29-9099,"Healthcare practitioners and technical workers, all other",16,Speaking and listening,3.5
29-9099,"Healthcare practitioners and technical workers, all other",17,Writing and reading,3.7
31-1120,Home health and personal care aides,1,Adaptability,3.9
31-1120,Home health and personal care aides,2,Computers and information technology,2.6
31-1120,Home health and personal care aides,3,Creativity and innovation,2.8
31-1120,Home health and personal care aides,4,Critical and analytical thinking,2.8
31-1120,Home health and personal care aides,5,Customer service,3.2
31-1120,Home health and personal care aides,6,Detail oriented,3.7
31-1120,Home health and personal care aides,7,Fine motor,2.1
31-1120,Home health and personal care aides,8,Interpersonal,4.2
31-1120,Home health and personal care aides,9,Leadership,3.2
31-1120,Home health and personal care aides,10,Mathematics,2.1
31-1120,Home health and personal care aides,11,Mechanical,1.8
31-1120,Home health and personal care aides,12,Physical strength and stamina,2.8
31-1120,Home health and personal care aides,13,Problem solving and decision making,3.3
31-1120,Home health and personal care aides,14,Project management,2.7
31-1120,Home health and personal care aides,15,Science,1.8
31-1120,Home health and personal care aides,16,Speaking and listening,3.0
31-1120,Home health and personal care aides,17,Writing and reading,3.2
31-1131,Nursing assistants,1,Adaptability,4.0
31-1131,Nursing assistants,2,Computers and information technology,2.6
31-1131,Nursing assistants,3,Creativity and innovation,2.7
31-1131,Nursing assistants,4,Critical and analytical thinking,2.7
31-1131,Nursing assistants,5,Customer service,3.3
31-1131,Nursing assistants,6,Detail oriented,3.8
31-1131,Nursing assistants,7,Fine motor,2.3
31-1131,Nursing assistants,8,Interpersonal,4.2
31-1131,Nursing assistants,9,Leadership,3.2
31-1131,Nursing assistants,10,Mathematics,2.2
31-1131,Nursing assistants,11,Mechanical,1.7
31-1131,Nursing assistants,12,Physical strength and stamina,3.1
31-1131,Nursing assistants,13,Problem solving and decision making,3.1
31-1131,Nursing assistants,14,Project management,2.3
31-1131,Nursing assistants,15,Science,1.8
31-1131,Nursing assistants,16,Speaking and listening,3.1
31-1131,Nursing assistants,17,Writing and reading,3.1
31-1132,Orderlies,1,Adaptability,3.5
31-1132,Orderlies,2,Computers and information technology,2.2
31-1132,Orderlies,3,Creativity and innovation,2.0
31-1132,Orderlies,4,Critical and analytical thinking,2.4
31-1132,Orderlies,5,Customer service,3.4
31-1132,Orderlies,6,Detail oriented,3.7
31-1132,Orderlies,7,Fine motor,3.0
31-1132,Orderlies,8,Interpersonal,3.9
31-1132,Orderlies,9,Leadership,2.6
31-1132,Orderlies,10,Mathematics,1.8
31-1132,Orderlies,11,Mechanical,1.7
31-1132,Orderlies,12,Physical strength and stamina,3.4
31-1132,Orderlies,13,Problem solving and decision making,3.2
31-1132,Orderlies,14,Project management,2.0
31-1132,Orderlies,15,Science,1.5
31-1132,Orderlies,16,Speaking and listening,3.0
31-1132,Orderlies,17,Writing and reading,2.6
31-1133,Psychiatric aides,1,Adaptability,3.9
31-1133,Psychiatric aides,2,Computers and information technology,2.9
31-1133,Psychiatric aides,3,Creativity and innovation,2.7
31-1133,Psychiatric aides,4,Critical and analytical thinking,2.8
31-1133,Psychiatric aides,5,Customer service,3.3
31-1133,Psychiatric aides,6,Detail oriented,3.6
31-1133,Psychiatric aides,7,Fine motor,2.4
31-1133,Psychiatric aides,8,Interpersonal,4.1
31-1133,Psychiatric aides,9,Leadership,3.3
31-1133,Psychiatric aides,10,Mathematics,2.1
31-1133,Psychiatric aides,11,Mechanical,1.6
31-1133,Psychiatric aides,12,Physical strength and stamina,2.8
31-1133,Psychiatric aides,13,Problem solving and decision making,3.3
31-1133,Psychiatric aides,14,Project management,2.5
31-1133,Psychiatric aides,15,Science,1.6
31-1133,Psychiatric aides,16,Speaking and listening,3.4
31-1133,Psychiatric aides,17,Writing and reading,3.4
31-2011,Occupational therapy assistants,1,Adaptability,4.2
31-2011,Occupational therapy assistants,2,Computers and information technology,3.3
31-2011,Occupational therapy assistants,3,Creativity and innovation,3.3
31-2011,Occupational therapy assistants,4,Critical and analytical thinking,3.1
31-2011,Occupational therapy assistants,5,Customer service,3.5
31-2011,Occupational therapy assistants,6,Detail oriented,3.7
31-2011,Occupational therapy assistants,7,Fine motor,2.6
31-2011,Occupational therapy assistants,8,Interpersonal,4.4
31-2011,Occupational therapy assistants,9,Leadership,3.4
31-2011,Occupational therapy assistants,10,Mathematics,2.1
31-2011,Occupational therapy assistants,11,Mechanical,1.7
31-2011,Occupational therapy assistants,12,Physical strength and stamina,2.9
31-2011,Occupational therapy assistants,13,Problem solving and decision making,3.8
31-2011,Occupational therapy assistants,14,Project management,2.7
31-2011,Occupational therapy assistants,15,Science,1.9
31-2011,Occupational therapy assistants,16,Speaking and listening,3.3
31-2011,Occupational therapy assistants,17,Writing and reading,3.7
31-2012,Occupational therapy aides,1,Adaptability,3.9
31-2012,Occupational therapy aides,2,Computers and information technology,3.2
31-2012,Occupational therapy aides,3,Creativity and innovation,2.7
31-2012,Occupational therapy aides,4,Critical and analytical thinking,2.8
31-2012,Occupational therapy aides,5,Customer service,3.5
31-2012,Occupational therapy aides,6,Detail oriented,3.5
31-2012,Occupational therapy aides,7,Fine motor,2.2
31-2012,Occupational therapy aides,8,Interpersonal,4.2
31-2012,Occupational therapy aides,9,Leadership,3.4
31-2012,Occupational therapy aides,10,Mathematics,2.1
31-2012,Occupational therapy aides,11,Mechanical,2.0
31-2012,Occupational therapy aides,12,Physical strength and stamina,2.9
31-2012,Occupational therapy aides,13,Problem solving and decision making,3.4
31-2012,Occupational therapy aides,14,Project management,2.7
31-2012,Occupational therapy aides,15,Science,1.9
31-2012,Occupational therapy aides,16,Speaking and listening,3.2
31-2012,Occupational therapy aides,17,Writing and reading,3.3
31-2021,Physical therapist assistants,1,Adaptability,4.1
31-2021,Physical therapist assistants,2,Computers and information technology,3.4
31-2021,Physical therapist assistants,3,Creativity and innovation,2.8
31-2021,Physical therapist assistants,4,Critical and analytical thinking,3.0
31-2021,Physical therapist assistants,5,Customer service,3.6
31-2021,Physical therapist assistants,6,Detail oriented,3.7
31-2021,Physical therapist assistants,7,Fine motor,2.8
31-2021,Physical therapist assistants,8,Interpersonal,4.2
31-2021,Physical therapist assistants,9,Leadership,3.1
31-2021,Physical therapist assistants,10,Mathematics,2.2
31-2021,Physical therapist assistants,11,Mechanical,2.0
31-2021,Physical therapist assistants,12,Physical strength and stamina,3.0
31-2021,Physical therapist assistants,13,Problem solving and decision making,3.8
31-2021,Physical therapist assistants,14,Project management,2.5
31-2021,Physical therapist assistants,15,Science,2.5
31-2021,Physical therapist assistants,16,Speaking and listening,3.5
31-2021,Physical therapist assistants,17,Writing and reading,3.4
31-2022,Physical therapist aides,1,Adaptability,3.9
31-2022,Physical therapist aides,2,Computers and information technology,3.3
31-2022,Physical therapist aides,3,Creativity and innovation,2.5
31-2022,Physical therapist aides,4,Critical and analytical thinking,2.7
31-2022,Physical therapist aides,5,Customer service,3.4
31-2022,Physical therapist aides,6,Detail oriented,3.5
31-2022,Physical therapist aides,7,Fine motor,2.6
31-2022,Physical therapist aides,8,Interpersonal,3.9
31-2022,Physical therapist aides,9,Leadership,3.0
31-2022,Physical therapist aides,10,Mathematics,2.1
31-2022,Physical therapist aides,11,Mechanical,1.6
31-2022,Physical therapist aides,12,Physical strength and stamina,2.9
31-2022,Physical therapist aides,13,Problem solving and decision making,3.2
31-2022,Physical therapist aides,14,Project management,2.3
31-2022,Physical therapist aides,15,Science,2.0
31-2022,Physical therapist aides,16,Speaking and listening,2.9
31-2022,Physical therapist aides,17,Writing and reading,3.1
31-9011,Massage therapists,1,Adaptability,3.8
31-9011,Massage therapists,2,Computers and information technology,2.5
31-9011,Massage therapists,3,Creativity and innovation,2.7
31-9011,Massage therapists,4,Critical and analytical thinking,2.8
31-9011,Massage therapists,5,Customer service,3.3
31-9011,Massage therapists,6,Detail oriented,3.3
31-9011,Massage therapists,7,Fine motor,2.7
31-9011,Massage therapists,8,Interpersonal,4.0
31-9011,Massage therapists,9,Leadership,2.3
31-9011,Massage therapists,10,Mathematics,1.9
31-9011,Massage therapists,11,Mechanical,1.2
31-9011,Massage therapists,12,Physical strength and stamina,3.1
31-9011,Massage therapists,13,Problem solving and decision making,3.5
31-9011,Massage therapists,14,Project management,2.5
31-9011,Massage therapists,15,Science,2.1
31-9011,Massage therapists,16,Speaking and listening,3.0
31-9011,Massage therapists,17,Writing and reading,3.1
31-9091,Dental assistants,1,Adaptability,4.1
31-9091,Dental assistants,2,Computers and information technology,3.4
31-9091,Dental assistants,3,Creativity and innovation,2.6
31-9091,Dental assistants,4,Critical and analytical thinking,2.9
31-9091,Dental assistants,5,Customer service,3.8
31-9091,Dental assistants,6,Detail oriented,3.7
31-9091,Dental assistants,7,Fine motor,3.1
31-9091,Dental assistants,8,Interpersonal,3.8
31-9091,Dental assistants,9,Leadership,3.3
31-9091,Dental assistants,10,Mathematics,2.2
31-9091,Dental assistants,11,Mechanical,2.1
31-9091,Dental assistants,12,Physical strength and stamina,2.6
31-9091,Dental assistants,13,Problem solving and decision making,3.2
31-9091,Dental assistants,14,Project management,2.9
31-9091,Dental assistants,15,Science,1.9
31-9091,Dental assistants,16,Speaking and listening,3.4
31-9091,Dental assistants,17,Writing and reading,3.2
31-9092,Medical assistants,1,Adaptability,4.2
31-9092,Medical assistants,2,Computers and information technology,3.6
31-9092,Medical assistants,3,Creativity and innovation,2.9
31-9092,Medical assistants,4,Critical and analytical thinking,3.1
31-9092,Medical assistants,5,Customer service,3.6
31-9092,Medical assistants,6,Detail oriented,4.0
31-9092,Medical assistants,7,Fine motor,2.4
31-9092,Medical assistants,8,Interpersonal,4.0
31-9092,Medical assistants,9,Leadership,3.2
31-9092,Medical assistants,10,Mathematics,2.7
31-9092,Medical assistants,11,Mechanical,2.1
31-9092,Medical assistants,12,Physical strength and stamina,2.3
31-9092,Medical assistants,13,Problem solving and decision making,3.3
31-9092,Medical assistants,14,Project management,3.0
31-9092,Medical assistants,15,Science,2.2
31-9092,Medical assistants,16,Speaking and listening,3.5
31-9092,Medical assistants,17,Writing and reading,3.7
31-9093,Medical equipment preparers,1,Adaptability,4.0
31-9093,Medical equipment preparers,2,Computers and information technology,3.3
31-9093,Medical equipment preparers,3,Creativity and innovation,2.6
31-9093,Medical equipment preparers,4,Critical and analytical thinking,3.0
31-9093,Medical equipment preparers,5,Customer service,3.4
31-9093,Medical equipment preparers,6,Detail oriented,4.0
31-9093,Medical equipment preparers,7,Fine motor,3.2
31-9093,Medical equipment preparers,8,Interpersonal,3.5
31-9093,Medical equipment preparers,9,Leadership,3.1
31-9093,Medical equipment preparers,10,Mathematics,2.3
31-9093,Medical equipment preparers,11,Mechanical,2.7
31-9093,Medical equipment preparers,12,Physical strength and stamina,2.9
31-9093,Medical equipment preparers,13,Problem solving and decision making,3.5
31-9093,Medical equipment preparers,14,Project management,2.9
31-9093,Medical equipment preparers,15,Science,2.4
31-9093,Medical equipment preparers,16,Speaking and listening,2.9
31-9093,Medical equipment preparers,17,Writing and reading,3.2
31-9094,Medical transcriptionists,1,Adaptability,3.5
31-9094,Medical transcriptionists,2,Computers and information technology,3.8
31-9094,Medical transcriptionists,3,Creativity and innovation,1.9
31-9094,Medical transcriptionists,4,Critical and analytical thinking,2.7
31-9094,Medical transcriptionists,5,Customer service,2.6
31-9094,Medical transcriptionists,6,Detail oriented,3.8
31-9094,Medical transcriptionists,7,Fine motor,2.8
31-9094,Medical transcriptionists,8,Interpersonal,3.0
31-9094,Medical transcriptionists,9,Leadership,2.3
31-9094,Medical transcriptionists,10,Mathematics,1.9
31-9094,Medical transcriptionists,11,Mechanical,1.2
31-9094,Medical transcriptionists,12,Physical strength and stamina,1.4
31-9094,Medical transcriptionists,13,Problem solving and decision making,3.1
31-9094,Medical transcriptionists,14,Project management,2.3
31-9094,Medical transcriptionists,15,Science,1.4
31-9094,Medical transcriptionists,16,Speaking and listening,3.1
31-9094,Medical transcriptionists,17,Writing and reading,3.8
31-9095,Pharmacy aides,1,Adaptability,3.9
31-9095,Pharmacy aides,2,Computers and information technology,3.1
31-9095,Pharmacy aides,3,Creativity and innovation,2.2
31-9095,Pharmacy aides,4,Critical and analytical thinking,2.6
31-9095,Pharmacy aides,5,Customer service,4.0
31-9095,Pharmacy aides,6,Detail oriented,3.8
31-9095,Pharmacy aides,7,Fine motor,2.6
31-9095,Pharmacy aides,8,Interpersonal,3.6
31-9095,Pharmacy aides,9,Leadership,3.1
31-9095,Pharmacy aides,10,Mathematics,2.7
31-9095,Pharmacy aides,11,Mechanical,1.8
31-9095,Pharmacy aides,12,Physical strength and stamina,2.2
31-9095,Pharmacy aides,13,Problem solving and decision making,3.1
31-9095,Pharmacy aides,14,Project management,2.5
31-9095,Pharmacy aides,15,Science,1.4
31-9095,Pharmacy aides,16,Speaking and listening,3.1
31-9095,Pharmacy aides,17,Writing and reading,3.0
31-9096,Veterinary assistants and laboratory animal caretakers,1,Adaptability,3.8
31-9096,Veterinary assistants and laboratory animal caretakers,2,Computers and information technology,3.3
31-9096,Veterinary assistants and laboratory animal caretakers,3,Creativity and innovation,2.3
31-9096,Veterinary assistants and laboratory animal caretakers,4,Critical and analytical thinking,2.8
31-9096,Veterinary assistants and laboratory animal caretakers,5,Customer service,3.7
31-9096,Veterinary assistants and laboratory animal caretakers,6,Detail oriented,4.0
31-9096,Veterinary assistants and laboratory animal caretakers,7,Fine motor,2.8
31-9096,Veterinary assistants and laboratory animal caretakers,8,Interpersonal,3.7
31-9096,Veterinary assistants and laboratory animal caretakers,9,Leadership,3.1
31-9096,Veterinary assistants and laboratory animal caretakers,10,Mathematics,2.8
31-9096,Veterinary assistants and laboratory animal caretakers,11,Mechanical,2.1
31-9096,Veterinary assistants and laboratory animal caretakers,12,Physical strength and stamina,2.9
31-9096,Veterinary assistants and laboratory animal caretakers,13,Problem solving and decision making,3.4
31-9096,Veterinary assistants and laboratory animal caretakers,14,Project management,2.8
31-9096,Veterinary assistants and laboratory animal caretakers,15,Science,2.6
31-9096,Veterinary assistants and laboratory animal caretakers,16,Speaking and listening,3.0
31-9096,Veterinary assistants and laboratory animal caretakers,17,Writing and reading,3.2
31-9097,Phlebotomists,1,Adaptability,4.1
31-9097,Phlebotomists,2,Computers and information technology,3.5
31-9097,Phlebotomists,3,Creativity and innovation,2.6
31-9097,Phlebotomists,4,Critical and analytical thinking,2.9
31-9097,Phlebotomists,5,Customer service,3.8
31-9097,Phlebotomists,6,Detail oriented,4.3
31-9097,Phlebotomists,7,Fine motor,2.8
31-9097,Phlebotomists,8,Interpersonal,4.1
31-9097,Phlebotomists,9,Leadership,3.5
31-9097,Phlebotomists,10,Mathematics,2.2
31-9097,Phlebotomists,11,Mechanical,2.0
31-9097,Phlebotomists,12,Physical strength and stamina,2.5
31-9097,Phlebotomists,13,Problem solving and decision making,3.4
31-9097,Phlebotomists,14,Project management,2.9
31-9097,Phlebotomists,15,Science,2.5
31-9097,Phlebotomists,16,Speaking and listening,3.2
31-9097,Phlebotomists,17,Writing and reading,3.3
31-9099,"Healthcare support workers, all other",1,Adaptability,4.1
31-9099,"Healthcare support workers, all other",2,Computers and information technology,3.4
31-9099,"Healthcare support workers, all other",3,Creativity and innovation,2.7
31-9099,"Healthcare support workers, all other",4,Critical and analytical thinking,3.0
31-9099,"Healthcare support workers, all other",5,Customer service,3.6
31-9099,"Healthcare support workers, all other",6,Detail oriented,3.9
31-9099,"Healthcare support workers, all other",7,Fine motor,2.7
31-9099,"Healthcare support workers, all other",8,Interpersonal,3.9
31-9099,"Healthcare support workers, all other",9,Leadership,3.1
31-9099,"Healthcare support workers, all other",10,Mathematics,2.5
31-9099,"Healthcare support workers, all other",11,Mechanical,2.0
31-9099,"Healthcare support workers, all other",12,Physical strength and stamina,2.5
31-9099,"Healthcare support workers, all other",13,Problem solving and decision making,3.3
31-9099,"Healthcare support workers, all other",14,Project management,2.9
31-9099,"Healthcare support workers, all other",15,Science,2.2
31-9099,"Healthcare support workers, all other",16,Speaking and listening,3.3
31-9099,"Healthcare support workers, all other",17,Writing and reading,3.4
33-1011,First-line supervisors of correctional officers,1,Adaptability,4.2
33-1011,First-line supervisors of correctional officers,2,Computers and information technology,3.8
33-1011,First-line supervisors of correctional officers,3,Creativity and innovation,2.6
33-1011,First-line supervisors of correctional officers,4,Critical and analytical thinking,3.5
33-1011,First-line supervisors of correctional officers,5,Customer service,3.7
33-1011,First-line supervisors of correctional officers,6,Detail oriented,3.7
33-1011,First-line supervisors of correctional officers,7,Fine motor,2.1
33-1011,First-line supervisors of correctional officers,8,Interpersonal,3.9
33-1011,First-line supervisors of correctional officers,9,Leadership,4.2
33-1011,First-line supervisors of correctional officers,10,Mathematics,2.3
33-1011,First-line supervisors of correctional officers,11,Mechanical,1.8
33-1011,First-line supervisors of correctional officers,12,Physical strength and stamina,2.9
33-1011,First-line supervisors of correctional officers,13,Problem solving and decision making,3.9
33-1011,First-line supervisors of correctional officers,14,Project management,3.0
33-1011,First-line supervisors of correctional officers,15,Science,1.4
33-1011,First-line supervisors of correctional officers,16,Speaking and listening,3.7
33-1011,First-line supervisors of correctional officers,17,Writing and reading,3.7
33-1012,First-line supervisors of police and detectives,1,Adaptability,4.4
33-1012,First-line supervisors of police and detectives,2,Computers and information technology,3.5
33-1012,First-line supervisors of police and detectives,3,Creativity and innovation,2.7
33-1012,First-line supervisors of police and detectives,4,Critical and analytical thinking,3.5
33-1012,First-line supervisors of police and detectives,5,Customer service,4.2
33-1012,First-line supervisors of police and detectives,6,Detail oriented,4.0
33-1012,First-line supervisors of police and detectives,7,Fine motor,2.7
33-1012,First-line supervisors of police and detectives,8,Interpersonal,4.1
33-1012,First-line supervisors of police and detectives,9,Leadership,4.1
33-1012,First-line supervisors of police and detectives,10,Mathematics,2.4
33-1012,First-line supervisors of police and detectives,11,Mechanical,2.1
33-1012,First-line supervisors of police and detectives,12,Physical strength and stamina,2.5
33-1012,First-line supervisors of police and detectives,13,Problem solving and decision making,4.1
33-1012,First-line supervisors of police and detectives,14,Project management,3.2
33-1012,First-line supervisors of police and detectives,15,Science,1.6
33-1012,First-line supervisors of police and detectives,16,Speaking and listening,3.6
33-1012,First-line supervisors of police and detectives,17,Writing and reading,3.9
33-1021,First-line supervisors of firefighting and prevention workers,1,Adaptability,4.1
33-1021,First-line supervisors of firefighting and prevention workers,2,Computers and information technology,3.4
33-1021,First-line supervisors of firefighting and prevention workers,3,Creativity and innovation,2.9
33-1021,First-line supervisors of firefighting and prevention workers,4,Critical and analytical thinking,3.3
33-1021,First-line supervisors of firefighting and prevention workers,5,Customer service,3.9
33-1021,First-line supervisors of firefighting and prevention workers,6,Detail oriented,4.1
33-1021,First-line supervisors of firefighting and prevention workers,7,Fine motor,2.9
33-1021,First-line supervisors of firefighting and prevention workers,8,Interpersonal,4.0
33-1021,First-line supervisors of firefighting and prevention workers,9,Leadership,4.3
33-1021,First-line supervisors of firefighting and prevention workers,10,Mathematics,2.7
33-1021,First-line supervisors of firefighting and prevention workers,11,Mechanical,2.8
33-1021,First-line supervisors of firefighting and prevention workers,12,Physical strength and stamina,3.1
33-1021,First-line supervisors of firefighting and prevention workers,13,Problem solving and decision making,4.0
33-1021,First-line supervisors of firefighting and prevention workers,14,Project management,3.3
33-1021,First-line supervisors of firefighting and prevention workers,15,Science,2.5
33-1021,First-line supervisors of firefighting and prevention workers,16,Speaking and listening,3.6
33-1021,First-line supervisors of firefighting and prevention workers,17,Writing and reading,3.6
33-1091,First-line supervisors of security workers,1,Adaptability,4.0
33-1091,First-line supervisors of security workers,2,Computers and information technology,3.6
33-1091,First-line supervisors of security workers,3,Creativity and innovation,2.6
33-1091,First-line supervisors of security workers,4,Critical and analytical thinking,3.3
33-1091,First-line supervisors of security workers,5,Customer service,3.7
33-1091,First-line supervisors of security workers,6,Detail oriented,4.0
33-1091,First-line supervisors of security workers,7,Fine motor,2.5
33-1091,First-line supervisors of security workers,8,Interpersonal,3.5
33-1091,First-line supervisors of security workers,9,Leadership,4.1
33-1091,First-line supervisors of security workers,10,Mathematics,2.3
33-1091,First-line supervisors of security workers,11,Mechanical,2.1
33-1091,First-line supervisors of security workers,12,Physical strength and stamina,2.3
33-1091,First-line supervisors of security workers,13,Problem solving and decision making,4.1
33-1091,First-line supervisors of security workers,14,Project management,2.9
33-1091,First-line supervisors of security workers,15,Science,1.8
33-1091,First-line supervisors of security workers,16,Speaking and listening,3.6
33-1091,First-line supervisors of security workers,17,Writing and reading,3.6
33-1099,"First-line supervisors of protective service workers, all other",1,Adaptability,4.2
33-1099,"First-line supervisors of protective service workers, all other",2,Computers and information technology,3.5
33-1099,"First-line supervisors of protective service workers, all other",3,Creativity and innovation,2.7
33-1099,"First-line supervisors of protective service workers, all other",4,Critical and analytical thinking,3.4
33-1099,"First-line supervisors of protective service workers, all other",5,Customer service,4.0
33-1099,"First-line supervisors of protective service workers, all other",6,Detail oriented,4.0
33-1099,"First-line supervisors of protective service workers, all other",7,Fine motor,2.6
33-1099,"First-line supervisors of protective service workers, all other",8,Interpersonal,3.9
33-1099,"First-line supervisors of protective service workers, all other",9,Leadership,4.2
33-1099,"First-line supervisors of protective service workers, all other",10,Mathematics,2.5
33-1099,"First-line supervisors of protective service workers, all other",11,Mechanical,2.2
33-1099,"First-line supervisors of protective service workers, all other",12,Physical strength and stamina,2.6
33-1099,"First-line supervisors of protective service workers, all other",13,Problem solving and decision making,4.0
33-1099,"First-line supervisors of protective service workers, all other",14,Project management,3.1
33-1099,"First-line supervisors of protective service workers, all other",15,Science,1.8
33-1099,"First-line supervisors of protective service workers, all other",16,Speaking and listening,3.6
33-1099,"First-line supervisors of protective service workers, all other",17,Writing and reading,3.7
33-2011,Firefighters,1,Adaptability,4.3
33-2011,Firefighters,2,Computers and information technology,3.1
33-2011,Firefighters,3,Creativity and innovation,2.7
33-2011,Firefighters,4,Critical and analytical thinking,3.2
33-2011,Firefighters,5,Customer service,3.7
33-2011,Firefighters,6,Detail oriented,4.0
33-2011,Firefighters,7,Fine motor,3.2
33-2011,Firefighters,8,Interpersonal,4.0
33-2011,Firefighters,9,Leadership,3.6
33-2011,Firefighters,10,Mathematics,2.8
33-2011,Firefighters,11,Mechanical,3.1
33-2011,Firefighters,12,Physical strength and stamina,3.4
33-2011,Firefighters,13,Problem solving and decision making,3.8
33-2011,Firefighters,14,Project management,2.7
33-2011,Firefighters,15,Science,2.7
33-2011,Firefighters,16,Speaking and listening,3.4
33-2011,Firefighters,17,Writing and reading,3.1
33-2021,Fire inspectors and investigators,1,Adaptability,3.9
33-2021,Fire inspectors and investigators,2,Computers and information technology,3.6
33-2021,Fire inspectors and investigators,3,Creativity and innovation,2.7
33-2021,Fire inspectors and investigators,4,Critical and analytical thinking,3.3
33-2021,Fire inspectors and investigators,5,Customer service,3.8
33-2021,Fire inspectors and investigators,6,Detail oriented,3.9
33-2021,Fire inspectors and investigators,7,Fine motor,2.3
33-2021,Fire inspectors and investigators,8,Interpersonal,3.7
33-2021,Fire inspectors and investigators,9,Leadership,3.3
33-2021,Fire inspectors and investigators,10,Mathematics,2.6
33-2021,Fire inspectors and investigators,11,Mechanical,2.0
33-2021,Fire inspectors and investigators,12,Physical strength and stamina,2.5
33-2021,Fire inspectors and investigators,13,Problem solving and decision making,3.8
33-2021,Fire inspectors and investigators,14,Project management,3.0
33-2021,Fire inspectors and investigators,15,Science,2.3
33-2021,Fire inspectors and investigators,16,Speaking and listening,3.4
33-2021,Fire inspectors and investigators,17,Writing and reading,3.8
33-2022,Forest fire inspectors and prevention specialists,1,Adaptability,4.0
33-2022,Forest fire inspectors and prevention specialists,2,Computers and information technology,3.5
33-2022,Forest fire inspectors and prevention specialists,3,Creativity and innovation,2.7
33-2022,Forest fire inspectors and prevention specialists,4,Critical and analytical thinking,3.2
33-2022,Forest fire inspectors and prevention specialists,5,Customer service,3.6
33-2022,Forest fire inspectors and prevention specialists,6,Detail oriented,3.7
33-2022,Forest fire inspectors and prevention specialists,7,Fine motor,2.7
33-2022,Forest fire inspectors and prevention specialists,8,Interpersonal,3.5
33-2022,Forest fire inspectors and prevention specialists,9,Leadership,3.8
33-2022,Forest fire inspectors and prevention specialists,10,Mathematics,2.5
33-2022,Forest fire inspectors and prevention specialists,11,Mechanical,2.6
33-2022,Forest fire inspectors and prevention specialists,12,Physical strength and stamina,2.7
33-2022,Forest fire inspectors and prevention specialists,13,Problem solving and decision making,4.0
33-2022,Forest fire inspectors and prevention specialists,14,Project management,2.8
33-2022,Forest fire inspectors and prevention specialists,15,Science,2.5
33-2022,Forest fire inspectors and prevention specialists,16,Speaking and listening,3.5
33-2022,Forest fire inspectors and prevention specialists,17,Writing and reading,3.3
33-3011,Bailiffs,1,Adaptability,4.0
33-3011,Bailiffs,2,Computers and information technology,3.0
33-3011,Bailiffs,3,Creativity and innovation,2.2
33-3011,Bailiffs,4,Critical and analytical thinking,2.7
33-3011,Bailiffs,5,Customer service,3.6
33-3011,Bailiffs,6,Detail oriented,3.7
33-3011,Bailiffs,7,Fine motor,1.8
33-3011,Bailiffs,8,Interpersonal,3.8
33-3011,Bailiffs,9,Leadership,3.1
33-3011,Bailiffs,10,Mathematics,1.7
33-3011,Bailiffs,11,Mechanical,1.6
33-3011,Bailiffs,12,Physical strength and stamina,2.5
33-3011,Bailiffs,13,Problem solving and decision making,3.3
33-3011,Bailiffs,14,Project management,2.3
33-3011,Bailiffs,15,Science,1.1
33-3011,Bailiffs,16,Speaking and listening,3.3
33-3011,Bailiffs,17,Writing and reading,2.8
33-3012,Correctional officers and jailers,1,Adaptability,4.0
33-3012,Correctional officers and jailers,2,Computers and information technology,3.5
33-3012,Correctional officers and jailers,3,Creativity and innovation,2.6
33-3012,Correctional officers and jailers,4,Critical and analytical thinking,3.2
33-3012,Correctional officers and jailers,5,Customer service,3.7
33-3012,Correctional officers and jailers,6,Detail oriented,4.0
33-3012,Correctional officers and jailers,7,Fine motor,2.9
33-3012,Correctional officers and jailers,8,Interpersonal,3.7
33-3012,Correctional officers and jailers,9,Leadership,3.6
33-3012,Correctional officers and jailers,10,Mathematics,2.2
33-3012,Correctional officers and jailers,11,Mechanical,2.1
33-3012,Correctional officers and jailers,12,Physical strength and stamina,2.9
33-3012,Correctional officers and jailers,13,Problem solving and decision making,3.7
33-3012,Correctional officers and jailers,14,Project management,2.7
33-3012,Correctional officers and jailers,15,Science,1.5
33-3012,Correctional officers and jailers,16,Speaking and listening,3.6
33-3012,Correctional officers and jailers,17,Writing and reading,3.2
33-3021,Detectives and criminal investigators,1,Adaptability,4.3
33-3021,Detectives and criminal investigators,2,Computers and information technology,3.8
33-3021,Detectives and criminal investigators,3,Creativity and innovation,2.9
33-3021,Detectives and criminal investigators,4,Critical and analytical thinking,3.5
33-3021,Detectives and criminal investigators,5,Customer service,4.0
33-3021,Detectives and criminal investigators,6,Detail oriented,4.2
33-3021,Detectives and criminal investigators,7,Fine motor,2.4
33-3021,Detectives and criminal investigators,8,Interpersonal,3.8
33-3021,Detectives and criminal investigators,9,Leadership,3.3
33-3021,Detectives and criminal investigators,10,Mathematics,2.4
33-3021,Detectives and criminal investigators,11,Mechanical,1.8
33-3021,Detectives and criminal investigators,12,Physical strength and stamina,2.4
33-3021,Detectives and criminal investigators,13,Problem solving and decision making,4.1
33-3021,Detectives and criminal investigators,14,Project management,2.7
33-3021,Detectives and criminal investigators,15,Science,1.8
33-3021,Detectives and criminal investigators,16,Speaking and listening,3.8
33-3021,Detectives and criminal investigators,17,Writing and reading,3.8
33-3031,Fish and game wardens,1,Adaptability,4.1
33-3031,Fish and game wardens,2,Computers and information technology,3.5
33-3031,Fish and game wardens,3,Creativity and innovation,2.9
33-3031,Fish and game wardens,4,Critical and analytical thinking,3.4
33-3031,Fish and game wardens,5,Customer service,4.1
33-3031,Fish and game wardens,6,Detail oriented,4.0
33-3031,Fish and game wardens,7,Fine motor,2.7
33-3031,Fish and game wardens,8,Interpersonal,3.6
33-3031,Fish and game wardens,9,Leadership,3.0
33-3031,Fish and game wardens,10,Mathematics,2.5
33-3031,Fish and game wardens,11,Mechanical,2.5
33-3031,Fish and game wardens,12,Physical strength and stamina,2.7
33-3031,Fish and game wardens,13,Problem solving and decision making,3.9
33-3031,Fish and game wardens,14,Project management,2.7
33-3031,Fish and game wardens,15,Science,2.9
33-3031,Fish and game wardens,16,Speaking and listening,3.7
33-3031,Fish and game wardens,17,Writing and reading,3.5
33-3041,Parking enforcement workers,1,Adaptability,3.9
33-3041,Parking enforcement workers,2,Computers and information technology,3.1
33-3041,Parking enforcement workers,3,Creativity and innovation,2.6
33-3041,Parking enforcement workers,4,Critical and analytical thinking,2.8
33-3041,Parking enforcement workers,5,Customer service,3.6
33-3041,Parking enforcement workers,6,Detail oriented,3.5
33-3041,Parking enforcement workers,7,Fine motor,3.0
33-3041,Parking enforcement workers,8,Interpersonal,3.5
33-3041,Parking enforcement workers,9,Leadership,2.9
33-3041,Parking enforcement workers,10,Mathematics,2.2
33-3041,Parking enforcement workers,11,Mechanical,2.5
33-3041,Parking enforcement workers,12,Physical strength and stamina,2.6
33-3041,Parking enforcement workers,13,Problem solving and decision making,3.4
33-3041,Parking enforcement workers,14,Project management,2.5
33-3041,Parking enforcement workers,15,Science,1.8
33-3041,Parking enforcement workers,16,Speaking and listening,3.0
33-3041,Parking enforcement workers,17,Writing and reading,3.1
33-3051,Police and sheriff's patrol officers,1,Adaptability,4.3
33-3051,Police and sheriff's patrol officers,2,Computers and information technology,3.5
33-3051,Police and sheriff's patrol officers,3,Creativity and innovation,2.7
33-3051,Police and sheriff's patrol officers,4,Critical and analytical thinking,3.3
33-3051,Police and sheriff's patrol officers,5,Customer service,4.3
33-3051,Police and sheriff's patrol officers,6,Detail oriented,4.1
33-3051,Police and sheriff's patrol officers,7,Fine motor,2.7
33-3051,Police and sheriff's patrol officers,8,Interpersonal,4.1
33-3051,Police and sheriff's patrol officers,9,Leadership,3.6
33-3051,Police and sheriff's patrol officers,10,Mathematics,2.3
33-3051,Police and sheriff's patrol officers,11,Mechanical,2.0
33-3051,Police and sheriff's patrol officers,12,Physical strength and stamina,3.0
33-3051,Police and sheriff's patrol officers,13,Problem solving and decision making,3.9
33-3051,Police and sheriff's patrol officers,14,Project management,2.7
33-3051,Police and sheriff's patrol officers,15,Science,1.8
33-3051,Police and sheriff's patrol officers,16,Speaking and listening,3.7
33-3051,Police and sheriff's patrol officers,17,Writing and reading,3.6
33-3052,Transit and railroad police,1,Adaptability,4.3
33-3052,Transit and railroad police,2,Computers and information technology,3.7
33-3052,Transit and railroad police,3,Creativity and innovation,2.8
33-3052,Transit and railroad police,4,Critical and analytical thinking,3.4
33-3052,Transit and railroad police,5,Customer service,4.1
33-3052,Transit and railroad police,6,Detail oriented,3.9
33-3052,Transit and railroad police,7,Fine motor,2.6
33-3052,Transit and railroad police,8,Interpersonal,3.7
33-3052,Transit and railroad police,9,Leadership,3.5
33-3052,Transit and railroad police,10,Mathematics,2.2
33-3052,Transit and railroad police,11,Mechanical,1.9
33-3052,Transit and railroad police,12,Physical strength and stamina,3.0
33-3052,Transit and railroad police,13,Problem solving and decision making,3.8
33-3052,Transit and railroad police,14,Project management,2.7
33-3052,Transit and railroad police,15,Science,1.7
33-3052,Transit and railroad police,16,Speaking and listening,3.7
33-3052,Transit and railroad police,17,Writing and reading,3.4
33-9011,Animal control workers,1,Adaptability,4.1
33-9011,Animal control workers,2,Computers and information technology,3.5
33-9011,Animal control workers,3,Creativity and innovation,2.7
33-9011,Animal control workers,4,Critical and analytical thinking,3.0
33-9011,Animal control workers,5,Customer service,4.2
33-9011,Animal control workers,6,Detail oriented,3.8
33-9011,Animal control workers,7,Fine motor,2.7
33-9011,Animal control workers,8,Interpersonal,3.5
33-9011,Animal control workers,9,Leadership,3.2
33-9011,Animal control workers,10,Mathematics,2.1
33-9011,Animal control workers,11,Mechanical,1.8
33-9011,Animal control workers,12,Physical strength and stamina,2.6
33-9011,Animal control workers,13,Problem solving and decision making,3.7
33-9011,Animal control workers,14,Project management,2.8
33-9011,Animal control workers,15,Science,2.1
33-9011,Animal control workers,16,Speaking and listening,3.4
33-9011,Animal control workers,17,Writing and reading,3.1
33-9021,Private detectives and investigators,1,Adaptability,4.0
33-9021,Private detectives and investigators,2,Computers and information technology,3.8
33-9021,Private detectives and investigators,3,Creativity and innovation,2.9
33-9021,Private detectives and investigators,4,Critical and analytical thinking,3.6
33-9021,Private detectives and investigators,5,Customer service,3.3
33-9021,Private detectives and investigators,6,Detail oriented,3.9
33-9021,Private detectives and investigators,7,Fine motor,2.3
33-9021,Private detectives and investigators,8,Interpersonal,3.1
33-9021,Private detectives and investigators,9,Leadership,2.8
33-9021,Private detectives and investigators,10,Mathematics,2.4
33-9021,Private detectives and investigators,11,Mechanical,1.7
33-9021,Private detectives and investigators,12,Physical strength and stamina,1.7
33-9021,Private detectives and investigators,13,Problem solving and decision making,3.8
33-9021,Private detectives and investigators,14,Project management,2.8
33-9021,Private detectives and investigators,15,Science,1.3
33-9021,Private detectives and investigators,16,Speaking and listening,3.5
33-9021,Private detectives and investigators,17,Writing and reading,3.7
33-9031,Gambling surveillance officers and gambling investigators,1,Adaptability,3.9
33-9031,Gambling surveillance officers and gambling investigators,2,Computers and information technology,3.8
33-9031,Gambling surveillance officers and gambling investigators,3,Creativity and innovation,2.3
33-9031,Gambling surveillance officers and gambling investigators,4,Critical and analytical thinking,3.2
33-9031,Gambling surveillance officers and gambling investigators,5,Customer service,2.8
33-9031,Gambling surveillance officers and gambling investigators,6,Detail oriented,4.2
33-9031,Gambling surveillance officers and gambling investigators,7,Fine motor,2.7
33-9031,Gambling surveillance officers and gambling investigators,8,Interpersonal,3.3
33-9031,Gambling surveillance officers and gambling investigators,9,Leadership,3.3
33-9031,Gambling surveillance officers and gambling investigators,10,Mathematics,2.5
33-9031,Gambling surveillance officers and gambling investigators,11,Mechanical,1.6
33-9031,Gambling surveillance officers and gambling investigators,12,Physical strength and stamina,1.8
33-9031,Gambling surveillance officers and gambling investigators,13,Problem solving and decision making,3.8
33-9031,Gambling surveillance officers and gambling investigators,14,Project management,2.5
33-9031,Gambling surveillance officers and gambling investigators,15,Science,1.2
33-9031,Gambling surveillance officers and gambling investigators,16,Speaking and listening,3.1
33-9031,Gambling surveillance officers and gambling investigators,17,Writing and reading,3.4
33-9032,Security guards,1,Adaptability,4.1
33-9032,Security guards,2,Computers and information technology,3.6
33-9032,Security guards,3,Creativity and innovation,3.1
33-9032,Security guards,4,Critical and analytical thinking,3.0
33-9032,Security guards,5,Customer service,4.0
33-9032,Security guards,6,Detail oriented,3.9
33-9032,Security guards,7,Fine motor,2.1
33-9032,Security guards,8,Interpersonal,3.9
33-9032,Security guards,9,Leadership,3.6
33-9032,Security guards,10,Mathematics,2.1
33-9032,Security guards,11,Mechanical,1.9
33-9032,Security guards,12,Physical strength and stamina,2.5
33-9032,Security guards,13,Problem solving and decision making,3.4
33-9032,Security guards,14,Project management,2.8
33-9032,Security guards,15,Science,2.0
33-9032,Security guards,16,Speaking and listening,3.2
33-9032,Security guards,17,Writing and reading,3.0
33-9091,Crossing guards and flaggers,1,Adaptability,3.4
33-9091,Crossing guards and flaggers,2,Computers and information technology,1.8
33-9091,Crossing guards and flaggers,3,Creativity and innovation,2.0
33-9091,Crossing guards and flaggers,4,Critical and analytical thinking,2.5
33-9091,Crossing guards and flaggers,5,Customer service,3.1
33-9091,Crossing guards and flaggers,6,Detail oriented,3.8
33-9091,Crossing guards and flaggers,7,Fine motor,2.2
33-9091,Crossing guards and flaggers,8,Interpersonal,3.3
33-9091,Crossing guards and flaggers,9,Leadership,2.2
33-9091,Crossing guards and flaggers,10,Mathematics,1.5
33-9091,Crossing guards and flaggers,11,Mechanical,1.3
33-9091,Crossing guards and flaggers,12,Physical strength and stamina,2.5
33-9091,Crossing guards and flaggers,13,Problem solving and decision making,3.1
33-9091,Crossing guards and flaggers,14,Project management,2.0
33-9091,Crossing guards and flaggers,15,Science,1.0
33-9091,Crossing guards and flaggers,16,Speaking and listening,2.8
33-9091,Crossing guards and flaggers,17,Writing and reading,2.3
33-9092,"Lifeguards, ski patrol, and other recreational protective service workers",1,Adaptability,3.8
33-9092,"Lifeguards, ski patrol, and other recreational protective service workers",2,Computers and information technology,2.7
33-9092,"Lifeguards, ski patrol, and other recreational protective service workers",3,Creativity and innovation,2.2
33-9092,"Lifeguards, ski patrol, and other recreational protective service workers",4,Critical and analytical thinking,2.6
33-9092,"Lifeguards, ski patrol, and other recreational protective service workers",5,Customer service,3.4
33-9092,"Lifeguards, ski patrol, and other recreational protective service workers",6,Detail oriented,3.7
33-9092,"Lifeguards, ski patrol, and other recreational protective service workers",7,Fine motor,1.9
33-9092,"Lifeguards, ski patrol, and other recreational protective service workers",8,Interpersonal,3.7
33-9092,"Lifeguards, ski patrol, and other recreational protective service workers",9,Leadership,3.2
33-9092,"Lifeguards, ski patrol, and other recreational protective service workers",10,Mathematics,1.7
33-9092,"Lifeguards, ski patrol, and other recreational protective service workers",11,Mechanical,1.8
33-9092,"Lifeguards, ski patrol, and other recreational protective service workers",12,Physical strength and stamina,2.8
33-9092,"Lifeguards, ski patrol, and other recreational protective service workers",13,Problem solving and decision making,3.4
33-9092,"Lifeguards, ski patrol, and other recreational protective service workers",14,Project management,2.2
33-9092,"Lifeguards, ski patrol, and other recreational protective service workers",15,Science,2.0
33-9092,"Lifeguards, ski patrol, and other recreational protective service workers",16,Speaking and listening,3.0
33-9092,"Lifeguards, ski patrol, and other recreational protective service workers",17,Writing and reading,2.7
33-9093,Transportation security screeners,1,Adaptability,3.9
33-9093,Transportation security screeners,2,Computers and information technology,2.7
33-9093,Transportation security screeners,3,Creativity and innovation,2.1
33-9093,Transportation security screeners,4,Critical and analytical thinking,2.8
33-9093,Transportation security screeners,5,Customer service,3.6
33-9093,Transportation security screeners,6,Detail oriented,4.1
33-9093,Transportation security screeners,7,Fine motor,3.0
33-9093,Transportation security screeners,8,Interpersonal,3.3
33-9093,Transportation security screeners,9,Leadership,3.1
33-9093,Transportation security screeners,10,Mathematics,1.9
33-9093,Transportation security screeners,11,Mechanical,2.1
33-9093,Transportation security screeners,12,Physical strength and stamina,2.9
33-9093,Transportation security screeners,13,Problem solving and decision making,3.2
33-9093,Transportation security screeners,14,Project management,2.3
33-9093,Transportation security screeners,15,Science,1.3
33-9093,Transportation security screeners,16,Speaking and listening,3.1
33-9093,Transportation security screeners,17,Writing and reading,3.0
33-9094,School bus monitors,1,Adaptability,3.6
33-9094,School bus monitors,2,Computers and information technology,2.1
33-9094,School bus monitors,3,Creativity and innovation,2.3
33-9094,School bus monitors,4,Critical and analytical thinking,2.6
33-9094,School bus monitors,5,Customer service,2.9
33-9094,School bus monitors,6,Detail oriented,3.7
33-9094,School bus monitors,7,Fine motor,3.1
33-9094,School bus monitors,8,Interpersonal,3.6
33-9094,School bus monitors,9,Leadership,2.6
33-9094,School bus monitors,10,Mathematics,2.0
33-9094,School bus monitors,11,Mechanical,2.3
33-9094,School bus monitors,12,Physical strength and stamina,2.3
33-9094,School bus monitors,13,Problem solving and decision making,3.3
33-9094,School bus monitors,14,Project management,2.1
33-9094,School bus monitors,15,Science,1.2
33-9094,School bus monitors,16,Speaking and listening,2.9
33-9094,School bus monitors,17,Writing and reading,2.7
33-9099,"Protective service workers, all other",1,Adaptability,4.0
33-9099,"Protective service workers, all other",2,Computers and information technology,3.4
33-9099,"Protective service workers, all other",3,Creativity and innovation,2.9
33-9099,"Protective service workers, all other",4,Critical and analytical thinking,2.9
33-9099,"Protective service workers, all other",5,Customer service,3.8
33-9099,"Protective service workers, all other",6,Detail oriented,3.9
33-9099,"Protective service workers, all other",7,Fine motor,2.2
33-9099,"Protective service workers, all other",8,Interpersonal,3.8
33-9099,"Protective service workers, all other",9,Leadership,3.4
33-9099,"Protective service workers, all other",10,Mathematics,2.0
33-9099,"Protective service workers, all other",11,Mechanical,1.9
33-9099,"Protective service workers, all other",12,Physical strength and stamina,2.5
33-9099,"Protective service workers, all other",13,Problem solving and decision making,3.4
33-9099,"Protective service workers, all other",14,Project management,2.6
33-9099,"Protective service workers, all other",15,Science,1.9
33-9099,"Protective service workers, all other",16,Speaking and listening,3.2
33-9099,"Protective service workers, all other",17,Writing and reading,3.0
35-1011,Chefs and head cooks,1,Adaptability,3.9
35-1011,Chefs and head cooks,2,Computers and information technology,3.1
35-1011,Chefs and head cooks,3,Creativity and innovation,3.1
35-1011,Chefs and head cooks,4,Critical and analytical thinking,3.4
35-1011,Chefs and head cooks,5,Customer service,3.5
35-1011,Chefs and head cooks,6,Detail oriented,3.6
35-1011,Chefs and head cooks,7,Fine motor,3.2
35-1011,Chefs and head cooks,8,Interpersonal,3.6
35-1011,Chefs and head cooks,9,Leadership,4.0
35-1011,Chefs and head cooks,10,Mathematics,3.2
35-1011,Chefs and head cooks,11,Mechanical,2.2
35-1011,Chefs and head cooks,12,Physical strength and stamina,2.7
35-1011,Chefs and head cooks,13,Problem solving and decision making,3.7
35-1011,Chefs and head cooks,14,Project management,3.6
35-1011,Chefs and head cooks,15,Science,2.2
35-1011,Chefs and head cooks,16,Speaking and listening,3.6
35-1011,Chefs and head cooks,17,Writing and reading,3.2
35-1012,First-line supervisors of food preparation and serving workers,1,Adaptability,3.7
35-1012,First-line supervisors of food preparation and serving workers,2,Computers and information technology,2.7
35-1012,First-line supervisors of food preparation and serving workers,3,Creativity and innovation,2.7
35-1012,First-line supervisors of food preparation and serving workers,4,Critical and analytical thinking,3.1
35-1012,First-line supervisors of food preparation and serving workers,5,Customer service,3.6
35-1012,First-line supervisors of food preparation and serving workers,6,Detail oriented,3.5
35-1012,First-line supervisors of food preparation and serving workers,7,Fine motor,2.5
35-1012,First-line supervisors of food preparation and serving workers,8,Interpersonal,3.6
35-1012,First-line supervisors of food preparation and serving workers,9,Leadership,3.8
35-1012,First-line supervisors of food preparation and serving workers,10,Mathematics,2.9
35-1012,First-line supervisors of food preparation and serving workers,11,Mechanical,2.0
35-1012,First-line supervisors of food preparation and serving workers,12,Physical strength and stamina,2.5
35-1012,First-line supervisors of food preparation and serving workers,13,Problem solving and decision making,3.2
35-1012,First-line supervisors of food preparation and serving workers,14,Project management,3.4
35-1012,First-line supervisors of food preparation and serving workers,15,Science,1.5
35-1012,First-line supervisors of food preparation and serving workers,16,Speaking and listening,3.6
35-1012,First-line supervisors of food preparation and serving workers,17,Writing and reading,3.2
35-2011,"Cooks, fast food",1,Adaptability,3.1
35-2011,"Cooks, fast food",2,Computers and information technology,1.9
35-2011,"Cooks, fast food",3,Creativity and innovation,2.1
35-2011,"Cooks, fast food",4,Critical and analytical thinking,2.4
35-2011,"Cooks, fast food",5,Customer service,3.0
35-2011,"Cooks, fast food",6,Detail oriented,3.5
35-2011,"Cooks, fast food",7,Fine motor,2.0
35-2011,"Cooks, fast food",8,Interpersonal,2.8
35-2011,"Cooks, fast food",9,Leadership,2.6
35-2011,"Cooks, fast food",10,Mathematics,1.9
35-2011,"Cooks, fast food",11,Mechanical,1.4
35-2011,"Cooks, fast food",12,Physical strength and stamina,2.3
35-2011,"Cooks, fast food",13,Problem solving and decision making,2.8
35-2011,"Cooks, fast food",14,Project management,2.0
35-2011,"Cooks, fast food",15,Science,1.0
35-2011,"Cooks, fast food",16,Speaking and listening,3.1
35-2011,"Cooks, fast food",17,Writing and reading,2.4
35-2012,"Cooks, institution and cafeteria",1,Adaptability,3.8
35-2012,"Cooks, institution and cafeteria",2,Computers and information technology,2.2
35-2012,"Cooks, institution and cafeteria",3,Creativity and innovation,2.5
35-2012,"Cooks, institution and cafeteria",4,Critical and analytical thinking,2.8
35-2012,"Cooks, institution and cafeteria",5,Customer service,3.0
35-2012,"Cooks, institution and cafeteria",6,Detail oriented,3.7
35-2012,"Cooks, institution and cafeteria",7,Fine motor,3.1
35-2012,"Cooks, institution and cafeteria",8,Interpersonal,3.5
35-2012,"Cooks, institution and cafeteria",9,Leadership,3.2
35-2012,"Cooks, institution and cafeteria",10,Mathematics,2.9
35-2012,"Cooks, institution and cafeteria",11,Mechanical,1.8
35-2012,"Cooks, institution and cafeteria",12,Physical strength and stamina,2.7
35-2012,"Cooks, institution and cafeteria",13,Problem solving and decision making,3.3
35-2012,"Cooks, institution and cafeteria",14,Project management,2.9
35-2012,"Cooks, institution and cafeteria",15,Science,1.6
35-2012,"Cooks, institution and cafeteria",16,Speaking and listening,2.8
35-2012,"Cooks, institution and cafeteria",17,Writing and reading,2.9
35-2013,"Cooks, private household",1,Adaptability,3.7
35-2013,"Cooks, private household",2,Computers and information technology,2.7
35-2013,"Cooks, private household",3,Creativity and innovation,2.9
35-2013,"Cooks, private household",4,Critical and analytical thinking,2.8
35-2013,"Cooks, private household",5,Customer service,3.0
35-2013,"Cooks, private household",6,Detail oriented,3.4
35-2013,"Cooks, private household",7,Fine motor,3.2
35-2013,"Cooks, private household",8,Interpersonal,3.2
35-2013,"Cooks, private household",9,Leadership,2.7
35-2013,"Cooks, private household",10,Mathematics,2.4
35-2013,"Cooks, private household",11,Mechanical,1.7
35-2013,"Cooks, private household",12,Physical strength and stamina,2.5
35-2013,"Cooks, private household",13,Problem solving and decision making,3.3
35-2013,"Cooks, private household",14,Project management,3.2
35-2013,"Cooks, private household",15,Science,1.8
35-2013,"Cooks, private household",16,Speaking and listening,2.8
35-2013,"Cooks, private household",17,Writing and reading,2.7
35-2014,"Cooks, restaurant",1,Adaptability,3.4
35-2014,"Cooks, restaurant",2,Computers and information technology,1.4
35-2014,"Cooks, restaurant",3,Creativity and innovation,2.0
35-2014,"Cooks, restaurant",4,Critical and analytical thinking,2.4
35-2014,"Cooks, restaurant",5,Customer service,2.3
35-2014,"Cooks, restaurant",6,Detail oriented,3.5
35-2014,"Cooks, restaurant",7,Fine motor,3.3
35-2014,"Cooks, restaurant",8,Interpersonal,2.7
35-2014,"Cooks, restaurant",9,Leadership,2.6
35-2014,"Cooks, restaurant",10,Mathematics,2.2
35-2014,"Cooks, restaurant",11,Mechanical,1.6
35-2014,"Cooks, restaurant",12,Physical strength and stamina,2.6
35-2014,"Cooks, restaurant",13,Problem solving and decision making,3.0
35-2014,"Cooks, restaurant",14,Project management,2.0
35-2014,"Cooks, restaurant",15,Science,1.4
35-2014,"Cooks, restaurant",16,Speaking and listening,2.6
35-2014,"Cooks, restaurant",17,Writing and reading,2.4
35-2015,"Cooks, short order",1,Adaptability,3.3
35-2015,"Cooks, short order",2,Computers and information technology,1.5
35-2015,"Cooks, short order",3,Creativity and innovation,2.0
35-2015,"Cooks, short order",4,Critical and analytical thinking,2.4
35-2015,"Cooks, short order",5,Customer service,2.6
35-2015,"Cooks, short order",6,Detail oriented,3.2
35-2015,"Cooks, short order",7,Fine motor,2.8
35-2015,"Cooks, short order",8,Interpersonal,3.0
35-2015,"Cooks, short order",9,Leadership,2.7
35-2015,"Cooks, short order",10,Mathematics,2.1
35-2015,"Cooks, short order",11,Mechanical,1.5
35-2015,"Cooks, short order",12,Physical strength and stamina,2.6
35-2015,"Cooks, short order",13,Problem solving and decision making,3.0
35-2015,"Cooks, short order",14,Project management,2.3
35-2015,"Cooks, short order",15,Science,1.5
35-2015,"Cooks, short order",16,Speaking and listening,2.7
35-2015,"Cooks, short order",17,Writing and reading,2.6
35-2019,"Cooks, all other",1,Adaptability,3.4
35-2019,"Cooks, all other",2,Computers and information technology,1.7
35-2019,"Cooks, all other",3,Creativity and innovation,2.1
35-2019,"Cooks, all other",4,Critical and analytical thinking,2.5
35-2019,"Cooks, all other",5,Customer service,2.6
35-2019,"Cooks, all other",6,Detail oriented,3.5
35-2019,"Cooks, all other",7,Fine motor,2.9
35-2019,"Cooks, all other",8,Interpersonal,2.9
35-2019,"Cooks, all other",9,Leadership,2.7
35-2019,"Cooks, all other",10,Mathematics,2.2
35-2019,"Cooks, all other",11,Mechanical,1.6
35-2019,"Cooks, all other",12,Physical strength and stamina,2.5
35-2019,"Cooks, all other",13,Problem solving and decision making,3.0
35-2019,"Cooks, all other",14,Project management,2.2
35-2019,"Cooks, all other",15,Science,1.4
35-2019,"Cooks, all other",16,Speaking and listening,2.7
35-2019,"Cooks, all other",17,Writing and reading,2.5
35-2021,Food preparation workers,1,Adaptability,3.0
35-2021,Food preparation workers,2,Computers and information technology,1.8
35-2021,Food preparation workers,3,Creativity and innovation,2.1
35-2021,Food preparation workers,4,Critical and analytical thinking,2.3
35-2021,Food preparation workers,5,Customer service,2.3
35-2021,Food preparation workers,6,Detail oriented,3.5
35-2021,Food preparation workers,7,Fine motor,2.6
35-2021,Food preparation workers,8,Interpersonal,3.0
35-2021,Food preparation workers,9,Leadership,2.9
35-2021,Food preparation workers,10,Mathematics,1.9
35-2021,Food preparation workers,11,Mechanical,1.5
35-2021,Food preparation workers,12,Physical strength and stamina,2.5
35-2021,Food preparation workers,13,Problem solving and decision making,2.7
35-2021,Food preparation workers,14,Project management,2.1
35-2021,Food preparation workers,15,Science,1.4
35-2021,Food preparation workers,16,Speaking and listening,2.6
35-2021,Food preparation workers,17,Writing and reading,2.0
35-3011,Bartenders,1,Adaptability,3.7
35-3011,Bartenders,2,Computers and information technology,2.3
35-3011,Bartenders,3,Creativity and innovation,2.8
35-3011,Bartenders,4,Critical and analytical thinking,2.6
35-3011,Bartenders,5,Customer service,3.8
35-3011,Bartenders,6,Detail oriented,3.1
35-3011,Bartenders,7,Fine motor,2.8
35-3011,Bartenders,8,Interpersonal,3.7
35-3011,Bartenders,9,Leadership,3.1
35-3011,Bartenders,10,Mathematics,2.5
35-3011,Bartenders,11,Mechanical,1.6
35-3011,Bartenders,12,Physical strength and stamina,2.8
35-3011,Bartenders,13,Problem solving and decision making,3.2
35-3011,Bartenders,14,Project management,2.9
35-3011,Bartenders,15,Science,1.3
35-3011,Bartenders,16,Speaking and listening,3.1
35-3011,Bartenders,17,Writing and reading,2.8
35-3023,Fast food and counter workers,1,Adaptability,3.1
35-3023,Fast food and counter workers,2,Computers and information technology,2.1
35-3023,Fast food and counter workers,3,Creativity and innovation,1.8
35-3023,Fast food and counter workers,4,Critical and analytical thinking,2.1
35-3023,Fast food and counter workers,5,Customer service,3.6
35-3023,Fast food and counter workers,6,Detail oriented,3.3
35-3023,Fast food and counter workers,7,Fine motor,2.2
35-3023,Fast food and counter workers,8,Interpersonal,3.0
35-3023,Fast food and counter workers,9,Leadership,2.6
35-3023,Fast food and counter workers,10,Mathematics,2.3
35-3023,Fast food and counter workers,11,Mechanical,1.4
35-3023,Fast food and counter workers,12,Physical strength and stamina,2.4
35-3023,Fast food and counter workers,13,Problem solving and decision making,2.8
35-3023,Fast food and counter workers,14,Project management,2.0
35-3023,Fast food and counter workers,15,Science,1.4
35-3023,Fast food and counter workers,16,Speaking and listening,2.7
35-3023,Fast food and counter workers,17,Writing and reading,2.1
35-3031,Waiters and waitresses,1,Adaptability,3.7
35-3031,Waiters and waitresses,2,Computers and information technology,1.9
35-3031,Waiters and waitresses,3,Creativity and innovation,2.2
35-3031,Waiters and waitresses,4,Critical and analytical thinking,2.4
35-3031,Waiters and waitresses,5,Customer service,3.4
35-3031,Waiters and waitresses,6,Detail oriented,3.0
35-3031,Waiters and waitresses,7,Fine motor,2.5
35-3031,Waiters and waitresses,8,Interpersonal,3.6
35-3031,Waiters and waitresses,9,Leadership,2.7
35-3031,Waiters and waitresses,10,Mathematics,2.2
35-3031,Waiters and waitresses,11,Mechanical,1.4
35-3031,Waiters and waitresses,12,Physical strength and stamina,3.0
35-3031,Waiters and waitresses,13,Problem solving and decision making,2.8
35-3031,Waiters and waitresses,14,Project management,2.0
35-3031,Waiters and waitresses,15,Science,1.3
35-3031,Waiters and waitresses,16,Speaking and listening,3.4
35-3031,Waiters and waitresses,17,Writing and reading,2.6
35-3041,"Food servers, nonrestaurant",1,Adaptability,3.6
35-3041,"Food servers, nonrestaurant",2,Computers and information technology,2.4
35-3041,"Food servers, nonrestaurant",3,Creativity and innovation,2.4
35-3041,"Food servers, nonrestaurant",4,Critical and analytical thinking,2.7
35-3041,"Food servers, nonrestaurant",5,Customer service,3.4
35-3041,"Food servers, nonrestaurant",6,Detail oriented,3.5
35-3041,"Food servers, nonrestaurant",7,Fine motor,2.6
35-3041,"Food servers, nonrestaurant",8,Interpersonal,3.5
35-3041,"Food servers, nonrestaurant",9,Leadership,3.1
35-3041,"Food servers, nonrestaurant",10,Mathematics,2.2
35-3041,"Food servers, nonrestaurant",11,Mechanical,1.7
35-3041,"Food servers, nonrestaurant",12,Physical strength and stamina,2.9
35-3041,"Food servers, nonrestaurant",13,Problem solving and decision making,3.1
35-3041,"Food servers, nonrestaurant",14,Project management,2.5
35-3041,"Food servers, nonrestaurant",15,Science,1.6
35-3041,"Food servers, nonrestaurant",16,Speaking and listening,2.9
35-3041,"Food servers, nonrestaurant",17,Writing and reading,2.5
35-9011,Dining room and cafeteria attendants and bartender helpers,1,Adaptability,3.5
35-9011,Dining room and cafeteria attendants and bartender helpers,2,Computers and information technology,2.1
35-9011,Dining room and cafeteria attendants and bartender helpers,3,Creativity and innovation,2.1
35-9011,Dining room and cafeteria attendants and bartender helpers,4,Critical and analytical thinking,2.3
35-9011,Dining room and cafeteria attendants and bartender helpers,5,Customer service,3.6
35-9011,Dining room and cafeteria attendants and bartender helpers,6,Detail oriented,3.1
35-9011,Dining room and cafeteria attendants and bartender helpers,7,Fine motor,2.8
35-9011,Dining room and cafeteria attendants and bartender helpers,8,Interpersonal,3.5
35-9011,Dining room and cafeteria attendants and bartender helpers,9,Leadership,2.8
35-9011,Dining room and cafeteria attendants and bartender helpers,10,Mathematics,1.9
35-9011,Dining room and cafeteria attendants and bartender helpers,11,Mechanical,1.6
35-9011,Dining room and cafeteria attendants and bartender helpers,12,Physical strength and stamina,3.1
35-9011,Dining room and cafeteria attendants and bartender helpers,13,Problem solving and decision making,2.8
35-9011,Dining room and cafeteria attendants and bartender helpers,14,Project management,2.5
35-9011,Dining room and cafeteria attendants and bartender helpers,15,Science,1.2
35-9011,Dining room and cafeteria attendants and bartender helpers,16,Speaking and listening,2.8
35-9011,Dining room and cafeteria attendants and bartender helpers,17,Writing and reading,2.2
35-9021,Dishwashers,1,Adaptability,2.8
35-9021,Dishwashers,2,Computers and information technology,1.7
35-9021,Dishwashers,3,Creativity and innovation,1.9
35-9021,Dishwashers,4,Critical and analytical thinking,2.0
35-9021,Dishwashers,5,Customer service,2.0
35-9021,Dishwashers,6,Detail oriented,2.9
35-9021,Dishwashers,7,Fine motor,2.7
35-9021,Dishwashers,8,Interpersonal,2.7
35-9021,Dishwashers,9,Leadership,2.5
35-9021,Dishwashers,10,Mathematics,1.6
35-9021,Dishwashers,11,Mechanical,2.0
35-9021,Dishwashers,12,Physical strength and stamina,2.7
35-9021,Dishwashers,13,Problem solving and decision making,2.3
35-9021,Dishwashers,14,Project management,2.1
35-9021,Dishwashers,15,Science,1.2
35-9021,Dishwashers,16,Speaking and listening,2.5
35-9021,Dishwashers,17,Writing and reading,1.9
35-9031,"Hosts and hostesses, restaurant, lounge, and coffee shop",1,Adaptability,3.5
35-9031,"Hosts and hostesses, restaurant, lounge, and coffee shop",2,Computers and information technology,1.9
35-9031,"Hosts and hostesses, restaurant, lounge, and coffee shop",3,Creativity and innovation,1.9
35-9031,"Hosts and hostesses, restaurant, lounge, and coffee shop",4,Critical and analytical thinking,2.5
35-9031,"Hosts and hostesses, restaurant, lounge, and coffee shop",5,Customer service,3.6
35-9031,"Hosts and hostesses, restaurant, lounge, and coffee shop",6,Detail oriented,3.1
35-9031,"Hosts and hostesses, restaurant, lounge, and coffee shop",7,Fine motor,2.2
35-9031,"Hosts and hostesses, restaurant, lounge, and coffee shop",8,Interpersonal,3.5
35-9031,"Hosts and hostesses, restaurant, lounge, and coffee shop",9,Leadership,2.7
35-9031,"Hosts and hostesses, restaurant, lounge, and coffee shop",10,Mathematics,2.0
35-9031,"Hosts and hostesses, restaurant, lounge, and coffee shop",11,Mechanical,1.4
35-9031,"Hosts and hostesses, restaurant, lounge, and coffee shop",12,Physical strength and stamina,2.5
35-9031,"Hosts and hostesses, restaurant, lounge, and coffee shop",13,Problem solving and decision making,3.0
35-9031,"Hosts and hostesses, restaurant, lounge, and coffee shop",14,Project management,1.9
35-9031,"Hosts and hostesses, restaurant, lounge, and coffee shop",15,Science,1.3
35-9031,"Hosts and hostesses, restaurant, lounge, and coffee shop",16,Speaking and listening,3.2
35-9031,"Hosts and hostesses, restaurant, lounge, and coffee shop",17,Writing and reading,2.5
35-9099,"Food preparation and serving related workers, all other",1,Adaptability,3.3
35-9099,"Food preparation and serving related workers, all other",2,Computers and information technology,1.9
35-9099,"Food preparation and serving related workers, all other",3,Creativity and innovation,2.0
35-9099,"Food preparation and serving related workers, all other",4,Critical and analytical thinking,2.3
35-9099,"Food preparation and serving related workers, all other",5,Customer service,3.1
35-9099,"Food preparation and serving related workers, all other",6,Detail oriented,3.0
35-9099,"Food preparation and serving related workers, all other",7,Fine motor,2.6
35-9099,"Food preparation and serving related workers, all other",8,Interpersonal,3.3
35-9099,"Food preparation and serving related workers, all other",9,Leadership,2.7
35-9099,"Food preparation and serving related workers, all other",10,Mathematics,1.9
35-9099,"Food preparation and serving related workers, all other",11,Mechanical,1.7
35-9099,"Food preparation and serving related workers, all other",12,Physical strength and stamina,2.8
35-9099,"Food preparation and serving related workers, all other",13,Problem solving and decision making,2.7
35-9099,"Food preparation and serving related workers, all other",14,Project management,2.2
35-9099,"Food preparation and serving related workers, all other",15,Science,1.2
35-9099,"Food preparation and serving related workers, all other",16,Speaking and listening,2.8
35-9099,"Food preparation and serving related workers, all other",17,Writing and reading,2.2
37-1011,First-line supervisors of housekeeping and janitorial workers,1,Adaptability,3.9
37-1011,First-line supervisors of housekeeping and janitorial workers,2,Computers and information technology,3.0
37-1011,First-line supervisors of housekeeping and janitorial workers,3,Creativity and innovation,2.7
37-1011,First-line supervisors of housekeeping and janitorial workers,4,Critical and analytical thinking,2.9
37-1011,First-line supervisors of housekeeping and janitorial workers,5,Customer service,3.4
37-1011,First-line supervisors of housekeeping and janitorial workers,6,Detail oriented,3.5
37-1011,First-line supervisors of housekeeping and janitorial workers,7,Fine motor,2.5
37-1011,First-line supervisors of housekeeping and janitorial workers,8,Interpersonal,3.8
37-1011,First-line supervisors of housekeeping and janitorial workers,9,Leadership,4.2
37-1011,First-line supervisors of housekeeping and janitorial workers,10,Mathematics,2.3
37-1011,First-line supervisors of housekeeping and janitorial workers,11,Mechanical,2.2
37-1011,First-line supervisors of housekeeping and janitorial workers,12,Physical strength and stamina,2.7
37-1011,First-line supervisors of housekeeping and janitorial workers,13,Problem solving and decision making,3.4
37-1011,First-line supervisors of housekeeping and janitorial workers,14,Project management,3.4
37-1011,First-line supervisors of housekeeping and janitorial workers,15,Science,1.6
37-1011,First-line supervisors of housekeeping and janitorial workers,16,Speaking and listening,3.2
37-1011,First-line supervisors of housekeeping and janitorial workers,17,Writing and reading,3.1
37-1012,"First-line supervisors of landscaping, lawn service, and groundskeeping workers",1,Adaptability,3.9
37-1012,"First-line supervisors of landscaping, lawn service, and groundskeeping workers",2,Computers and information technology,3.1
37-1012,"First-line supervisors of landscaping, lawn service, and groundskeeping workers",3,Creativity and innovation,2.8
37-1012,"First-line supervisors of landscaping, lawn service, and groundskeeping workers",4,Critical and analytical thinking,3.1
37-1012,"First-line supervisors of landscaping, lawn service, and groundskeeping workers",5,Customer service,3.6
37-1012,"First-line supervisors of landscaping, lawn service, and groundskeeping workers",6,Detail oriented,3.7
37-1012,"First-line supervisors of landscaping, lawn service, and groundskeeping workers",7,Fine motor,3.0
37-1012,"First-line supervisors of landscaping, lawn service, and groundskeeping workers",8,Interpersonal,3.3
37-1012,"First-line supervisors of landscaping, lawn service, and groundskeeping workers",9,Leadership,4.1
37-1012,"First-line supervisors of landscaping, lawn service, and groundskeeping workers",10,Mathematics,2.9
37-1012,"First-line supervisors of landscaping, lawn service, and groundskeeping workers",11,Mechanical,2.8
37-1012,"First-line supervisors of landscaping, lawn service, and groundskeeping workers",12,Physical strength and stamina,2.8
37-1012,"First-line supervisors of landscaping, lawn service, and groundskeeping workers",13,Problem solving and decision making,3.8
37-1012,"First-line supervisors of landscaping, lawn service, and groundskeeping workers",14,Project management,3.5
37-1012,"First-line supervisors of landscaping, lawn service, and groundskeeping workers",15,Science,2.5
37-1012,"First-line supervisors of landscaping, lawn service, and groundskeeping workers",16,Speaking and listening,3.3
37-1012,"First-line supervisors of landscaping, lawn service, and groundskeeping workers",17,Writing and reading,3.2
37-2011,"Janitors and cleaners, except maids and housekeeping cleaners",1,Adaptability,3.3
37-2011,"Janitors and cleaners, except maids and housekeeping cleaners",2,Computers and information technology,2.4
37-2011,"Janitors and cleaners, except maids and housekeeping cleaners",3,Creativity and innovation,2.3
37-2011,"Janitors and cleaners, except maids and housekeeping cleaners",4,Critical and analytical thinking,2.4
37-2011,"Janitors and cleaners, except maids and housekeeping cleaners",5,Customer service,2.4
37-2011,"Janitors and cleaners, except maids and housekeeping cleaners",6,Detail oriented,3.1
37-2011,"Janitors and cleaners, except maids and housekeeping cleaners",7,Fine motor,2.8
37-2011,"Janitors and cleaners, except maids and housekeeping cleaners",8,Interpersonal,2.9
37-2011,"Janitors and cleaners, except maids and housekeeping cleaners",9,Leadership,3.0
37-2011,"Janitors and cleaners, except maids and housekeeping cleaners",10,Mathematics,1.5
37-2011,"Janitors and cleaners, except maids and housekeeping cleaners",11,Mechanical,2.1
37-2011,"Janitors and cleaners, except maids and housekeeping cleaners",12,Physical strength and stamina,3.0
37-2011,"Janitors and cleaners, except maids and housekeeping cleaners",13,Problem solving and decision making,2.9
37-2011,"Janitors and cleaners, except maids and housekeeping cleaners",14,Project management,2.6
37-2011,"Janitors and cleaners, except maids and housekeeping cleaners",15,Science,1.4
37-2011,"Janitors and cleaners, except maids and housekeeping cleaners",16,Speaking and listening,2.6
37-2011,"Janitors and cleaners, except maids and housekeeping cleaners",17,Writing and reading,2.5
37-2012,Maids and housekeeping cleaners,1,Adaptability,3.4
37-2012,Maids and housekeeping cleaners,2,Computers and information technology,1.8
37-2012,Maids and housekeeping cleaners,3,Creativity and innovation,2.1
37-2012,Maids and housekeeping cleaners,4,Critical and analytical thinking,2.3
37-2012,Maids and housekeeping cleaners,5,Customer service,2.9
37-2012,Maids and housekeeping cleaners,6,Detail oriented,3.1
37-2012,Maids and housekeeping cleaners,7,Fine motor,2.6
37-2012,Maids and housekeeping cleaners,8,Interpersonal,3.3
37-2012,Maids and housekeeping cleaners,9,Leadership,2.5
37-2012,Maids and housekeeping cleaners,10,Mathematics,1.9
37-2012,Maids and housekeeping cleaners,11,Mechanical,1.6
37-2012,Maids and housekeeping cleaners,12,Physical strength and stamina,3.2
37-2012,Maids and housekeeping cleaners,13,Problem solving and decision making,2.5
37-2012,Maids and housekeeping cleaners,14,Project management,2.4
37-2012,Maids and housekeeping cleaners,15,Science,1.6
37-2012,Maids and housekeeping cleaners,16,Speaking and listening,2.6
37-2012,Maids and housekeeping cleaners,17,Writing and reading,2.4
37-2019,"Building cleaning workers, all other",1,Adaptability,3.4
37-2019,"Building cleaning workers, all other",2,Computers and information technology,2.2
37-2019,"Building cleaning workers, all other",3,Creativity and innovation,2.2
37-2019,"Building cleaning workers, all other",4,Critical and analytical thinking,2.4
37-2019,"Building cleaning workers, all other",5,Customer service,2.6
37-2019,"Building cleaning workers, all other",6,Detail oriented,3.1
37-2019,"Building cleaning workers, all other",7,Fine motor,2.8
37-2019,"Building cleaning workers, all other",8,Interpersonal,3.0
37-2019,"Building cleaning workers, all other",9,Leadership,2.9
37-2019,"Building cleaning workers, all other",10,Mathematics,1.7
37-2019,"Building cleaning workers, all other",11,Mechanical,2.0
37-2019,"Building cleaning workers, all other",12,Physical strength and stamina,3.1
37-2019,"Building cleaning workers, all other",13,Problem solving and decision making,2.8
37-2019,"Building cleaning workers, all other",14,Project management,2.5
37-2019,"Building cleaning workers, all other",15,Science,1.5
37-2019,"Building cleaning workers, all other",16,Speaking and listening,2.6
37-2019,"Building cleaning workers, all other",17,Writing and reading,2.4
37-2021,Pest control workers,1,Adaptability,3.7
37-2021,Pest control workers,2,Computers and information technology,2.2
37-2021,Pest control workers,3,Creativity and innovation,2.6
37-2021,Pest control workers,4,Critical and analytical thinking,3.1
37-2021,Pest control workers,5,Customer service,3.4
37-2021,Pest control workers,6,Detail oriented,3.6
37-2021,Pest control workers,7,Fine motor,3.0
37-2021,Pest control workers,8,Interpersonal,3.3
37-2021,Pest control workers,9,Leadership,2.7
37-2021,Pest control workers,10,Mathematics,2.7
37-2021,Pest control workers,11,Mechanical,2.5
37-2021,Pest control workers,12,Physical strength and stamina,3.0
37-2021,Pest control workers,13,Problem solving and decision making,3.7
37-2021,Pest control workers,14,Project management,2.8
37-2021,Pest control workers,15,Science,2.5
37-2021,Pest control workers,16,Speaking and listening,3.2
37-2021,Pest control workers,17,Writing and reading,3.3
37-3011,Landscaping and groundskeeping workers,1,Adaptability,3.4
37-3011,Landscaping and groundskeeping workers,2,Computers and information technology,1.5
37-3011,Landscaping and groundskeeping workers,3,Creativity and innovation,2.4
37-3011,Landscaping and groundskeeping workers,4,Critical and analytical thinking,2.4
37-3011,Landscaping and groundskeeping workers,5,Customer service,2.7
37-3011,Landscaping and groundskeeping workers,6,Detail oriented,3.3
37-3011,Landscaping and groundskeeping workers,7,Fine motor,2.9
37-3011,Landscaping and groundskeeping workers,8,Interpersonal,3.2
37-3011,Landscaping and groundskeeping workers,9,Leadership,2.7
37-3011,Landscaping and groundskeeping workers,10,Mathematics,1.9
37-3011,Landscaping and groundskeeping workers,11,Mechanical,2.5
37-3011,Landscaping and groundskeeping workers,12,Physical strength and stamina,3.2
37-3011,Landscaping and groundskeeping workers,13,Problem solving and decision making,2.6
37-3011,Landscaping and groundskeeping workers,14,Project management,2.2
37-3011,Landscaping and groundskeeping workers,15,Science,2.2
37-3011,Landscaping and groundskeeping workers,16,Speaking and listening,2.5
37-3011,Landscaping and groundskeeping workers,17,Writing and reading,1.9
37-3012,"Pesticide handlers, sprayers, and applicators, vegetation",1,Adaptability,3.5
37-3012,"Pesticide handlers, sprayers, and applicators, vegetation",2,Computers and information technology,2.5
37-3012,"Pesticide handlers, sprayers, and applicators, vegetation",3,Creativity and innovation,2.4
37-3012,"Pesticide handlers, sprayers, and applicators, vegetation",4,Critical and analytical thinking,2.7
37-3012,"Pesticide handlers, sprayers, and applicators, vegetation",5,Customer service,3.4
37-3012,"Pesticide handlers, sprayers, and applicators, vegetation",6,Detail oriented,3.8
37-3012,"Pesticide handlers, sprayers, and applicators, vegetation",7,Fine motor,3.1
37-3012,"Pesticide handlers, sprayers, and applicators, vegetation",8,Interpersonal,3.1
37-3012,"Pesticide handlers, sprayers, and applicators, vegetation",9,Leadership,3.0
37-3012,"Pesticide handlers, sprayers, and applicators, vegetation",10,Mathematics,2.6
37-3012,"Pesticide handlers, sprayers, and applicators, vegetation",11,Mechanical,2.7
37-3012,"Pesticide handlers, sprayers, and applicators, vegetation",12,Physical strength and stamina,2.7
37-3012,"Pesticide handlers, sprayers, and applicators, vegetation",13,Problem solving and decision making,3.6
37-3012,"Pesticide handlers, sprayers, and applicators, vegetation",14,Project management,2.7
37-3012,"Pesticide handlers, sprayers, and applicators, vegetation",15,Science,2.7
37-3012,"Pesticide handlers, sprayers, and applicators, vegetation",16,Speaking and listening,2.9
37-3012,"Pesticide handlers, sprayers, and applicators, vegetation",17,Writing and reading,2.8
37-3013,Tree trimmers and pruners,1,Adaptability,3.5
37-3013,Tree trimmers and pruners,2,Computers and information technology,1.6
37-3013,Tree trimmers and pruners,3,Creativity and innovation,2.4
37-3013,Tree trimmers and pruners,4,Critical and analytical thinking,2.8
37-3013,Tree trimmers and pruners,5,Customer service,2.8
37-3013,Tree trimmers and pruners,6,Detail oriented,3.8
37-3013,Tree trimmers and pruners,7,Fine motor,3.4
37-3013,Tree trimmers and pruners,8,Interpersonal,3.2
37-3013,Tree trimmers and pruners,9,Leadership,3.1
37-3013,Tree trimmers and pruners,10,Mathematics,2.0
37-3013,Tree trimmers and pruners,11,Mechanical,3.0
37-3013,Tree trimmers and pruners,12,Physical strength and stamina,3.5
37-3013,Tree trimmers and pruners,13,Problem solving and decision making,3.6
37-3013,Tree trimmers and pruners,14,Project management,2.4
37-3013,Tree trimmers and pruners,15,Science,1.9
37-3013,Tree trimmers and pruners,16,Speaking and listening,2.7
37-3013,Tree trimmers and pruners,17,Writing and reading,2.6
37-3019,"Grounds maintenance workers, all other",1,Adaptability,3.4
37-3019,"Grounds maintenance workers, all other",2,Computers and information technology,1.6
37-3019,"Grounds maintenance workers, all other",3,Creativity and innovation,2.4
37-3019,"Grounds maintenance workers, all other",4,Critical and analytical thinking,2.5
37-3019,"Grounds maintenance workers, all other",5,Customer service,2.7
37-3019,"Grounds maintenance workers, all other",6,Detail oriented,3.3
37-3019,"Grounds maintenance workers, all other",7,Fine motor,3.0
37-3019,"Grounds maintenance workers, all other",8,Interpersonal,3.2
37-3019,"Grounds maintenance workers, all other",9,Leadership,2.7
37-3019,"Grounds maintenance workers, all other",10,Mathematics,1.9
37-3019,"Grounds maintenance workers, all other",11,Mechanical,2.6
37-3019,"Grounds maintenance workers, all other",12,Physical strength and stamina,3.2
37-3019,"Grounds maintenance workers, all other",13,Problem solving and decision making,2.7
37-3019,"Grounds maintenance workers, all other",14,Project management,2.2
37-3019,"Grounds maintenance workers, all other",15,Science,2.2
37-3019,"Grounds maintenance workers, all other",16,Speaking and listening,2.5
37-3019,"Grounds maintenance workers, all other",17,Writing and reading,2.0
39-1013,First-line supervisors of gambling services workers,1,Adaptability,3.8
39-1013,First-line supervisors of gambling services workers,2,Computers and information technology,3.4
39-1013,First-line supervisors of gambling services workers,3,Creativity and innovation,2.2
39-1013,First-line supervisors of gambling services workers,4,Critical and analytical thinking,3.0
39-1013,First-line supervisors of gambling services workers,5,Customer service,4.1
39-1013,First-line supervisors of gambling services workers,6,Detail oriented,3.9
39-1013,First-line supervisors of gambling services workers,7,Fine motor,2.6
39-1013,First-line supervisors of gambling services workers,8,Interpersonal,3.6
39-1013,First-line supervisors of gambling services workers,9,Leadership,3.5
39-1013,First-line supervisors of gambling services workers,10,Mathematics,3.0
39-1013,First-line supervisors of gambling services workers,11,Mechanical,1.8
39-1013,First-line supervisors of gambling services workers,12,Physical strength and stamina,2.5
39-1013,First-line supervisors of gambling services workers,13,Problem solving and decision making,3.5
39-1013,First-line supervisors of gambling services workers,14,Project management,2.3
39-1013,First-line supervisors of gambling services workers,15,Science,1.2
39-1013,First-line supervisors of gambling services workers,16,Speaking and listening,3.4
39-1013,First-line supervisors of gambling services workers,17,Writing and reading,3.4
39-1014,"First-line supervisors of entertainment and recreation workers, except gambling services",1,Adaptability,4.2
39-1014,"First-line supervisors of entertainment and recreation workers, except gambling services",2,Computers and information technology,3.5
39-1014,"First-line supervisors of entertainment and recreation workers, except gambling services",3,Creativity and innovation,2.9
39-1014,"First-line supervisors of entertainment and recreation workers, except gambling services",4,Critical and analytical thinking,3.3
39-1014,"First-line supervisors of entertainment and recreation workers, except gambling services",5,Customer service,3.8
39-1014,"First-line supervisors of entertainment and recreation workers, except gambling services",6,Detail oriented,4.0
39-1014,"First-line supervisors of entertainment and recreation workers, except gambling services",7,Fine motor,2.0
39-1014,"First-line supervisors of entertainment and recreation workers, except gambling services",8,Interpersonal,3.9
39-1014,"First-line supervisors of entertainment and recreation workers, except gambling services",9,Leadership,3.8
39-1014,"First-line supervisors of entertainment and recreation workers, except gambling services",10,Mathematics,2.2
39-1014,"First-line supervisors of entertainment and recreation workers, except gambling services",11,Mechanical,1.7
39-1014,"First-line supervisors of entertainment and recreation workers, except gambling services",12,Physical strength and stamina,2.2
39-1014,"First-line supervisors of entertainment and recreation workers, except gambling services",13,Problem solving and decision making,3.9
39-1014,"First-line supervisors of entertainment and recreation workers, except gambling services",14,Project management,2.7
39-1014,"First-line supervisors of entertainment and recreation workers, except gambling services",15,Science,1.8
39-1014,"First-line supervisors of entertainment and recreation workers, except gambling services",16,Speaking and listening,3.5
39-1014,"First-line supervisors of entertainment and recreation workers, except gambling services",17,Writing and reading,3.5
39-1022,First-line supervisors of personal service workers,1,Adaptability,4.2
39-1022,First-line supervisors of personal service workers,2,Computers and information technology,3.5
39-1022,First-line supervisors of personal service workers,3,Creativity and innovation,2.9
39-1022,First-line supervisors of personal service workers,4,Critical and analytical thinking,3.3
39-1022,First-line supervisors of personal service workers,5,Customer service,3.8
39-1022,First-line supervisors of personal service workers,6,Detail oriented,4.0
39-1022,First-line supervisors of personal service workers,7,Fine motor,2.0
39-1022,First-line supervisors of personal service workers,8,Interpersonal,3.9
39-1022,First-line supervisors of personal service workers,9,Leadership,3.8
39-1022,First-line supervisors of personal service workers,10,Mathematics,2.2
39-1022,First-line supervisors of personal service workers,11,Mechanical,1.7
39-1022,First-line supervisors of personal service workers,12,Physical strength and stamina,2.2
39-1022,First-line supervisors of personal service workers,13,Problem solving and decision making,3.9
39-1022,First-line supervisors of personal service workers,14,Project management,2.7
39-1022,First-line supervisors of personal service workers,15,Science,1.8
39-1022,First-line supervisors of personal service workers,16,Speaking and listening,3.5
39-1022,First-line supervisors of personal service workers,17,Writing and reading,3.5
39-2011,Animal trainers,1,Adaptability,3.7
39-2011,Animal trainers,2,Computers and information technology,2.7
39-2011,Animal trainers,3,Creativity and innovation,3.0
39-2011,Animal trainers,4,Critical and analytical thinking,2.9
39-2011,Animal trainers,5,Customer service,3.5
39-2011,Animal trainers,6,Detail oriented,3.4
39-2011,Animal trainers,7,Fine motor,2.7
39-2011,Animal trainers,8,Interpersonal,3.4
39-2011,Animal trainers,9,Leadership,3.3
39-2011,Animal trainers,10,Mathematics,2.0
39-2011,Animal trainers,11,Mechanical,1.5
39-2011,Animal trainers,12,Physical strength and stamina,3.0
39-2011,Animal trainers,13,Problem solving and decision making,3.7
39-2011,Animal trainers,14,Project management,2.6
39-2011,Animal trainers,15,Science,1.8
39-2011,Animal trainers,16,Speaking and listening,3.1
39-2011,Animal trainers,17,Writing and reading,3.1
39-2021,Animal caretakers,1,Adaptability,3.8
39-2021,Animal caretakers,2,Computers and information technology,2.7
39-2021,Animal caretakers,3,Creativity and innovation,2.5
39-2021,Animal caretakers,4,Critical and analytical thinking,2.6
39-2021,Animal caretakers,5,Customer service,3.3
39-2021,Animal caretakers,6,Detail oriented,3.5
39-2021,Animal caretakers,7,Fine motor,2.4
39-2021,Animal caretakers,8,Interpersonal,3.3
39-2021,Animal caretakers,9,Leadership,2.7
39-2021,Animal caretakers,10,Mathematics,2.1
39-2021,Animal caretakers,11,Mechanical,1.7
39-2021,Animal caretakers,12,Physical strength and stamina,2.8
39-2021,Animal caretakers,13,Problem solving and decision making,3.3
39-2021,Animal caretakers,14,Project management,2.5
39-2021,Animal caretakers,15,Science,1.9
39-2021,Animal caretakers,16,Speaking and listening,2.8
39-2021,Animal caretakers,17,Writing and reading,2.9
39-3011,Gambling dealers,1,Adaptability,3.5
39-3011,Gambling dealers,2,Computers and information technology,1.7
39-3011,Gambling dealers,3,Creativity and innovation,2.0
39-3011,Gambling dealers,4,Critical and analytical thinking,2.3
39-3011,Gambling dealers,5,Customer service,3.6
39-3011,Gambling dealers,6,Detail oriented,3.6
39-3011,Gambling dealers,7,Fine motor,2.9
39-3011,Gambling dealers,8,Interpersonal,3.4
39-3011,Gambling dealers,9,Leadership,2.5
39-3011,Gambling dealers,10,Mathematics,3.1
39-3011,Gambling dealers,11,Mechanical,1.3
39-3011,Gambling dealers,12,Physical strength and stamina,2.2
39-3011,Gambling dealers,13,Problem solving and decision making,2.7
39-3011,Gambling dealers,14,Project management,1.6
39-3011,Gambling dealers,15,Science,1.1
39-3011,Gambling dealers,16,Speaking and listening,3.2
39-3011,Gambling dealers,17,Writing and reading,2.5
39-3012,Gambling and sports book writers and runners,1,Adaptability,3.5
39-3012,Gambling and sports book writers and runners,2,Computers and information technology,2.1
39-3012,Gambling and sports book writers and runners,3,Creativity and innovation,2.1
39-3012,Gambling and sports book writers and runners,4,Critical and analytical thinking,2.4
39-3012,Gambling and sports book writers and runners,5,Customer service,3.5
39-3012,Gambling and sports book writers and runners,6,Detail oriented,3.4
39-3012,Gambling and sports book writers and runners,7,Fine motor,2.5
39-3012,Gambling and sports book writers and runners,8,Interpersonal,3.3
39-3012,Gambling and sports book writers and runners,9,Leadership,2.7
39-3012,Gambling and sports book writers and runners,10,Mathematics,3.2
39-3012,Gambling and sports book writers and runners,11,Mechanical,1.5
39-3012,Gambling and sports book writers and runners,12,Physical strength and stamina,2.0
39-3012,Gambling and sports book writers and runners,13,Problem solving and decision making,2.8
39-3012,Gambling and sports book writers and runners,14,Project management,2.0
39-3012,Gambling and sports book writers and runners,15,Science,1.2
39-3012,Gambling and sports book writers and runners,16,Speaking and listening,3.3
39-3012,Gambling and sports book writers and runners,17,Writing and reading,2.8
39-3019,"Gambling service workers, all other",1,Adaptability,3.5
39-3019,"Gambling service workers, all other",2,Computers and information technology,1.8
39-3019,"Gambling service workers, all other",3,Creativity and innovation,2.0
39-3019,"Gambling service workers, all other",4,Critical and analytical thinking,2.4
39-3019,"Gambling service workers, all other",5,Customer service,3.6
39-3019,"Gambling service workers, all other",6,Detail oriented,3.6
39-3019,"Gambling service workers, all other",7,Fine motor,2.9
39-3019,"Gambling service workers, all other",8,Interpersonal,3.4
39-3019,"Gambling service workers, all other",9,Leadership,2.5
39-3019,"Gambling service workers, all other",10,Mathematics,3.1
39-3019,"Gambling service workers, all other",11,Mechanical,1.3
39-3019,"Gambling service workers, all other",12,Physical strength and stamina,2.2
39-3019,"Gambling service workers, all other",13,Problem solving and decision making,2.7
39-3019,"Gambling service workers, all other",14,Project management,1.7
39-3019,"Gambling service workers, all other",15,Science,1.1
39-3019,"Gambling service workers, all other",16,Speaking and listening,3.2
39-3019,"Gambling service workers, all other",17,Writing and reading,2.5
39-3021,Motion picture projectionists,1,Adaptability,3.2
39-3021,Motion picture projectionists,2,Computers and information technology,3.1
39-3021,Motion picture projectionists,3,Creativity and innovation,2.1
39-3021,Motion picture projectionists,4,Critical and analytical thinking,2.6
39-3021,Motion picture projectionists,5,Customer service,2.6
39-3021,Motion picture projectionists,6,Detail oriented,3.5
39-3021,Motion picture projectionists,7,Fine motor,2.8
39-3021,Motion picture projectionists,8,Interpersonal,2.6
39-3021,Motion picture projectionists,9,Leadership,2.4
39-3021,Motion picture projectionists,10,Mathematics,1.8
39-3021,Motion picture projectionists,11,Mechanical,2.6
39-3021,Motion picture projectionists,12,Physical strength and stamina,2.0
39-3021,Motion picture projectionists,13,Problem solving and decision making,3.2
39-3021,Motion picture projectionists,14,Project management,2.0
39-3021,Motion picture projectionists,15,Science,1.2
39-3021,Motion picture projectionists,16,Speaking and listening,2.8
39-3021,Motion picture projectionists,17,Writing and reading,2.5
39-3031,"Ushers, lobby attendants, and ticket takers",1,Adaptability,3.5
39-3031,"Ushers, lobby attendants, and ticket takers",2,Computers and information technology,2.3
39-3031,"Ushers, lobby attendants, and ticket takers",3,Creativity and innovation,2.2
39-3031,"Ushers, lobby attendants, and ticket takers",4,Critical and analytical thinking,2.3
39-3031,"Ushers, lobby attendants, and ticket takers",5,Customer service,3.8
39-3031,"Ushers, lobby attendants, and ticket takers",6,Detail oriented,3.0
39-3031,"Ushers, lobby attendants, and ticket takers",7,Fine motor,2.3
39-3031,"Ushers, lobby attendants, and ticket takers",8,Interpersonal,3.5
39-3031,"Ushers, lobby attendants, and ticket takers",9,Leadership,2.5
39-3031,"Ushers, lobby attendants, and ticket takers",10,Mathematics,2.0
39-3031,"Ushers, lobby attendants, and ticket takers",11,Mechanical,1.5
39-3031,"Ushers, lobby attendants, and ticket takers",12,Physical strength and stamina,2.2
39-3031,"Ushers, lobby attendants, and ticket takers",13,Problem solving and decision making,2.8
39-3031,"Ushers, lobby attendants, and ticket takers",14,Project management,1.8
39-3031,"Ushers, lobby attendants, and ticket takers",15,Science,1.2
39-3031,"Ushers, lobby attendants, and ticket takers",16,Speaking and listening,3.0
39-3031,"Ushers, lobby attendants, and ticket takers",17,Writing and reading,2.5
39-3091,Amusement and recreation attendants,1,Adaptability,3.3
39-3091,Amusement and recreation attendants,2,Computers and information technology,2.5
39-3091,Amusement and recreation attendants,3,Creativity and innovation,2.4
39-3091,Amusement and recreation attendants,4,Critical and analytical thinking,2.3
39-3091,Amusement and recreation attendants,5,Customer service,3.8
39-3091,Amusement and recreation attendants,6,Detail oriented,2.9
39-3091,Amusement and recreation attendants,7,Fine motor,2.4
39-3091,Amusement and recreation attendants,8,Interpersonal,3.4
39-3091,Amusement and recreation attendants,9,Leadership,2.7
39-3091,Amusement and recreation attendants,10,Mathematics,2.2
39-3091,Amusement and recreation attendants,11,Mechanical,1.7
39-3091,Amusement and recreation attendants,12,Physical strength and stamina,2.4
39-3091,Amusement and recreation attendants,13,Problem solving and decision making,2.9
39-3091,Amusement and recreation attendants,14,Project management,2.1
39-3091,Amusement and recreation attendants,15,Science,1.1
39-3091,Amusement and recreation attendants,16,Speaking and listening,3.4
39-3091,Amusement and recreation attendants,17,Writing and reading,2.6
39-3092,Costume attendants,1,Adaptability,3.5
39-3092,Costume attendants,2,Computers and information technology,2.5
39-3092,Costume attendants,3,Creativity and innovation,3.7
39-3092,Costume attendants,4,Critical and analytical thinking,2.8
39-3092,Costume attendants,5,Customer service,2.3
39-3092,Costume attendants,6,Detail oriented,3.3
39-3092,Costume attendants,7,Fine motor,3.0
39-3092,Costume attendants,8,Interpersonal,3.4
39-3092,Costume attendants,9,Leadership,3.0
39-3092,Costume attendants,10,Mathematics,1.9
39-3092,Costume attendants,11,Mechanical,1.7
39-3092,Costume attendants,12,Physical strength and stamina,2.4
39-3092,Costume attendants,13,Problem solving and decision making,3.2
39-3092,Costume attendants,14,Project management,2.6
39-3092,Costume attendants,15,Science,1.5
39-3092,Costume attendants,16,Speaking and listening,2.9
39-3092,Costume attendants,17,Writing and reading,2.9
39-3093,"Locker room, coatroom, and dressing room attendants",1,Adaptability,3.3
39-3093,"Locker room, coatroom, and dressing room attendants",2,Computers and information technology,1.4
39-3093,"Locker room, coatroom, and dressing room attendants",3,Creativity and innovation,2.1
39-3093,"Locker room, coatroom, and dressing room attendants",4,Critical and analytical thinking,2.1
39-3093,"Locker room, coatroom, and dressing room attendants",5,Customer service,3.3
39-3093,"Locker room, coatroom, and dressing room attendants",6,Detail oriented,2.8
39-3093,"Locker room, coatroom, and dressing room attendants",7,Fine motor,2.2
39-3093,"Locker room, coatroom, and dressing room attendants",8,Interpersonal,3.5
39-3093,"Locker room, coatroom, and dressing room attendants",9,Leadership,2.4
39-3093,"Locker room, coatroom, and dressing room attendants",10,Mathematics,1.5
39-3093,"Locker room, coatroom, and dressing room attendants",11,Mechanical,1.4
39-3093,"Locker room, coatroom, and dressing room attendants",12,Physical strength and stamina,2.3
39-3093,"Locker room, coatroom, and dressing room attendants",13,Problem solving and decision making,2.6
39-3093,"Locker room, coatroom, and dressing room attendants",14,Project management,1.7
39-3093,"Locker room, coatroom, and dressing room attendants",15,Science,1.3
39-3093,"Locker room, coatroom, and dressing room attendants",16,Speaking and listening,3.0
39-3093,"Locker room, coatroom, and dressing room attendants",17,Writing and reading,2.4
39-3099,"Entertainment attendants and related workers, all other",1,Adaptability,3.4
39-3099,"Entertainment attendants and related workers, all other",2,Computers and information technology,2.3
39-3099,"Entertainment attendants and related workers, all other",3,Creativity and innovation,2.3
39-3099,"Entertainment attendants and related workers, all other",4,Critical and analytical thinking,2.3
39-3099,"Entertainment attendants and related workers, all other",5,Customer service,3.8
39-3099,"Entertainment attendants and related workers, all other",6,Detail oriented,3.1
39-3099,"Entertainment attendants and related workers, all other",7,Fine motor,2.5
39-3099,"Entertainment attendants and related workers, all other",8,Interpersonal,3.4
39-3099,"Entertainment attendants and related workers, all other",9,Leadership,2.6
39-3099,"Entertainment attendants and related workers, all other",10,Mathematics,2.3
39-3099,"Entertainment attendants and related workers, all other",11,Mechanical,1.6
39-3099,"Entertainment attendants and related workers, all other",12,Physical strength and stamina,2.4
39-3099,"Entertainment attendants and related workers, all other",13,Problem solving and decision making,2.8
39-3099,"Entertainment attendants and related workers, all other",14,Project management,1.9
39-3099,"Entertainment attendants and related workers, all other",15,Science,1.1
39-3099,"Entertainment attendants and related workers, all other",16,Speaking and listening,3.3
39-3099,"Entertainment attendants and related workers, all other",17,Writing and reading,2.6
39-4011,Embalmers,1,Adaptability,4.0
39-4011,Embalmers,2,Computers and information technology,3.3
39-4011,Embalmers,3,Creativity and innovation,2.6
39-4011,Embalmers,4,Critical and analytical thinking,2.9
39-4011,Embalmers,5,Customer service,3.8
39-4011,Embalmers,6,Detail oriented,4.0
39-4011,Embalmers,7,Fine motor,2.9
39-4011,Embalmers,8,Interpersonal,3.9
39-4011,Embalmers,9,Leadership,2.9
39-4011,Embalmers,10,Mathematics,2.1
39-4011,Embalmers,11,Mechanical,2.0
39-4011,Embalmers,12,Physical strength and stamina,2.5
39-4011,Embalmers,13,Problem solving and decision making,3.7
39-4011,Embalmers,14,Project management,2.7
39-4011,Embalmers,15,Science,2.8
39-4011,Embalmers,16,Speaking and listening,3.4
39-4011,Embalmers,17,Writing and reading,3.0
39-4012,Crematory operators,1,Adaptability,3.4
39-4012,Crematory operators,2,Computers and information technology,2.6
39-4012,Crematory operators,3,Creativity and innovation,2.2
39-4012,Crematory operators,4,Critical and analytical thinking,2.5
39-4012,Crematory operators,5,Customer service,3.2
39-4012,Crematory operators,6,Detail oriented,3.4
39-4012,Crematory operators,7,Fine motor,1.9
39-4012,Crematory operators,8,Interpersonal,3.8
39-4012,Crematory operators,9,Leadership,2.5
39-4012,Crematory operators,10,Mathematics,2.0
39-4012,Crematory operators,11,Mechanical,2.0
39-4012,Crematory operators,12,Physical strength and stamina,2.3
39-4012,Crematory operators,13,Problem solving and decision making,2.9
39-4012,Crematory operators,14,Project management,2.0
39-4012,Crematory operators,15,Science,1.7
39-4012,Crematory operators,16,Speaking and listening,3.0
39-4012,Crematory operators,17,Writing and reading,2.7
39-4021,Funeral attendants,1,Adaptability,3.4
39-4021,Funeral attendants,2,Computers and information technology,2.6
39-4021,Funeral attendants,3,Creativity and innovation,2.2
39-4021,Funeral attendants,4,Critical and analytical thinking,2.5
39-4021,Funeral attendants,5,Customer service,3.2
39-4021,Funeral attendants,6,Detail oriented,3.4
39-4021,Funeral attendants,7,Fine motor,1.9
39-4021,Funeral attendants,8,Interpersonal,3.8
39-4021,Funeral attendants,9,Leadership,2.5
39-4021,Funeral attendants,10,Mathematics,2.0
39-4021,Funeral attendants,11,Mechanical,2.0
39-4021,Funeral attendants,12,Physical strength and stamina,2.3
39-4021,Funeral attendants,13,Problem solving and decision making,2.9
39-4021,Funeral attendants,14,Project management,2.0
39-4021,Funeral attendants,15,Science,1.7
39-4021,Funeral attendants,16,Speaking and listening,3.0
39-4021,Funeral attendants,17,Writing and reading,2.7
39-4031,"Morticians, undertakers, and funeral arrangers",1,Adaptability,3.7
39-4031,"Morticians, undertakers, and funeral arrangers",2,Computers and information technology,3.3
39-4031,"Morticians, undertakers, and funeral arrangers",3,Creativity and innovation,2.9
39-4031,"Morticians, undertakers, and funeral arrangers",4,Critical and analytical thinking,3.0
39-4031,"Morticians, undertakers, and funeral arrangers",5,Customer service,3.9
39-4031,"Morticians, undertakers, and funeral arrangers",6,Detail oriented,3.9
39-4031,"Morticians, undertakers, and funeral arrangers",7,Fine motor,2.7
39-4031,"Morticians, undertakers, and funeral arrangers",8,Interpersonal,4.2
39-4031,"Morticians, undertakers, and funeral arrangers",9,Leadership,3.4
39-4031,"Morticians, undertakers, and funeral arrangers",10,Mathematics,2.7
39-4031,"Morticians, undertakers, and funeral arrangers",11,Mechanical,1.9
39-4031,"Morticians, undertakers, and funeral arrangers",12,Physical strength and stamina,2.4
39-4031,"Morticians, undertakers, and funeral arrangers",13,Problem solving and decision making,3.8
39-4031,"Morticians, undertakers, and funeral arrangers",14,Project management,3.4
39-4031,"Morticians, undertakers, and funeral arrangers",15,Science,2.3
39-4031,"Morticians, undertakers, and funeral arrangers",16,Speaking and listening,3.6
39-4031,"Morticians, undertakers, and funeral arrangers",17,Writing and reading,3.2
39-5011,Barbers,1,Adaptability,3.5
39-5011,Barbers,2,Computers and information technology,1.6
39-5011,Barbers,3,Creativity and innovation,2.8
39-5011,Barbers,4,Critical and analytical thinking,2.6
39-5011,Barbers,5,Customer service,3.3
39-5011,Barbers,6,Detail oriented,3.6
39-5011,Barbers,7,Fine motor,3.4
39-5011,Barbers,8,Interpersonal,3.6
39-5011,Barbers,9,Leadership,2.4
39-5011,Barbers,10,Mathematics,2.1
39-5011,Barbers,11,Mechanical,2.0
39-5011,Barbers,12,Physical strength and stamina,2.4
39-5011,Barbers,13,Problem solving and decision making,3.2
39-5011,Barbers,14,Project management,2.3
39-5011,Barbers,15,Science,1.6
39-5011,Barbers,16,Speaking and listening,3.0
39-5011,Barbers,17,Writing and reading,2.4
39-5012,"Hairdressers, hairstylists, and cosmetologists",1,Adaptability,3.9
39-5012,"Hairdressers, hairstylists, and cosmetologists",2,Computers and information technology,2.4
39-5012,"Hairdressers, hairstylists, and cosmetologists",3,Creativity and innovation,3.2
39-5012,"Hairdressers, hairstylists, and cosmetologists",4,Critical and analytical thinking,2.9
39-5012,"Hairdressers, hairstylists, and cosmetologists",5,Customer service,3.8
39-5012,"Hairdressers, hairstylists, and cosmetologists",6,Detail oriented,3.5
39-5012,"Hairdressers, hairstylists, and cosmetologists",7,Fine motor,3.4
39-5012,"Hairdressers, hairstylists, and cosmetologists",8,Interpersonal,3.8
39-5012,"Hairdressers, hairstylists, and cosmetologists",9,Leadership,3.0
39-5012,"Hairdressers, hairstylists, and cosmetologists",10,Mathematics,2.3
39-5012,"Hairdressers, hairstylists, and cosmetologists",11,Mechanical,1.8
39-5012,"Hairdressers, hairstylists, and cosmetologists",12,Physical strength and stamina,2.6
39-5012,"Hairdressers, hairstylists, and cosmetologists",13,Problem solving and decision making,3.5
39-5012,"Hairdressers, hairstylists, and cosmetologists",14,Project management,2.5
39-5012,"Hairdressers, hairstylists, and cosmetologists",15,Science,1.8
39-5012,"Hairdressers, hairstylists, and cosmetologists",16,Speaking and listening,3.2
39-5012,"Hairdressers, hairstylists, and cosmetologists",17,Writing and reading,3.0
39-5091,"Makeup artists, theatrical and performance",1,Adaptability,4.2
39-5091,"Makeup artists, theatrical and performance",2,Computers and information technology,2.9
39-5091,"Makeup artists, theatrical and performance",3,Creativity and innovation,3.8
39-5091,"Makeup artists, theatrical and performance",4,Critical and analytical thinking,2.9
39-5091,"Makeup artists, theatrical and performance",5,Customer service,3.0
39-5091,"Makeup artists, theatrical and performance",6,Detail oriented,3.7
39-5091,"Makeup artists, theatrical and performance",7,Fine motor,3.2
39-5091,"Makeup artists, theatrical and performance",8,Interpersonal,3.8
39-5091,"Makeup artists, theatrical and performance",9,Leadership,3.2
39-5091,"Makeup artists, theatrical and performance",10,Mathematics,2.2
39-5091,"Makeup artists, theatrical and performance",11,Mechanical,1.5
39-5091,"Makeup artists, theatrical and performance",12,Physical strength and stamina,2.4
39-5091,"Makeup artists, theatrical and performance",13,Problem solving and decision making,3.4
39-5091,"Makeup artists, theatrical and performance",14,Project management,3.3
39-5091,"Makeup artists, theatrical and performance",15,Science,1.9
39-5091,"Makeup artists, theatrical and performance",16,Speaking and listening,3.4
39-5091,"Makeup artists, theatrical and performance",17,Writing and reading,3.1
39-5092,Manicurists and pedicurists,1,Adaptability,3.3
39-5092,Manicurists and pedicurists,2,Computers and information technology,1.7
39-5092,Manicurists and pedicurists,3,Creativity and innovation,2.5
39-5092,Manicurists and pedicurists,4,Critical and analytical thinking,2.2
39-5092,Manicurists and pedicurists,5,Customer service,2.5
39-5092,Manicurists and pedicurists,6,Detail oriented,3.0
39-5092,Manicurists and pedicurists,7,Fine motor,2.9
39-5092,Manicurists and pedicurists,8,Interpersonal,3.1
39-5092,Manicurists and pedicurists,9,Leadership,2.2
39-5092,Manicurists and pedicurists,10,Mathematics,1.8
39-5092,Manicurists and pedicurists,11,Mechanical,1.5
39-5092,Manicurists and pedicurists,12,Physical strength and stamina,1.6
39-5092,Manicurists and pedicurists,13,Problem solving and decision making,2.4
39-5092,Manicurists and pedicurists,14,Project management,2.0
39-5092,Manicurists and pedicurists,15,Science,1.7
39-5092,Manicurists and pedicurists,16,Speaking and listening,2.6
39-5092,Manicurists and pedicurists,17,Writing and reading,2.3
39-5093,Shampooers,1,Adaptability,3.6
39-5093,Shampooers,2,Computers and information technology,1.6
39-5093,Shampooers,3,Creativity and innovation,2.3
39-5093,Shampooers,4,Critical and analytical thinking,2.3
39-5093,Shampooers,5,Customer service,3.3
39-5093,Shampooers,6,Detail oriented,3.3
39-5093,Shampooers,7,Fine motor,2.9
39-5093,Shampooers,8,Interpersonal,3.4
39-5093,Shampooers,9,Leadership,2.8
39-5093,Shampooers,10,Mathematics,1.7
39-5093,Shampooers,11,Mechanical,1.4
39-5093,Shampooers,12,Physical strength and stamina,2.4
39-5093,Shampooers,13,Problem solving and decision making,3.0
39-5093,Shampooers,14,Project management,2.2
39-5093,Shampooers,15,Science,1.7
39-5093,Shampooers,16,Speaking and listening,2.9
39-5093,Shampooers,17,Writing and reading,2.5
39-5094,Skincare specialists,1,Adaptability,4.1
39-5094,Skincare specialists,2,Computers and information technology,2.7
39-5094,Skincare specialists,3,Creativity and innovation,2.9
39-5094,Skincare specialists,4,Critical and analytical thinking,3.0
39-5094,Skincare specialists,5,Customer service,3.7
39-5094,Skincare specialists,6,Detail oriented,3.4
39-5094,Skincare specialists,7,Fine motor,3.1
39-5094,Skincare specialists,8,Interpersonal,4.0
39-5094,Skincare specialists,9,Leadership,3.2
39-5094,Skincare specialists,10,Mathematics,1.8
39-5094,Skincare specialists,11,Mechanical,1.8
39-5094,Skincare specialists,12,Physical strength and stamina,2.2
39-5094,Skincare specialists,13,Problem solving and decision making,3.5
39-5094,Skincare specialists,14,Project management,3.0
39-5094,Skincare specialists,15,Science,1.9
39-5094,Skincare specialists,16,Speaking and listening,3.3
39-5094,Skincare specialists,17,Writing and reading,3.0
39-6011,Baggage porters and bellhops,1,Adaptability,3.4
39-6011,Baggage porters and bellhops,2,Computers and information technology,2.6
39-6011,Baggage porters and bellhops,3,Creativity and innovation,2.4
39-6011,Baggage porters and bellhops,4,Critical and analytical thinking,2.5
39-6011,Baggage porters and bellhops,5,Customer service,3.9
39-6011,Baggage porters and bellhops,6,Detail oriented,3.4
39-6011,Baggage porters and bellhops,7,Fine motor,2.6
39-6011,Baggage porters and bellhops,8,Interpersonal,3.6
39-6011,Baggage porters and bellhops,9,Leadership,3.0
39-6011,Baggage porters and bellhops,10,Mathematics,2.1
39-6011,Baggage porters and bellhops,11,Mechanical,2.2
39-6011,Baggage porters and bellhops,12,Physical strength and stamina,3.1
39-6011,Baggage porters and bellhops,13,Problem solving and decision making,3.3
39-6011,Baggage porters and bellhops,14,Project management,2.6
39-6011,Baggage porters and bellhops,15,Science,1.2
39-6011,Baggage porters and bellhops,16,Speaking and listening,3.2
39-6011,Baggage porters and bellhops,17,Writing and reading,2.8
39-6012,Concierges,1,Adaptability,4.1
39-6012,Concierges,2,Computers and information technology,3.3
39-6012,Concierges,3,Creativity and innovation,3.2
39-6012,Concierges,4,Critical and analytical thinking,2.8
39-6012,Concierges,5,Customer service,3.8
39-6012,Concierges,6,Detail oriented,3.3
39-6012,Concierges,7,Fine motor,1.6
39-6012,Concierges,8,Interpersonal,4.1
39-6012,Concierges,9,Leadership,3.2
39-6012,Concierges,10,Mathematics,2.0
39-6012,Concierges,11,Mechanical,1.3
39-6012,Concierges,12,Physical strength and stamina,1.6
39-6012,Concierges,13,Problem solving and decision making,3.3
39-6012,Concierges,14,Project management,2.6
39-6012,Concierges,15,Science,1.3
39-6012,Concierges,16,Speaking and listening,3.7
39-6012,Concierges,17,Writing and reading,2.9
39-7010,Tour and travel guides,1,Adaptability,3.6
39-7010,Tour and travel guides,2,Computers and information technology,2.3
39-7010,Tour and travel guides,3,Creativity and innovation,2.8
39-7010,Tour and travel guides,4,Critical and analytical thinking,2.5
39-7010,Tour and travel guides,5,Customer service,3.3
39-7010,Tour and travel guides,6,Detail oriented,3.2
39-7010,Tour and travel guides,7,Fine motor,1.6
39-7010,Tour and travel guides,8,Interpersonal,3.6
39-7010,Tour and travel guides,9,Leadership,2.6
39-7010,Tour and travel guides,10,Mathematics,2.0
39-7010,Tour and travel guides,11,Mechanical,1.3
39-7010,Tour and travel guides,12,Physical strength and stamina,1.9
39-7010,Tour and travel guides,13,Problem solving and decision making,3.0
39-7010,Tour and travel guides,14,Project management,1.9
39-7010,Tour and travel guides,15,Science,1.4
39-7010,Tour and travel guides,16,Speaking and listening,3.7
39-7010,Tour and travel guides,17,Writing and reading,2.9
39-9011,Childcare workers,1,Adaptability,3.9
39-9011,Childcare workers,2,Computers and information technology,2.2
39-9011,Childcare workers,3,Creativity and innovation,3.0
39-9011,Childcare workers,4,Critical and analytical thinking,2.7
39-9011,Childcare workers,5,Customer service,3.1
39-9011,Childcare workers,6,Detail oriented,3.3
39-9011,Childcare workers,7,Fine motor,1.8
39-9011,Childcare workers,8,Interpersonal,3.8
39-9011,Childcare workers,9,Leadership,3.1
39-9011,Childcare workers,10,Mathematics,2.2
39-9011,Childcare workers,11,Mechanical,1.3
39-9011,Childcare workers,12,Physical strength and stamina,2.5
39-9011,Childcare workers,13,Problem solving and decision making,3.3
39-9011,Childcare workers,14,Project management,2.2
39-9011,Childcare workers,15,Science,1.3
39-9011,Childcare workers,16,Speaking and listening,3.0
39-9011,Childcare workers,17,Writing and reading,3.0
39-9031,Exercise trainers and group fitness instructors,1,Adaptability,3.9
39-9031,Exercise trainers and group fitness instructors,2,Computers and information technology,2.7
39-9031,Exercise trainers and group fitness instructors,3,Creativity and innovation,3.2
39-9031,Exercise trainers and group fitness instructors,4,Critical and analytical thinking,2.8
39-9031,Exercise trainers and group fitness instructors,5,Customer service,3.6
39-9031,Exercise trainers and group fitness instructors,6,Detail oriented,3.1
39-9031,Exercise trainers and group fitness instructors,7,Fine motor,2.3
39-9031,Exercise trainers and group fitness instructors,8,Interpersonal,4.0
39-9031,Exercise trainers and group fitness instructors,9,Leadership,3.0
39-9031,Exercise trainers and group fitness instructors,10,Mathematics,2.0
39-9031,Exercise trainers and group fitness instructors,11,Mechanical,1.6
39-9031,Exercise trainers and group fitness instructors,12,Physical strength and stamina,3.6
39-9031,Exercise trainers and group fitness instructors,13,Problem solving and decision making,3.3
39-9031,Exercise trainers and group fitness instructors,14,Project management,2.3
39-9031,Exercise trainers and group fitness instructors,15,Science,2.0
39-9031,Exercise trainers and group fitness instructors,16,Speaking and listening,3.3
39-9031,Exercise trainers and group fitness instructors,17,Writing and reading,2.9
39-9032,Recreation workers,1,Adaptability,4.1
39-9032,Recreation workers,2,Computers and information technology,3.2
39-9032,Recreation workers,3,Creativity and innovation,3.5
39-9032,Recreation workers,4,Critical and analytical thinking,3.1
39-9032,Recreation workers,5,Customer service,3.5
39-9032,Recreation workers,6,Detail oriented,3.5
39-9032,Recreation workers,7,Fine motor,1.9
39-9032,Recreation workers,8,Interpersonal,4.1
39-9032,Recreation workers,9,Leadership,3.6
39-9032,Recreation workers,10,Mathematics,2.4
39-9032,Recreation workers,11,Mechanical,1.8
39-9032,Recreation workers,12,Physical strength and stamina,2.6
39-9032,Recreation workers,13,Problem solving and decision making,3.5
39-9032,Recreation workers,14,Project management,3.4
39-9032,Recreation workers,15,Science,1.4
39-9032,Recreation workers,16,Speaking and listening,3.6
39-9032,Recreation workers,17,Writing and reading,3.3
39-9041,Residential advisors,1,Adaptability,4.0
39-9041,Residential advisors,2,Computers and information technology,3.3
39-9041,Residential advisors,3,Creativity and innovation,2.9
39-9041,Residential advisors,4,Critical and analytical thinking,3.1
39-9041,Residential advisors,5,Customer service,3.6
39-9041,Residential advisors,6,Detail oriented,3.6
39-9041,Residential advisors,7,Fine motor,1.6
39-9041,Residential advisors,8,Interpersonal,4.3
39-9041,Residential advisors,9,Leadership,3.6
39-9041,Residential advisors,10,Mathematics,2.1
39-9041,Residential advisors,11,Mechanical,1.5
39-9041,Residential advisors,12,Physical strength and stamina,2.1
39-9041,Residential advisors,13,Problem solving and decision making,3.4
39-9041,Residential advisors,14,Project management,3.1
39-9041,Residential advisors,15,Science,1.5
39-9041,Residential advisors,16,Speaking and listening,3.6
39-9041,Residential advisors,17,Writing and reading,3.1
39-9099,"Personal care and service workers, all other",1,Adaptability,3.9
39-9099,"Personal care and service workers, all other",2,Computers and information technology,2.5
39-9099,"Personal care and service workers, all other",3,Creativity and innovation,3.1
39-9099,"Personal care and service workers, all other",4,Critical and analytical thinking,2.8
39-9099,"Personal care and service workers, all other",5,Customer service,3.3
39-9099,"Personal care and service workers, all other",6,Detail oriented,3.3
39-9099,"Personal care and service workers, all other",7,Fine motor,1.9
39-9099,"Personal care and service workers, all other",8,Interpersonal,3.9
39-9099,"Personal care and service workers, all other",9,Leadership,3.2
39-9099,"Personal care and service workers, all other",10,Mathematics,2.2
39-9099,"Personal care and service workers, all other",11,Mechanical,1.5
39-9099,"Personal care and service workers, all other",12,Physical strength and stamina,2.7
39-9099,"Personal care and service workers, all other",13,Problem solving and decision making,3.3
39-9099,"Personal care and service workers, all other",14,Project management,2.5
39-9099,"Personal care and service workers, all other",15,Science,1.5
39-9099,"Personal care and service workers, all other",16,Speaking and listening,3.2
39-9099,"Personal care and service workers, all other",17,Writing and reading,3.0
41-1011,First-line supervisors of retail sales workers,1,Adaptability,4.1
41-1011,First-line supervisors of retail sales workers,2,Computers and information technology,3.1
41-1011,First-line supervisors of retail sales workers,3,Creativity and innovation,2.8
41-1011,First-line supervisors of retail sales workers,4,Critical and analytical thinking,3.2
41-1011,First-line supervisors of retail sales workers,5,Customer service,4.0
41-1011,First-line supervisors of retail sales workers,6,Detail oriented,3.3
41-1011,First-line supervisors of retail sales workers,7,Fine motor,2.5
41-1011,First-line supervisors of retail sales workers,8,Interpersonal,3.8
41-1011,First-line supervisors of retail sales workers,9,Leadership,3.8
41-1011,First-line supervisors of retail sales workers,10,Mathematics,2.9
41-1011,First-line supervisors of retail sales workers,11,Mechanical,1.4
41-1011,First-line supervisors of retail sales workers,12,Physical strength and stamina,2.3
41-1011,First-line supervisors of retail sales workers,13,Problem solving and decision making,3.6
41-1011,First-line supervisors of retail sales workers,14,Project management,2.9
41-1011,First-line supervisors of retail sales workers,15,Science,1.1
41-1011,First-line supervisors of retail sales workers,16,Speaking and listening,3.4
41-1011,First-line supervisors of retail sales workers,17,Writing and reading,3.0
41-1012,First-line supervisors of non-retail sales workers,1,Adaptability,3.7
41-1012,First-line supervisors of non-retail sales workers,2,Computers and information technology,3.4
41-1012,First-line supervisors of non-retail sales workers,3,Creativity and innovation,2.5
41-1012,First-line supervisors of non-retail sales workers,4,Critical and analytical thinking,3.4
41-1012,First-line supervisors of non-retail sales workers,5,Customer service,3.6
41-1012,First-line supervisors of non-retail sales workers,6,Detail oriented,3.4
41-1012,First-line supervisors of non-retail sales workers,7,Fine motor,2.0
41-1012,First-line supervisors of non-retail sales workers,8,Interpersonal,3.5
41-1012,First-line supervisors of non-retail sales workers,9,Leadership,4.2
41-1012,First-line supervisors of non-retail sales workers,10,Mathematics,3.1
41-1012,First-line supervisors of non-retail sales workers,11,Mechanical,1.6
41-1012,First-line supervisors of non-retail sales workers,12,Physical strength and stamina,1.5
41-1012,First-line supervisors of non-retail sales workers,13,Problem solving and decision making,4.0
41-1012,First-line supervisors of non-retail sales workers,14,Project management,3.2
41-1012,First-line supervisors of non-retail sales workers,15,Science,1.1
41-1012,First-line supervisors of non-retail sales workers,16,Speaking and listening,3.7
41-1012,First-line supervisors of non-retail sales workers,17,Writing and reading,3.6
41-2011,Cashiers,1,Adaptability,3.2
41-2011,Cashiers,2,Computers and information technology,2.3
41-2011,Cashiers,3,Creativity and innovation,2.0
41-2011,Cashiers,4,Critical and analytical thinking,2.3
41-2011,Cashiers,5,Customer service,3.5
41-2011,Cashiers,6,Detail oriented,3.2
41-2011,Cashiers,7,Fine motor,2.6
41-2011,Cashiers,8,Interpersonal,3.2
41-2011,Cashiers,9,Leadership,2.4
41-2011,Cashiers,10,Mathematics,2.6
41-2011,Cashiers,11,Mechanical,1.4
41-2011,Cashiers,12,Physical strength and stamina,2.3
41-2011,Cashiers,13,Problem solving and decision making,2.8
41-2011,Cashiers,14,Project management,1.9
41-2011,Cashiers,15,Science,1.3
41-2011,Cashiers,16,Speaking and listening,3.0
41-2011,Cashiers,17,Writing and reading,2.5
41-2012,Gambling change persons and booth cashiers,1,Adaptability,3.8
41-2012,Gambling change persons and booth cashiers,2,Computers and information technology,2.6
41-2012,Gambling change persons and booth cashiers,3,Creativity and innovation,1.9
41-2012,Gambling change persons and booth cashiers,4,Critical and analytical thinking,2.7
41-2012,Gambling change persons and booth cashiers,5,Customer service,3.8
41-2012,Gambling change persons and booth cashiers,6,Detail oriented,3.8
41-2012,Gambling change persons and booth cashiers,7,Fine motor,2.6
41-2012,Gambling change persons and booth cashiers,8,Interpersonal,3.5
41-2012,Gambling change persons and booth cashiers,9,Leadership,3.0
41-2012,Gambling change persons and booth cashiers,10,Mathematics,3.2
41-2012,Gambling change persons and booth cashiers,11,Mechanical,2.0
41-2012,Gambling change persons and booth cashiers,12,Physical strength and stamina,2.3
41-2012,Gambling change persons and booth cashiers,13,Problem solving and decision making,3.3
41-2012,Gambling change persons and booth cashiers,14,Project management,2.6
41-2012,Gambling change persons and booth cashiers,15,Science,1.1
41-2012,Gambling change persons and booth cashiers,16,Speaking and listening,2.9
41-2012,Gambling change persons and booth cashiers,17,Writing and reading,2.9
41-2021,Counter and rental clerks,1,Adaptability,3.5
41-2021,Counter and rental clerks,2,Computers and information technology,3.2
41-2021,Counter and rental clerks,3,Creativity and innovation,2.4
41-2021,Counter and rental clerks,4,Critical and analytical thinking,2.6
41-2021,Counter and rental clerks,5,Customer service,4.1
41-2021,Counter and rental clerks,6,Detail oriented,3.4
41-2021,Counter and rental clerks,7,Fine motor,2.5
41-2021,Counter and rental clerks,8,Interpersonal,3.4
41-2021,Counter and rental clerks,9,Leadership,3.0
41-2021,Counter and rental clerks,10,Mathematics,2.7
41-2021,Counter and rental clerks,11,Mechanical,2.0
41-2021,Counter and rental clerks,12,Physical strength and stamina,2.1
41-2021,Counter and rental clerks,13,Problem solving and decision making,3.2
41-2021,Counter and rental clerks,14,Project management,2.5
41-2021,Counter and rental clerks,15,Science,1.3
41-2021,Counter and rental clerks,16,Speaking and listening,3.3
41-2021,Counter and rental clerks,17,Writing and reading,3.1
41-2022,Parts salespersons,1,Adaptability,3.8
41-2022,Parts salespersons,2,Computers and information technology,3.6
41-2022,Parts salespersons,3,Creativity and innovation,2.6
41-2022,Parts salespersons,4,Critical and analytical thinking,2.8
41-2022,Parts salespersons,5,Customer service,4.2
41-2022,Parts salespersons,6,Detail oriented,3.4
41-2022,Parts salespersons,7,Fine motor,2.3
41-2022,Parts salespersons,8,Interpersonal,3.6
41-2022,Parts salespersons,9,Leadership,3.3
41-2022,Parts salespersons,10,Mathematics,2.9
41-2022,Parts salespersons,11,Mechanical,2.3
41-2022,Parts salespersons,12,Physical strength and stamina,2.5
41-2022,Parts salespersons,13,Problem solving and decision making,3.6
41-2022,Parts salespersons,14,Project management,2.8
41-2022,Parts salespersons,15,Science,1.2
41-2022,Parts salespersons,16,Speaking and listening,3.5
41-2022,Parts salespersons,17,Writing and reading,3.4
41-2031,Retail salespersons,1,Adaptability,3.7
41-2031,Retail salespersons,2,Computers and information technology,2.8
41-2031,Retail salespersons,3,Creativity and innovation,2.7
41-2031,Retail salespersons,4,Critical and analytical thinking,2.6
41-2031,Retail salespersons,5,Customer service,4.2
41-2031,Retail salespersons,6,Detail oriented,3.4
41-2031,Retail salespersons,7,Fine motor,2.2
41-2031,Retail salespersons,8,Interpersonal,3.6
41-2031,Retail salespersons,9,Leadership,2.7
41-2031,Retail salespersons,10,Mathematics,2.7
41-2031,Retail salespersons,11,Mechanical,1.6
41-2031,Retail salespersons,12,Physical strength and stamina,2.3
41-2031,Retail salespersons,13,Problem solving and decision making,3.3
41-2031,Retail salespersons,14,Project management,2.3
41-2031,Retail salespersons,15,Science,1.2
41-2031,Retail salespersons,16,Speaking and listening,3.4
41-2031,Retail salespersons,17,Writing and reading,3.0
41-3011,Advertising sales agents,1,Adaptability,3.8
41-3011,Advertising sales agents,2,Computers and information technology,3.5
41-3011,Advertising sales agents,3,Creativity and innovation,3.3
41-3011,Advertising sales agents,4,Critical and analytical thinking,3.0
41-3011,Advertising sales agents,5,Customer service,4.1
41-3011,Advertising sales agents,6,Detail oriented,3.4
41-3011,Advertising sales agents,7,Fine motor,1.7
41-3011,Advertising sales agents,8,Interpersonal,3.7
41-3011,Advertising sales agents,9,Leadership,2.6
41-3011,Advertising sales agents,10,Mathematics,3.0
41-3011,Advertising sales agents,11,Mechanical,1.3
41-3011,Advertising sales agents,12,Physical strength and stamina,1.4
41-3011,Advertising sales agents,13,Problem solving and decision making,3.6
41-3011,Advertising sales agents,14,Project management,2.7
41-3011,Advertising sales agents,15,Science,1.1
41-3011,Advertising sales agents,16,Speaking and listening,3.9
41-3011,Advertising sales agents,17,Writing and reading,3.4
41-3021,Insurance sales agents,1,Adaptability,3.8
41-3021,Insurance sales agents,2,Computers and information technology,3.3
41-3021,Insurance sales agents,3,Creativity and innovation,2.5
41-3021,Insurance sales agents,4,Critical and analytical thinking,3.1
41-3021,Insurance sales agents,5,Customer service,3.9
41-3021,Insurance sales agents,6,Detail oriented,3.7
41-3021,Insurance sales agents,7,Fine motor,1.7
41-3021,Insurance sales agents,8,Interpersonal,3.4
41-3021,Insurance sales agents,9,Leadership,2.3
41-3021,Insurance sales agents,10,Mathematics,3.2
41-3021,Insurance sales agents,11,Mechanical,1.3
41-3021,Insurance sales agents,12,Physical strength and stamina,1.3
41-3021,Insurance sales agents,13,Problem solving and decision making,3.6
41-3021,Insurance sales agents,14,Project management,2.3
41-3021,Insurance sales agents,15,Science,1.1
41-3021,Insurance sales agents,16,Speaking and listening,3.6
41-3021,Insurance sales agents,17,Writing and reading,3.7
41-3031,"Securities, commodities, and financial services sales agents",1,Adaptability,4.0
41-3031,"Securities, commodities, and financial services sales agents",2,Computers and information technology,3.7
41-3031,"Securities, commodities, and financial services sales agents",3,Creativity and innovation,2.7
41-3031,"Securities, commodities, and financial services sales agents",4,Critical and analytical thinking,3.4
41-3031,"Securities, commodities, and financial services sales agents",5,Customer service,3.6
41-3031,"Securities, commodities, and financial services sales agents",6,Detail oriented,3.8
41-3031,"Securities, commodities, and financial services sales agents",7,Fine motor,1.6
41-3031,"Securities, commodities, and financial services sales agents",8,Interpersonal,3.3
41-3031,"Securities, commodities, and financial services sales agents",9,Leadership,2.9
41-3031,"Securities, commodities, and financial services sales agents",10,Mathematics,3.3
41-3031,"Securities, commodities, and financial services sales agents",11,Mechanical,1.2
41-3031,"Securities, commodities, and financial services sales agents",12,Physical strength and stamina,1.2
41-3031,"Securities, commodities, and financial services sales agents",13,Problem solving and decision making,3.9
41-3031,"Securities, commodities, and financial services sales agents",14,Project management,2.9
41-3031,"Securities, commodities, and financial services sales agents",15,Science,1.2
41-3031,"Securities, commodities, and financial services sales agents",16,Speaking and listening,3.4
41-3031,"Securities, commodities, and financial services sales agents",17,Writing and reading,3.6
41-3041,Travel agents,1,Adaptability,3.4
41-3041,Travel agents,2,Computers and information technology,3.7
41-3041,Travel agents,3,Creativity and innovation,2.4
41-3041,Travel agents,4,Critical and analytical thinking,2.9
41-3041,Travel agents,5,Customer service,3.7
41-3041,Travel agents,6,Detail oriented,4.0
41-3041,Travel agents,7,Fine motor,2.4
41-3041,Travel agents,8,Interpersonal,3.3
41-3041,Travel agents,9,Leadership,2.6
41-3041,Travel agents,10,Mathematics,2.7
41-3041,Travel agents,11,Mechanical,1.3
41-3041,Travel agents,12,Physical strength and stamina,1.2
41-3041,Travel agents,13,Problem solving and decision making,3.4
41-3041,Travel agents,14,Project management,2.5
41-3041,Travel agents,15,Science,1.1
41-3041,Travel agents,16,Speaking and listening,3.6
41-3041,Travel agents,17,Writing and reading,3.5
41-3091,"Sales representatives of services, except advertising, insurance, financial services, and travel",1,Adaptability,4.1
41-3091,"Sales representatives of services, except advertising, insurance, financial services, and travel",2,Computers and information technology,3.5
41-3091,"Sales representatives of services, except advertising, insurance, financial services, and travel",3,Creativity and innovation,2.5
41-3091,"Sales representatives of services, except advertising, insurance, financial services, and travel",4,Critical and analytical thinking,3.0
41-3091,"Sales representatives of services, except advertising, insurance, financial services, and travel",5,Customer service,4.0
41-3091,"Sales representatives of services, except advertising, insurance, financial services, and travel",6,Detail oriented,3.6
41-3091,"Sales representatives of services, except advertising, insurance, financial services, and travel",7,Fine motor,2.4
41-3091,"Sales representatives of services, except advertising, insurance, financial services, and travel",8,Interpersonal,3.5
41-3091,"Sales representatives of services, except advertising, insurance, financial services, and travel",9,Leadership,3.1
41-3091,"Sales representatives of services, except advertising, insurance, financial services, and travel",10,Mathematics,2.7
41-3091,"Sales representatives of services, except advertising, insurance, financial services, and travel",11,Mechanical,1.4
41-3091,"Sales representatives of services, except advertising, insurance, financial services, and travel",12,Physical strength and stamina,1.5
41-3091,"Sales representatives of services, except advertising, insurance, financial services, and travel",13,Problem solving and decision making,3.3
41-3091,"Sales representatives of services, except advertising, insurance, financial services, and travel",14,Project management,2.5
41-3091,"Sales representatives of services, except advertising, insurance, financial services, and travel",15,Science,1.2
41-3091,"Sales representatives of services, except advertising, insurance, financial services, and travel",16,Speaking and listening,3.5
41-3091,"Sales representatives of services, except advertising, insurance, financial services, and travel",17,Writing and reading,3.4
41-4011,"Sales representatives, wholesale and manufacturing, technical and scientific products",1,Adaptability,3.7
41-4011,"Sales representatives, wholesale and manufacturing, technical and scientific products",2,Computers and information technology,3.1
41-4011,"Sales representatives, wholesale and manufacturing, technical and scientific products",3,Creativity and innovation,2.6
41-4011,"Sales representatives, wholesale and manufacturing, technical and scientific products",4,Critical and analytical thinking,3.0
41-4011,"Sales representatives, wholesale and manufacturing, technical and scientific products",5,Customer service,3.5
41-4011,"Sales representatives, wholesale and manufacturing, technical and scientific products",6,Detail oriented,3.4
41-4011,"Sales representatives, wholesale and manufacturing, technical and scientific products",7,Fine motor,1.9
41-4011,"Sales representatives, wholesale and manufacturing, technical and scientific products",8,Interpersonal,3.5
41-4011,"Sales representatives, wholesale and manufacturing, technical and scientific products",9,Leadership,2.5
41-4011,"Sales representatives, wholesale and manufacturing, technical and scientific products",10,Mathematics,3.0
41-4011,"Sales representatives, wholesale and manufacturing, technical and scientific products",11,Mechanical,1.4
41-4011,"Sales representatives, wholesale and manufacturing, technical and scientific products",12,Physical strength and stamina,1.4
41-4011,"Sales representatives, wholesale and manufacturing, technical and scientific products",13,Problem solving and decision making,3.5
41-4011,"Sales representatives, wholesale and manufacturing, technical and scientific products",14,Project management,2.6
41-4011,"Sales representatives, wholesale and manufacturing, technical and scientific products",15,Science,1.6
41-4011,"Sales representatives, wholesale and manufacturing, technical and scientific products",16,Speaking and listening,3.7
41-4011,"Sales representatives, wholesale and manufacturing, technical and scientific products",17,Writing and reading,3.5
41-4012,"Sales representatives, wholesale and manufacturing, except technical and scientific products",1,Adaptability,4.0
41-4012,"Sales representatives, wholesale and manufacturing, except technical and scientific products",2,Computers and information technology,3.5
41-4012,"Sales representatives, wholesale and manufacturing, except technical and scientific products",3,Creativity and innovation,3.2
41-4012,"Sales representatives, wholesale and manufacturing, except technical and scientific products",4,Critical and analytical thinking,3.0
41-4012,"Sales representatives, wholesale and manufacturing, except technical and scientific products",5,Customer service,4.2
41-4012,"Sales representatives, wholesale and manufacturing, except technical and scientific products",6,Detail oriented,3.1
41-4012,"Sales representatives, wholesale and manufacturing, except technical and scientific products",7,Fine motor,2.0
41-4012,"Sales representatives, wholesale and manufacturing, except technical and scientific products",8,Interpersonal,3.6
41-4012,"Sales representatives, wholesale and manufacturing, except technical and scientific products",9,Leadership,2.7
41-4012,"Sales representatives, wholesale and manufacturing, except technical and scientific products",10,Mathematics,2.7
41-4012,"Sales representatives, wholesale and manufacturing, except technical and scientific products",11,Mechanical,1.5
41-4012,"Sales representatives, wholesale and manufacturing, except technical and scientific products",12,Physical strength and stamina,1.9
41-4012,"Sales representatives, wholesale and manufacturing, except technical and scientific products",13,Problem solving and decision making,3.8
41-4012,"Sales representatives, wholesale and manufacturing, except technical and scientific products",14,Project management,2.7
41-4012,"Sales representatives, wholesale and manufacturing, except technical and scientific products",15,Science,1.0
41-4012,"Sales representatives, wholesale and manufacturing, except technical and scientific products",16,Speaking and listening,3.5
41-4012,"Sales representatives, wholesale and manufacturing, except technical and scientific products",17,Writing and reading,3.3
41-9011,Demonstrators and product promoters,1,Adaptability,3.5
41-9011,Demonstrators and product promoters,2,Computers and information technology,2.4
41-9011,Demonstrators and product promoters,3,Creativity and innovation,2.6
41-9011,Demonstrators and product promoters,4,Critical and analytical thinking,2.7
41-9011,Demonstrators and product promoters,5,Customer service,4.0
41-9011,Demonstrators and product promoters,6,Detail oriented,3.2
41-9011,Demonstrators and product promoters,7,Fine motor,2.4
41-9011,Demonstrators and product promoters,8,Interpersonal,3.6
41-9011,Demonstrators and product promoters,9,Leadership,2.8
41-9011,Demonstrators and product promoters,10,Mathematics,2.1
41-9011,Demonstrators and product promoters,11,Mechanical,1.5
41-9011,Demonstrators and product promoters,12,Physical strength and stamina,2.3
41-9011,Demonstrators and product promoters,13,Problem solving and decision making,3.3
41-9011,Demonstrators and product promoters,14,Project management,2.2
41-9011,Demonstrators and product promoters,15,Science,1.2
41-9011,Demonstrators and product promoters,16,Speaking and listening,3.6
41-9011,Demonstrators and product promoters,17,Writing and reading,3.1
41-9012,Models,1,Adaptability,2.9
41-9012,Models,2,Computers and information technology,1.9
41-9012,Models,3,Creativity and innovation,2.7
41-9012,Models,4,Critical and analytical thinking,1.9
41-9012,Models,5,Customer service,2.1
41-9012,Models,6,Detail oriented,2.7
41-9012,Models,7,Fine motor,1.2
41-9012,Models,8,Interpersonal,2.7
41-9012,Models,9,Leadership,1.7
41-9012,Models,10,Mathematics,1.4
41-9012,Models,11,Mechanical,1.1
41-9012,Models,12,Physical strength and stamina,2.5
41-9012,Models,13,Problem solving and decision making,2.4
41-9012,Models,14,Project management,1.8
41-9012,Models,15,Science,1.2
41-9012,Models,16,Speaking and listening,2.6
41-9012,Models,17,Writing and reading,2.2
41-9021,Real estate brokers,1,Adaptability,4.2
41-9021,Real estate brokers,2,Computers and information technology,3.5
41-9021,Real estate brokers,3,Creativity and innovation,2.8
41-9021,Real estate brokers,4,Critical and analytical thinking,3.2
41-9021,Real estate brokers,5,Customer service,3.7
41-9021,Real estate brokers,6,Detail oriented,3.5
41-9021,Real estate brokers,7,Fine motor,1.6
41-9021,Real estate brokers,8,Interpersonal,3.6
41-9021,Real estate brokers,9,Leadership,3.0
41-9021,Real estate brokers,10,Mathematics,2.8
41-9021,Real estate brokers,11,Mechanical,1.4
41-9021,Real estate brokers,12,Physical strength and stamina,1.3
41-9021,Real estate brokers,13,Problem solving and decision making,3.8
41-9021,Real estate brokers,14,Project management,2.7
41-9021,Real estate brokers,15,Science,1.3
41-9021,Real estate brokers,16,Speaking and listening,3.6
41-9021,Real estate brokers,17,Writing and reading,3.6
41-9022,Real estate sales agents,1,Adaptability,4.0
41-9022,Real estate sales agents,2,Computers and information technology,3.6
41-9022,Real estate sales agents,3,Creativity and innovation,2.8
41-9022,Real estate sales agents,4,Critical and analytical thinking,3.0
41-9022,Real estate sales agents,5,Customer service,4.0
41-9022,Real estate sales agents,6,Detail oriented,3.6
41-9022,Real estate sales agents,7,Fine motor,1.7
41-9022,Real estate sales agents,8,Interpersonal,3.8
41-9022,Real estate sales agents,9,Leadership,3.3
41-9022,Real estate sales agents,10,Mathematics,3.1
41-9022,Real estate sales agents,11,Mechanical,1.7
41-9022,Real estate sales agents,12,Physical strength and stamina,1.7
41-9022,Real estate sales agents,13,Problem solving and decision making,3.8
41-9022,Real estate sales agents,14,Project management,3.0
41-9022,Real estate sales agents,15,Science,1.3
41-9022,Real estate sales agents,16,Speaking and listening,3.7
41-9022,Real estate sales agents,17,Writing and reading,3.6
41-9031,Sales engineers,1,Adaptability,4.1
41-9031,Sales engineers,2,Computers and information technology,3.5
41-9031,Sales engineers,3,Creativity and innovation,3.1
41-9031,Sales engineers,4,Critical and analytical thinking,3.8
41-9031,Sales engineers,5,Customer service,3.5
41-9031,Sales engineers,6,Detail oriented,3.6
41-9031,Sales engineers,7,Fine motor,1.7
41-9031,Sales engineers,8,Interpersonal,3.6
41-9031,Sales engineers,9,Leadership,2.9
41-9031,Sales engineers,10,Mathematics,3.3
41-9031,Sales engineers,11,Mechanical,1.7
41-9031,Sales engineers,12,Physical strength and stamina,1.2
41-9031,Sales engineers,13,Problem solving and decision making,4.1
41-9031,Sales engineers,14,Project management,2.6
41-9031,Sales engineers,15,Science,2.0
41-9031,Sales engineers,16,Speaking and listening,3.7
41-9031,Sales engineers,17,Writing and reading,3.8
41-9041,Telemarketers,1,Adaptability,3.6
41-9041,Telemarketers,2,Computers and information technology,3.0
41-9041,Telemarketers,3,Creativity and innovation,2.8
41-9041,Telemarketers,4,Critical and analytical thinking,2.7
41-9041,Telemarketers,5,Customer service,3.8
41-9041,Telemarketers,6,Detail oriented,3.3
41-9041,Telemarketers,7,Fine motor,2.1
41-9041,Telemarketers,8,Interpersonal,3.5
41-9041,Telemarketers,9,Leadership,2.5
41-9041,Telemarketers,10,Mathematics,1.8
41-9041,Telemarketers,11,Mechanical,1.3
41-9041,Telemarketers,12,Physical strength and stamina,1.1
41-9041,Telemarketers,13,Problem solving and decision making,2.9
41-9041,Telemarketers,14,Project management,2.2
41-9041,Telemarketers,15,Science,1.2
41-9041,Telemarketers,16,Speaking and listening,3.5
41-9041,Telemarketers,17,Writing and reading,3.0
41-9091,"Door-to-door sales workers, news and street vendors, and related workers",1,Adaptability,3.2
41-9091,"Door-to-door sales workers, news and street vendors, and related workers",2,Computers and information technology,3.0
41-9091,"Door-to-door sales workers, news and street vendors, and related workers",3,Creativity and innovation,2.3
41-9091,"Door-to-door sales workers, news and street vendors, and related workers",4,Critical and analytical thinking,2.4
41-9091,"Door-to-door sales workers, news and street vendors, and related workers",5,Customer service,3.9
41-9091,"Door-to-door sales workers, news and street vendors, and related workers",6,Detail oriented,2.6
41-9091,"Door-to-door sales workers, news and street vendors, and related workers",7,Fine motor,1.7
41-9091,"Door-to-door sales workers, news and street vendors, and related workers",8,Interpersonal,3.5
41-9091,"Door-to-door sales workers, news and street vendors, and related workers",9,Leadership,3.0
41-9091,"Door-to-door sales workers, news and street vendors, and related workers",10,Mathematics,2.1
41-9091,"Door-to-door sales workers, news and street vendors, and related workers",11,Mechanical,1.2
41-9091,"Door-to-door sales workers, news and street vendors, and related workers",12,Physical strength and stamina,1.4
41-9091,"Door-to-door sales workers, news and street vendors, and related workers",13,Problem solving and decision making,3.0
41-9091,"Door-to-door sales workers, news and street vendors, and related workers",14,Project management,2.5
41-9091,"Door-to-door sales workers, news and street vendors, and related workers",15,Science,1.1
41-9091,"Door-to-door sales workers, news and street vendors, and related workers",16,Speaking and listening,3.5
41-9091,"Door-to-door sales workers, news and street vendors, and related workers",17,Writing and reading,2.9
41-9099,"Sales and related workers, all other",1,Adaptability,3.9
41-9099,"Sales and related workers, all other",2,Computers and information technology,3.4
41-9099,"Sales and related workers, all other",3,Creativity and innovation,2.8
41-9099,"Sales and related workers, all other",4,Critical and analytical thinking,3.0
41-9099,"Sales and related workers, all other",5,Customer service,3.9
41-9099,"Sales and related workers, all other",6,Detail oriented,3.5
41-9099,"Sales and related workers, all other",7,Fine motor,1.8
41-9099,"Sales and related workers, all other",8,Interpersonal,3.7
41-9099,"Sales and related workers, all other",9,Leadership,3.1
41-9099,"Sales and related workers, all other",10,Mathematics,2.8
41-9099,"Sales and related workers, all other",11,Mechanical,1.6
41-9099,"Sales and related workers, all other",12,Physical strength and stamina,1.6
41-9099,"Sales and related workers, all other",13,Problem solving and decision making,3.6
41-9099,"Sales and related workers, all other",14,Project management,2.7
41-9099,"Sales and related workers, all other",15,Science,1.3
41-9099,"Sales and related workers, all other",16,Speaking and listening,3.7
41-9099,"Sales and related workers, all other",17,Writing and reading,3.4
43-1011,First-line supervisors of office and administrative support workers,1,Adaptability,4.0
43-1011,First-line supervisors of office and administrative support workers,2,Computers and information technology,3.6
43-1011,First-line supervisors of office and administrative support workers,3,Creativity and innovation,2.9
43-1011,First-line supervisors of office and administrative support workers,4,Critical and analytical thinking,3.5
43-1011,First-line supervisors of office and administrative support workers,5,Customer service,3.4
43-1011,First-line supervisors of office and administrative support workers,6,Detail oriented,3.6
43-1011,First-line supervisors of office and administrative support workers,7,Fine motor,1.9
43-1011,First-line supervisors of office and administrative support workers,8,Interpersonal,3.8
43-1011,First-line supervisors of office and administrative support workers,9,Leadership,3.9
43-1011,First-line supervisors of office and administrative support workers,10,Mathematics,2.8
43-1011,First-line supervisors of office and administrative support workers,11,Mechanical,1.5
43-1011,First-line supervisors of office and administrative support workers,12,Physical strength and stamina,1.6
43-1011,First-line supervisors of office and administrative support workers,13,Problem solving and decision making,3.8
43-1011,First-line supervisors of office and administrative support workers,14,Project management,3.2
43-1011,First-line supervisors of office and administrative support workers,15,Science,1.1
43-1011,First-line supervisors of office and administrative support workers,16,Speaking and listening,3.5
43-1011,First-line supervisors of office and administrative support workers,17,Writing and reading,3.8
43-2011,"Switchboard operators, including answering service",1,Adaptability,3.6
43-2011,"Switchboard operators, including answering service",2,Computers and information technology,3.3
43-2011,"Switchboard operators, including answering service",3,Creativity and innovation,2.0
43-2011,"Switchboard operators, including answering service",4,Critical and analytical thinking,2.6
43-2011,"Switchboard operators, including answering service",5,Customer service,3.7
43-2011,"Switchboard operators, including answering service",6,Detail oriented,3.3
43-2011,"Switchboard operators, including answering service",7,Fine motor,2.3
43-2011,"Switchboard operators, including answering service",8,Interpersonal,3.4
43-2011,"Switchboard operators, including answering service",9,Leadership,2.3
43-2011,"Switchboard operators, including answering service",10,Mathematics,2.0
43-2011,"Switchboard operators, including answering service",11,Mechanical,1.3
43-2011,"Switchboard operators, including answering service",12,Physical strength and stamina,1.4
43-2011,"Switchboard operators, including answering service",13,Problem solving and decision making,3.1
43-2011,"Switchboard operators, including answering service",14,Project management,1.7
43-2011,"Switchboard operators, including answering service",15,Science,1.0
43-2011,"Switchboard operators, including answering service",16,Speaking and listening,3.6
43-2011,"Switchboard operators, including answering service",17,Writing and reading,2.8
43-2021,Telephone operators,1,Adaptability,3.9
43-2021,Telephone operators,2,Computers and information technology,3.5
43-2021,Telephone operators,3,Creativity and innovation,2.1
43-2021,Telephone operators,4,Critical and analytical thinking,2.6
43-2021,Telephone operators,5,Customer service,3.6
43-2021,Telephone operators,6,Detail oriented,3.5
43-2021,Telephone operators,7,Fine motor,2.4
43-2021,Telephone operators,8,Interpersonal,3.6
43-2021,Telephone operators,9,Leadership,2.7
43-2021,Telephone operators,10,Mathematics,1.9
43-2021,Telephone operators,11,Mechanical,1.3
43-2021,Telephone operators,12,Physical strength and stamina,1.4
43-2021,Telephone operators,13,Problem solving and decision making,3.0
43-2021,Telephone operators,14,Project management,2.1
43-2021,Telephone operators,15,Science,1.1
43-2021,Telephone operators,16,Speaking and listening,3.6
43-2021,Telephone operators,17,Writing and reading,2.9
43-2099,"Communications equipment operators, all other",1,Adaptability,3.6
43-2099,"Communications equipment operators, all other",2,Computers and information technology,3.3
43-2099,"Communications equipment operators, all other",3,Creativity and innovation,2.0
43-2099,"Communications equipment operators, all other",4,Critical and analytical thinking,2.6
43-2099,"Communications equipment operators, all other",5,Customer service,3.7
43-2099,"Communications equipment operators, all other",6,Detail oriented,3.3
43-2099,"Communications equipment operators, all other",7,Fine motor,2.3
43-2099,"Communications equipment operators, all other",8,Interpersonal,3.4
43-2099,"Communications equipment operators, all other",9,Leadership,2.3
43-2099,"Communications equipment operators, all other",10,Mathematics,2.0
43-2099,"Communications equipment operators, all other",11,Mechanical,1.3
43-2099,"Communications equipment operators, all other",12,Physical strength and stamina,1.4
43-2099,"Communications equipment operators, all other",13,Problem solving and decision making,3.1
43-2099,"Communications equipment operators, all other",14,Project management,1.7
43-2099,"Communications equipment operators, all other",15,Science,1.0
43-2099,"Communications equipment operators, all other",16,Speaking and listening,3.6
43-2099,"Communications equipment operators, all other",17,Writing and reading,2.8
43-3011,Bill and account collectors,1,Adaptability,3.5
43-3011,Bill and account collectors,2,Computers and information technology,3.3
43-3011,Bill and account collectors,3,Creativity and innovation,2.4
43-3011,Bill and account collectors,4,Critical and analytical thinking,2.8
43-3011,Bill and account collectors,5,Customer service,3.4
43-3011,Bill and account collectors,6,Detail oriented,3.6
43-3011,Bill and account collectors,7,Fine motor,1.7
43-3011,Bill and account collectors,8,Interpersonal,3.0
43-3011,Bill and account collectors,9,Leadership,2.7
43-3011,Bill and account collectors,10,Mathematics,2.8
43-3011,Bill and account collectors,11,Mechanical,1.1
43-3011,Bill and account collectors,12,Physical strength and stamina,1.2
43-3011,Bill and account collectors,13,Problem solving and decision making,3.3
43-3011,Bill and account collectors,14,Project management,2.4
43-3011,Bill and account collectors,15,Science,1.0
43-3011,Bill and account collectors,16,Speaking and listening,3.3
43-3011,Bill and account collectors,17,Writing and reading,3.2
43-3021,Billing and posting clerks,1,Adaptability,3.7
43-3021,Billing and posting clerks,2,Computers and information technology,3.7
43-3021,Billing and posting clerks,3,Creativity and innovation,2.3
43-3021,Billing and posting clerks,4,Critical and analytical thinking,2.8
43-3021,Billing and posting clerks,5,Customer service,2.7
43-3021,Billing and posting clerks,6,Detail oriented,3.4
43-3021,Billing and posting clerks,7,Fine motor,2.3
43-3021,Billing and posting clerks,8,Interpersonal,3.2
43-3021,Billing and posting clerks,9,Leadership,2.5
43-3021,Billing and posting clerks,10,Mathematics,3.2
43-3021,Billing and posting clerks,11,Mechanical,1.4
43-3021,Billing and posting clerks,12,Physical strength and stamina,1.3
43-3021,Billing and posting clerks,13,Problem solving and decision making,3.2
43-3021,Billing and posting clerks,14,Project management,2.2
43-3021,Billing and posting clerks,15,Science,1.3
43-3021,Billing and posting clerks,16,Speaking and listening,2.9
43-3021,Billing and posting clerks,17,Writing and reading,3.3
43-3031,"Bookkeeping, accounting, and auditing clerks",1,Adaptability,3.6
43-3031,"Bookkeeping, accounting, and auditing clerks",2,Computers and information technology,3.6
43-3031,"Bookkeeping, accounting, and auditing clerks",3,Creativity and innovation,2.2
43-3031,"Bookkeeping, accounting, and auditing clerks",4,Critical and analytical thinking,2.8
43-3031,"Bookkeeping, accounting, and auditing clerks",5,Customer service,3.0
43-3031,"Bookkeeping, accounting, and auditing clerks",6,Detail oriented,3.7
43-3031,"Bookkeeping, accounting, and auditing clerks",7,Fine motor,2.3
43-3031,"Bookkeeping, accounting, and auditing clerks",8,Interpersonal,3.2
43-3031,"Bookkeeping, accounting, and auditing clerks",9,Leadership,2.5
43-3031,"Bookkeeping, accounting, and auditing clerks",10,Mathematics,3.6
43-3031,"Bookkeeping, accounting, and auditing clerks",11,Mechanical,1.2
43-3031,"Bookkeeping, accounting, and auditing clerks",12,Physical strength and stamina,1.3
43-3031,"Bookkeeping, accounting, and auditing clerks",13,Problem solving and decision making,3.2
43-3031,"Bookkeeping, accounting, and auditing clerks",14,Project management,2.6
43-3031,"Bookkeeping, accounting, and auditing clerks",15,Science,1.1
43-3031,"Bookkeeping, accounting, and auditing clerks",16,Speaking and listening,3.0
43-3031,"Bookkeeping, accounting, and auditing clerks",17,Writing and reading,3.3
43-3041,Gambling cage workers,1,Adaptability,3.8
43-3041,Gambling cage workers,2,Computers and information technology,2.8
43-3041,Gambling cage workers,3,Creativity and innovation,2.1
43-3041,Gambling cage workers,4,Critical and analytical thinking,2.7
43-3041,Gambling cage workers,5,Customer service,3.7
43-3041,Gambling cage workers,6,Detail oriented,4.2
43-3041,Gambling cage workers,7,Fine motor,2.5
43-3041,Gambling cage workers,8,Interpersonal,3.3
43-3041,Gambling cage workers,9,Leadership,3.1
43-3041,Gambling cage workers,10,Mathematics,3.6
43-3041,Gambling cage workers,11,Mechanical,1.6
43-3041,Gambling cage workers,12,Physical strength and stamina,2.3
43-3041,Gambling cage workers,13,Problem solving and decision making,3.1
43-3041,Gambling cage workers,14,Project management,2.3
43-3041,Gambling cage workers,15,Science,1.0
43-3041,Gambling cage workers,16,Speaking and listening,3.2
43-3041,Gambling cage workers,17,Writing and reading,3.0
43-3051,Payroll and timekeeping clerks,1,Adaptability,3.9
43-3051,Payroll and timekeeping clerks,2,Computers and information technology,3.6
43-3051,Payroll and timekeeping clerks,3,Creativity and innovation,2.4
43-3051,Payroll and timekeeping clerks,4,Critical and analytical thinking,2.9
43-3051,Payroll and timekeeping clerks,5,Customer service,2.3
43-3051,Payroll and timekeeping clerks,6,Detail oriented,3.7
43-3051,Payroll and timekeeping clerks,7,Fine motor,2.1
43-3051,Payroll and timekeeping clerks,8,Interpersonal,3.3
43-3051,Payroll and timekeeping clerks,9,Leadership,2.4
43-3051,Payroll and timekeeping clerks,10,Mathematics,3.6
43-3051,Payroll and timekeeping clerks,11,Mechanical,1.2
43-3051,Payroll and timekeeping clerks,12,Physical strength and stamina,1.3
43-3051,Payroll and timekeeping clerks,13,Problem solving and decision making,3.2
43-3051,Payroll and timekeeping clerks,14,Project management,2.0
43-3051,Payroll and timekeeping clerks,15,Science,1.0
43-3051,Payroll and timekeeping clerks,16,Speaking and listening,3.1
43-3051,Payroll and timekeeping clerks,17,Writing and reading,3.5
43-3061,Procurement clerks,1,Adaptability,3.9
43-3061,Procurement clerks,2,Computers and information technology,3.5
43-3061,Procurement clerks,3,Creativity and innovation,2.6
43-3061,Procurement clerks,4,Critical and analytical thinking,3.2
43-3061,Procurement clerks,5,Customer service,2.8
43-3061,Procurement clerks,6,Detail oriented,3.6
43-3061,Procurement clerks,7,Fine motor,1.5
43-3061,Procurement clerks,8,Interpersonal,3.6
43-3061,Procurement clerks,9,Leadership,2.7
43-3061,Procurement clerks,10,Mathematics,3.0
43-3061,Procurement clerks,11,Mechanical,1.4
43-3061,Procurement clerks,12,Physical strength and stamina,1.5
43-3061,Procurement clerks,13,Problem solving and decision making,3.7
43-3061,Procurement clerks,14,Project management,3.0
43-3061,Procurement clerks,15,Science,1.6
43-3061,Procurement clerks,16,Speaking and listening,3.3
43-3061,Procurement clerks,17,Writing and reading,3.6
43-3071,Tellers,1,Adaptability,3.9
43-3071,Tellers,2,Computers and information technology,3.3
43-3071,Tellers,3,Creativity and innovation,2.4
43-3071,Tellers,4,Critical and analytical thinking,2.9
43-3071,Tellers,5,Customer service,3.9
43-3071,Tellers,6,Detail oriented,3.9
43-3071,Tellers,7,Fine motor,2.8
43-3071,Tellers,8,Interpersonal,3.6
43-3071,Tellers,9,Leadership,2.9
43-3071,Tellers,10,Mathematics,3.4
43-3071,Tellers,11,Mechanical,1.6
43-3071,Tellers,12,Physical strength and stamina,1.9
43-3071,Tellers,13,Problem solving and decision making,3.5
43-3071,Tellers,14,Project management,2.5
43-3071,Tellers,15,Science,1.1
43-3071,Tellers,16,Speaking and listening,3.3
43-3071,Tellers,17,Writing and reading,3.2
43-3099,"Financial clerks, all other",1,Adaptability,3.7
43-3099,"Financial clerks, all other",2,Computers and information technology,3.5
43-3099,"Financial clerks, all other",3,Creativity and innovation,2.2
43-3099,"Financial clerks, all other",4,Critical and analytical thinking,2.8
43-3099,"Financial clerks, all other",5,Customer service,3.1
43-3099,"Financial clerks, all other",6,Detail oriented,3.7
43-3099,"Financial clerks, all other",7,Fine motor,2.3
43-3099,"Financial clerks, all other",8,Interpersonal,3.2
43-3099,"Financial clerks, all other",9,Leadership,2.6
43-3099,"Financial clerks, all other",10,Mathematics,3.5
43-3099,"Financial clerks, all other",11,Mechanical,1.3
43-3099,"Financial clerks, all other",12,Physical strength and stamina,1.4
43-3099,"Financial clerks, all other",13,Problem solving and decision making,3.3
43-3099,"Financial clerks, all other",14,Project management,2.5
43-3099,"Financial clerks, all other",15,Science,1.1
43-3099,"Financial clerks, all other",16,Speaking and listening,3.0
43-3099,"Financial clerks, all other",17,Writing and reading,3.3
43-4011,Brokerage clerks,1,Adaptability,3.8
43-4011,Brokerage clerks,2,Computers and information technology,3.5
43-4011,Brokerage clerks,3,Creativity and innovation,2.3
43-4011,Brokerage clerks,4,Critical and analytical thinking,3.2
43-4011,Brokerage clerks,5,Customer service,3.1
43-4011,Brokerage clerks,6,Detail oriented,3.9
43-4011,Brokerage clerks,7,Fine motor,2.3
43-4011,Brokerage clerks,8,Interpersonal,3.0
43-4011,Brokerage clerks,9,Leadership,2.4
43-4011,Brokerage clerks,10,Mathematics,3.2
43-4011,Brokerage clerks,11,Mechanical,1.1
43-4011,Brokerage clerks,12,Physical strength and stamina,1.2
43-4011,Brokerage clerks,13,Problem solving and decision making,3.4
43-4011,Brokerage clerks,14,Project management,2.2
43-4011,Brokerage clerks,15,Science,1.0
43-4011,Brokerage clerks,16,Speaking and listening,3.3
43-4011,Brokerage clerks,17,Writing and reading,3.4
43-4021,Correspondence clerks,1,Adaptability,3.5
43-4021,Correspondence clerks,2,Computers and information technology,3.7
43-4021,Correspondence clerks,3,Creativity and innovation,2.4
43-4021,Correspondence clerks,4,Critical and analytical thinking,2.8
43-4021,Correspondence clerks,5,Customer service,3.1
43-4021,Correspondence clerks,6,Detail oriented,3.7
43-4021,Correspondence clerks,7,Fine motor,1.8
43-4021,Correspondence clerks,8,Interpersonal,3.1
43-4021,Correspondence clerks,9,Leadership,2.6
43-4021,Correspondence clerks,10,Mathematics,2.9
43-4021,Correspondence clerks,11,Mechanical,1.2
43-4021,Correspondence clerks,12,Physical strength and stamina,1.3
43-4021,Correspondence clerks,13,Problem solving and decision making,3.4
43-4021,Correspondence clerks,14,Project management,2.4
43-4021,Correspondence clerks,15,Science,1.2
43-4021,Correspondence clerks,16,Speaking and listening,3.1
43-4021,Correspondence clerks,17,Writing and reading,3.8
43-4031,"Court, municipal, and license clerks",1,Adaptability,3.9
43-4031,"Court, municipal, and license clerks",2,Computers and information technology,3.7
43-4031,"Court, municipal, and license clerks",3,Creativity and innovation,2.3
43-4031,"Court, municipal, and license clerks",4,Critical and analytical thinking,3.0
43-4031,"Court, municipal, and license clerks",5,Customer service,3.6
43-4031,"Court, municipal, and license clerks",6,Detail oriented,3.6
43-4031,"Court, municipal, and license clerks",7,Fine motor,2.4
43-4031,"Court, municipal, and license clerks",8,Interpersonal,3.5
43-4031,"Court, municipal, and license clerks",9,Leadership,2.9
43-4031,"Court, municipal, and license clerks",10,Mathematics,2.6
43-4031,"Court, municipal, and license clerks",11,Mechanical,1.4
43-4031,"Court, municipal, and license clerks",12,Physical strength and stamina,1.4
43-4031,"Court, municipal, and license clerks",13,Problem solving and decision making,3.2
43-4031,"Court, municipal, and license clerks",14,Project management,2.4
43-4031,"Court, municipal, and license clerks",15,Science,1.1
43-4031,"Court, municipal, and license clerks",16,Speaking and listening,3.3
43-4031,"Court, municipal, and license clerks",17,Writing and reading,3.3
43-4041,"Credit authorizers, checkers, and clerks",1,Adaptability,3.7
43-4041,"Credit authorizers, checkers, and clerks",2,Computers and information technology,3.6
43-4041,"Credit authorizers, checkers, and clerks",3,Creativity and innovation,2.2
43-4041,"Credit authorizers, checkers, and clerks",4,Critical and analytical thinking,2.9
43-4041,"Credit authorizers, checkers, and clerks",5,Customer service,3.9
43-4041,"Credit authorizers, checkers, and clerks",6,Detail oriented,3.7
43-4041,"Credit authorizers, checkers, and clerks",7,Fine motor,1.6
43-4041,"Credit authorizers, checkers, and clerks",8,Interpersonal,3.3
43-4041,"Credit authorizers, checkers, and clerks",9,Leadership,3.2
43-4041,"Credit authorizers, checkers, and clerks",10,Mathematics,2.8
43-4041,"Credit authorizers, checkers, and clerks",11,Mechanical,1.1
43-4041,"Credit authorizers, checkers, and clerks",12,Physical strength and stamina,1.4
43-4041,"Credit authorizers, checkers, and clerks",13,Problem solving and decision making,3.6
43-4041,"Credit authorizers, checkers, and clerks",14,Project management,2.6
43-4041,"Credit authorizers, checkers, and clerks",15,Science,1.1
43-4041,"Credit authorizers, checkers, and clerks",16,Speaking and listening,3.1
43-4041,"Credit authorizers, checkers, and clerks",17,Writing and reading,3.4
43-4051,Customer service representatives,1,Adaptability,4.1
43-4051,Customer service representatives,2,Computers and information technology,3.5
43-4051,Customer service representatives,3,Creativity and innovation,2.5
43-4051,Customer service representatives,4,Critical and analytical thinking,3.0
43-4051,Customer service representatives,5,Customer service,4.0
43-4051,Customer service representatives,6,Detail oriented,3.6
43-4051,Customer service representatives,7,Fine motor,2.4
43-4051,Customer service representatives,8,Interpersonal,3.5
43-4051,Customer service representatives,9,Leadership,3.1
43-4051,Customer service representatives,10,Mathematics,2.7
43-4051,Customer service representatives,11,Mechanical,1.4
43-4051,Customer service representatives,12,Physical strength and stamina,1.5
43-4051,Customer service representatives,13,Problem solving and decision making,3.3
43-4051,Customer service representatives,14,Project management,2.5
43-4051,Customer service representatives,15,Science,1.2
43-4051,Customer service representatives,16,Speaking and listening,3.5
43-4051,Customer service representatives,17,Writing and reading,3.4
43-4061,"Eligibility interviewers, government programs",1,Adaptability,4.1
43-4061,"Eligibility interviewers, government programs",2,Computers and information technology,3.7
43-4061,"Eligibility interviewers, government programs",3,Creativity and innovation,2.5
43-4061,"Eligibility interviewers, government programs",4,Critical and analytical thinking,3.1
43-4061,"Eligibility interviewers, government programs",5,Customer service,3.4
43-4061,"Eligibility interviewers, government programs",6,Detail oriented,3.7
43-4061,"Eligibility interviewers, government programs",7,Fine motor,2.1
43-4061,"Eligibility interviewers, government programs",8,Interpersonal,3.7
43-4061,"Eligibility interviewers, government programs",9,Leadership,2.7
43-4061,"Eligibility interviewers, government programs",10,Mathematics,2.6
43-4061,"Eligibility interviewers, government programs",11,Mechanical,1.1
43-4061,"Eligibility interviewers, government programs",12,Physical strength and stamina,1.2
43-4061,"Eligibility interviewers, government programs",13,Problem solving and decision making,3.5
43-4061,"Eligibility interviewers, government programs",14,Project management,2.3
43-4061,"Eligibility interviewers, government programs",15,Science,1.1
43-4061,"Eligibility interviewers, government programs",16,Speaking and listening,3.6
43-4061,"Eligibility interviewers, government programs",17,Writing and reading,3.8
43-4071,File clerks,1,Adaptability,3.8
43-4071,File clerks,2,Computers and information technology,3.6
43-4071,File clerks,3,Creativity and innovation,2.7
43-4071,File clerks,4,Critical and analytical thinking,2.9
43-4071,File clerks,5,Customer service,3.3
43-4071,File clerks,6,Detail oriented,3.7
43-4071,File clerks,7,Fine motor,2.4
43-4071,File clerks,8,Interpersonal,3.6
43-4071,File clerks,9,Leadership,3.0
43-4071,File clerks,10,Mathematics,2.4
43-4071,File clerks,11,Mechanical,1.6
43-4071,File clerks,12,Physical strength and stamina,2.1
43-4071,File clerks,13,Problem solving and decision making,3.1
43-4071,File clerks,14,Project management,2.9
43-4071,File clerks,15,Science,1.4
43-4071,File clerks,16,Speaking and listening,3.1
43-4071,File clerks,17,Writing and reading,3.7
43-4081,"Hotel, motel, and resort desk clerks",1,Adaptability,3.9
43-4081,"Hotel, motel, and resort desk clerks",2,Computers and information technology,3.6
43-4081,"Hotel, motel, and resort desk clerks",3,Creativity and innovation,2.6
43-4081,"Hotel, motel, and resort desk clerks",4,Critical and analytical thinking,2.7
43-4081,"Hotel, motel, and resort desk clerks",5,Customer service,4.1
43-4081,"Hotel, motel, and resort desk clerks",6,Detail oriented,3.5
43-4081,"Hotel, motel, and resort desk clerks",7,Fine motor,2.3
43-4081,"Hotel, motel, and resort desk clerks",8,Interpersonal,3.8
43-4081,"Hotel, motel, and resort desk clerks",9,Leadership,3.3
43-4081,"Hotel, motel, and resort desk clerks",10,Mathematics,2.8
43-4081,"Hotel, motel, and resort desk clerks",11,Mechanical,1.4
43-4081,"Hotel, motel, and resort desk clerks",12,Physical strength and stamina,1.8
43-4081,"Hotel, motel, and resort desk clerks",13,Problem solving and decision making,3.6
43-4081,"Hotel, motel, and resort desk clerks",14,Project management,2.3
43-4081,"Hotel, motel, and resort desk clerks",15,Science,1.4
43-4081,"Hotel, motel, and resort desk clerks",16,Speaking and listening,3.3
43-4081,"Hotel, motel, and resort desk clerks",17,Writing and reading,2.9
43-4111,"Interviewers, except eligibility and loan",1,Adaptability,4.2
43-4111,"Interviewers, except eligibility and loan",2,Computers and information technology,3.9
43-4111,"Interviewers, except eligibility and loan",3,Creativity and innovation,2.6
43-4111,"Interviewers, except eligibility and loan",4,Critical and analytical thinking,3.2
43-4111,"Interviewers, except eligibility and loan",5,Customer service,3.8
43-4111,"Interviewers, except eligibility and loan",6,Detail oriented,3.7
43-4111,"Interviewers, except eligibility and loan",7,Fine motor,2.1
43-4111,"Interviewers, except eligibility and loan",8,Interpersonal,3.9
43-4111,"Interviewers, except eligibility and loan",9,Leadership,3.5
43-4111,"Interviewers, except eligibility and loan",10,Mathematics,2.5
43-4111,"Interviewers, except eligibility and loan",11,Mechanical,1.4
43-4111,"Interviewers, except eligibility and loan",12,Physical strength and stamina,1.4
43-4111,"Interviewers, except eligibility and loan",13,Problem solving and decision making,3.5
43-4111,"Interviewers, except eligibility and loan",14,Project management,2.7
43-4111,"Interviewers, except eligibility and loan",15,Science,1.0
43-4111,"Interviewers, except eligibility and loan",16,Speaking and listening,3.5
43-4111,"Interviewers, except eligibility and loan",17,Writing and reading,3.4
43-4121,"Library assistants, clerical",1,Adaptability,3.6
43-4121,"Library assistants, clerical",2,Computers and information technology,3.5
43-4121,"Library assistants, clerical",3,Creativity and innovation,2.5
43-4121,"Library assistants, clerical",4,Critical and analytical thinking,2.6
43-4121,"Library assistants, clerical",5,Customer service,3.2
43-4121,"Library assistants, clerical",6,Detail oriented,3.2
43-4121,"Library assistants, clerical",7,Fine motor,2.4
43-4121,"Library assistants, clerical",8,Interpersonal,3.5
43-4121,"Library assistants, clerical",9,Leadership,2.6
43-4121,"Library assistants, clerical",10,Mathematics,2.1
43-4121,"Library assistants, clerical",11,Mechanical,1.3
43-4121,"Library assistants, clerical",12,Physical strength and stamina,2.2
43-4121,"Library assistants, clerical",13,Problem solving and decision making,3.2
43-4121,"Library assistants, clerical",14,Project management,2.6
43-4121,"Library assistants, clerical",15,Science,1.1
43-4121,"Library assistants, clerical",16,Speaking and listening,3.1
43-4121,"Library assistants, clerical",17,Writing and reading,3.1
43-4131,Loan interviewers and clerks,1,Adaptability,3.9
43-4131,Loan interviewers and clerks,2,Computers and information technology,3.5
43-4131,Loan interviewers and clerks,3,Creativity and innovation,2.5
43-4131,Loan interviewers and clerks,4,Critical and analytical thinking,3.3
43-4131,Loan interviewers and clerks,5,Customer service,4.0
43-4131,Loan interviewers and clerks,6,Detail oriented,3.7
43-4131,Loan interviewers and clerks,7,Fine motor,2.1
43-4131,Loan interviewers and clerks,8,Interpersonal,3.2
43-4131,Loan interviewers and clerks,9,Leadership,2.6
43-4131,Loan interviewers and clerks,10,Mathematics,3.2
43-4131,Loan interviewers and clerks,11,Mechanical,1.3
43-4131,Loan interviewers and clerks,12,Physical strength and stamina,1.3
43-4131,Loan interviewers and clerks,13,Problem solving and decision making,3.8
43-4131,Loan interviewers and clerks,14,Project management,2.4
43-4131,Loan interviewers and clerks,15,Science,1.0
43-4131,Loan interviewers and clerks,16,Speaking and listening,3.6
43-4131,Loan interviewers and clerks,17,Writing and reading,3.8
43-4141,New accounts clerks,1,Adaptability,3.8
43-4141,New accounts clerks,2,Computers and information technology,3.3
43-4141,New accounts clerks,3,Creativity and innovation,2.1
43-4141,New accounts clerks,4,Critical and analytical thinking,2.8
43-4141,New accounts clerks,5,Customer service,3.8
43-4141,New accounts clerks,6,Detail oriented,3.7
43-4141,New accounts clerks,7,Fine motor,2.3
43-4141,New accounts clerks,8,Interpersonal,3.6
43-4141,New accounts clerks,9,Leadership,2.9
43-4141,New accounts clerks,10,Mathematics,3.1
43-4141,New accounts clerks,11,Mechanical,1.2
43-4141,New accounts clerks,12,Physical strength and stamina,1.6
43-4141,New accounts clerks,13,Problem solving and decision making,3.3
43-4141,New accounts clerks,14,Project management,2.0
43-4141,New accounts clerks,15,Science,1.0
43-4141,New accounts clerks,16,Speaking and listening,3.4
43-4141,New accounts clerks,17,Writing and reading,3.1
43-4151,Order clerks,1,Adaptability,4.2
43-4151,Order clerks,2,Computers and information technology,3.8
43-4151,Order clerks,3,Creativity and innovation,2.6
43-4151,Order clerks,4,Critical and analytical thinking,2.9
43-4151,Order clerks,5,Customer service,3.3
43-4151,Order clerks,6,Detail oriented,3.4
43-4151,Order clerks,7,Fine motor,1.8
43-4151,Order clerks,8,Interpersonal,3.7
43-4151,Order clerks,9,Leadership,3.1
43-4151,Order clerks,10,Mathematics,3.0
43-4151,Order clerks,11,Mechanical,1.6
43-4151,Order clerks,12,Physical strength and stamina,1.6
43-4151,Order clerks,13,Problem solving and decision making,3.3
43-4151,Order clerks,14,Project management,2.8
43-4151,Order clerks,15,Science,1.2
43-4151,Order clerks,16,Speaking and listening,3.4
43-4151,Order clerks,17,Writing and reading,3.4
43-4161,"Human resources assistants, except payroll and timekeeping",1,Adaptability,3.7
43-4161,"Human resources assistants, except payroll and timekeeping",2,Computers and information technology,3.7
43-4161,"Human resources assistants, except payroll and timekeeping",3,Creativity and innovation,2.3
43-4161,"Human resources assistants, except payroll and timekeeping",4,Critical and analytical thinking,2.9
43-4161,"Human resources assistants, except payroll and timekeeping",5,Customer service,3.4
43-4161,"Human resources assistants, except payroll and timekeeping",6,Detail oriented,3.5
43-4161,"Human resources assistants, except payroll and timekeeping",7,Fine motor,1.6
43-4161,"Human resources assistants, except payroll and timekeeping",8,Interpersonal,3.6
43-4161,"Human resources assistants, except payroll and timekeeping",9,Leadership,2.8
43-4161,"Human resources assistants, except payroll and timekeeping",10,Mathematics,2.1
43-4161,"Human resources assistants, except payroll and timekeeping",11,Mechanical,1.2
43-4161,"Human resources assistants, except payroll and timekeeping",12,Physical strength and stamina,1.4
43-4161,"Human resources assistants, except payroll and timekeeping",13,Problem solving and decision making,3.3
43-4161,"Human resources assistants, except payroll and timekeeping",14,Project management,2.8
43-4161,"Human resources assistants, except payroll and timekeeping",15,Science,1.0
43-4161,"Human resources assistants, except payroll and timekeeping",16,Speaking and listening,3.4
43-4161,"Human resources assistants, except payroll and timekeeping",17,Writing and reading,3.7
43-4171,Receptionists and information clerks,1,Adaptability,3.8
43-4171,Receptionists and information clerks,2,Computers and information technology,3.5
43-4171,Receptionists and information clerks,3,Creativity and innovation,2.4
43-4171,Receptionists and information clerks,4,Critical and analytical thinking,2.4
43-4171,Receptionists and information clerks,5,Customer service,3.6
43-4171,Receptionists and information clerks,6,Detail oriented,3.2
43-4171,Receptionists and information clerks,7,Fine motor,2.3
43-4171,Receptionists and information clerks,8,Interpersonal,3.7
43-4171,Receptionists and information clerks,9,Leadership,2.6
43-4171,Receptionists and information clerks,10,Mathematics,2.4
43-4171,Receptionists and information clerks,11,Mechanical,1.3
43-4171,Receptionists and information clerks,12,Physical strength and stamina,1.4
43-4171,Receptionists and information clerks,13,Problem solving and decision making,3.4
43-4171,Receptionists and information clerks,14,Project management,2.3
43-4171,Receptionists and information clerks,15,Science,1.2
43-4171,Receptionists and information clerks,16,Speaking and listening,3.5
43-4171,Receptionists and information clerks,17,Writing and reading,3.2
43-4181,Reservation and transportation ticket agents and travel clerks,1,Adaptability,4.1
43-4181,Reservation and transportation ticket agents and travel clerks,2,Computers and information technology,3.5
43-4181,Reservation and transportation ticket agents and travel clerks,3,Creativity and innovation,2.7
43-4181,Reservation and transportation ticket agents and travel clerks,4,Critical and analytical thinking,3.0
43-4181,Reservation and transportation ticket agents and travel clerks,5,Customer service,4.1
43-4181,Reservation and transportation ticket agents and travel clerks,6,Detail oriented,4.0
43-4181,Reservation and transportation ticket agents and travel clerks,7,Fine motor,2.4
43-4181,Reservation and transportation ticket agents and travel clerks,8,Interpersonal,4.0
43-4181,Reservation and transportation ticket agents and travel clerks,9,Leadership,2.8
43-4181,Reservation and transportation ticket agents and travel clerks,10,Mathematics,2.6
43-4181,Reservation and transportation ticket agents and travel clerks,11,Mechanical,1.5
43-4181,Reservation and transportation ticket agents and travel clerks,12,Physical strength and stamina,2.3
43-4181,Reservation and transportation ticket agents and travel clerks,13,Problem solving and decision making,3.7
43-4181,Reservation and transportation ticket agents and travel clerks,14,Project management,2.1
43-4181,Reservation and transportation ticket agents and travel clerks,15,Science,1.3
43-4181,Reservation and transportation ticket agents and travel clerks,16,Speaking and listening,3.8
43-4181,Reservation and transportation ticket agents and travel clerks,17,Writing and reading,3.4
43-4199,"Information and record clerks, all other",1,Adaptability,4.0
43-4199,"Information and record clerks, all other",2,Computers and information technology,3.5
43-4199,"Information and record clerks, all other",3,Creativity and innovation,2.5
43-4199,"Information and record clerks, all other",4,Critical and analytical thinking,2.9
43-4199,"Information and record clerks, all other",5,Customer service,3.9
43-4199,"Information and record clerks, all other",6,Detail oriented,3.5
43-4199,"Information and record clerks, all other",7,Fine motor,2.3
43-4199,"Information and record clerks, all other",8,Interpersonal,3.6
43-4199,"Information and record clerks, all other",9,Leadership,3.0
43-4199,"Information and record clerks, all other",10,Mathematics,2.6
43-4199,"Information and record clerks, all other",11,Mechanical,1.3
43-4199,"Information and record clerks, all other",12,Physical strength and stamina,1.5
43-4199,"Information and record clerks, all other",13,Problem solving and decision making,3.4
43-4199,"Information and record clerks, all other",14,Project management,2.5
43-4199,"Information and record clerks, all other",15,Science,1.2
43-4199,"Information and record clerks, all other",16,Speaking and listening,3.5
43-4199,"Information and record clerks, all other",17,Writing and reading,3.4
43-5011,Cargo and freight agents,1,Adaptability,3.6
43-5011,Cargo and freight agents,2,Computers and information technology,3.0
43-5011,Cargo and freight agents,3,Creativity and innovation,2.4
43-5011,Cargo and freight agents,4,Critical and analytical thinking,2.9
43-5011,Cargo and freight agents,5,Customer service,3.1
43-5011,Cargo and freight agents,6,Detail oriented,3.6
43-5011,Cargo and freight agents,7,Fine motor,2.2
43-5011,Cargo and freight agents,8,Interpersonal,2.9
43-5011,Cargo and freight agents,9,Leadership,2.5
43-5011,Cargo and freight agents,10,Mathematics,2.5
43-5011,Cargo and freight agents,11,Mechanical,2.2
43-5011,Cargo and freight agents,12,Physical strength and stamina,1.8
43-5011,Cargo and freight agents,13,Problem solving and decision making,3.3
43-5011,Cargo and freight agents,14,Project management,2.2
43-5011,Cargo and freight agents,15,Science,1.3
43-5011,Cargo and freight agents,16,Speaking and listening,3.3
43-5011,Cargo and freight agents,17,Writing and reading,3.2
43-5021,Couriers and messengers,1,Adaptability,3.0
43-5021,Couriers and messengers,2,Computers and information technology,2.6
43-5021,Couriers and messengers,3,Creativity and innovation,1.9
43-5021,Couriers and messengers,4,Critical and analytical thinking,2.5
43-5021,Couriers and messengers,5,Customer service,2.9
43-5021,Couriers and messengers,6,Detail oriented,3.6
43-5021,Couriers and messengers,7,Fine motor,2.9
43-5021,Couriers and messengers,8,Interpersonal,2.9
43-5021,Couriers and messengers,9,Leadership,1.8
43-5021,Couriers and messengers,10,Mathematics,2.1
43-5021,Couriers and messengers,11,Mechanical,1.9
43-5021,Couriers and messengers,12,Physical strength and stamina,2.7
43-5021,Couriers and messengers,13,Problem solving and decision making,3.1
43-5021,Couriers and messengers,14,Project management,2.1
43-5021,Couriers and messengers,15,Science,1.3
43-5021,Couriers and messengers,16,Speaking and listening,2.9
43-5021,Couriers and messengers,17,Writing and reading,2.9
43-5031,Public safety telecommunicators,1,Adaptability,4.3
43-5031,Public safety telecommunicators,2,Computers and information technology,4.1
43-5031,Public safety telecommunicators,3,Creativity and innovation,2.5
43-5031,Public safety telecommunicators,4,Critical and analytical thinking,3.3
43-5031,Public safety telecommunicators,5,Customer service,4.3
43-5031,Public safety telecommunicators,6,Detail oriented,4.3
43-5031,Public safety telecommunicators,7,Fine motor,2.8
43-5031,Public safety telecommunicators,8,Interpersonal,4.0
43-5031,Public safety telecommunicators,9,Leadership,3.3
43-5031,Public safety telecommunicators,10,Mathematics,2.0
43-5031,Public safety telecommunicators,11,Mechanical,1.9
43-5031,Public safety telecommunicators,12,Physical strength and stamina,1.6
43-5031,Public safety telecommunicators,13,Problem solving and decision making,3.8
43-5031,Public safety telecommunicators,14,Project management,2.8
43-5031,Public safety telecommunicators,15,Science,1.4
43-5031,Public safety telecommunicators,16,Speaking and listening,3.8
43-5031,Public safety telecommunicators,17,Writing and reading,3.6
43-5032,"Dispatchers, except police, fire, and ambulance",1,Adaptability,3.9
43-5032,"Dispatchers, except police, fire, and ambulance",2,Computers and information technology,3.4
43-5032,"Dispatchers, except police, fire, and ambulance",3,Creativity and innovation,2.4
43-5032,"Dispatchers, except police, fire, and ambulance",4,Critical and analytical thinking,3.1
43-5032,"Dispatchers, except police, fire, and ambulance",5,Customer service,3.7
43-5032,"Dispatchers, except police, fire, and ambulance",6,Detail oriented,3.7
43-5032,"Dispatchers, except police, fire, and ambulance",7,Fine motor,2.4
43-5032,"Dispatchers, except police, fire, and ambulance",8,Interpersonal,3.5
43-5032,"Dispatchers, except police, fire, and ambulance",9,Leadership,3.5
43-5032,"Dispatchers, except police, fire, and ambulance",10,Mathematics,2.3
43-5032,"Dispatchers, except police, fire, and ambulance",11,Mechanical,1.5
43-5032,"Dispatchers, except police, fire, and ambulance",12,Physical strength and stamina,1.3
43-5032,"Dispatchers, except police, fire, and ambulance",13,Problem solving and decision making,3.9
43-5032,"Dispatchers, except police, fire, and ambulance",14,Project management,2.5
43-5032,"Dispatchers, except police, fire, and ambulance",15,Science,1.3
43-5032,"Dispatchers, except police, fire, and ambulance",16,Speaking and listening,3.5
43-5032,"Dispatchers, except police, fire, and ambulance",17,Writing and reading,3.4
43-5041,"Meter readers, utilities",1,Adaptability,3.4
43-5041,"Meter readers, utilities",2,Computers and information technology,2.9
43-5041,"Meter readers, utilities",3,Creativity and innovation,2.3
43-5041,"Meter readers, utilities",4,Critical and analytical thinking,2.7
43-5041,"Meter readers, utilities",5,Customer service,3.4
43-5041,"Meter readers, utilities",6,Detail oriented,3.6
43-5041,"Meter readers, utilities",7,Fine motor,3.1
43-5041,"Meter readers, utilities",8,Interpersonal,3.1
43-5041,"Meter readers, utilities",9,Leadership,2.7
43-5041,"Meter readers, utilities",10,Mathematics,2.7
43-5041,"Meter readers, utilities",11,Mechanical,2.4
43-5041,"Meter readers, utilities",12,Physical strength and stamina,3.0
43-5041,"Meter readers, utilities",13,Problem solving and decision making,3.2
43-5041,"Meter readers, utilities",14,Project management,2.3
43-5041,"Meter readers, utilities",15,Science,1.8
43-5041,"Meter readers, utilities",16,Speaking and listening,2.7
43-5041,"Meter readers, utilities",17,Writing and reading,2.8
43-5051,Postal service clerks,1,Adaptability,3.7
43-5051,Postal service clerks,2,Computers and information technology,2.9
43-5051,Postal service clerks,3,Creativity and innovation,2.2
43-5051,Postal service clerks,4,Critical and analytical thinking,2.7
43-5051,Postal service clerks,5,Customer service,3.9
43-5051,Postal service clerks,6,Detail oriented,3.5
43-5051,Postal service clerks,7,Fine motor,2.7
43-5051,Postal service clerks,8,Interpersonal,3.2
43-5051,Postal service clerks,9,Leadership,2.7
43-5051,Postal service clerks,10,Mathematics,3.0
43-5051,Postal service clerks,11,Mechanical,1.7
43-5051,Postal service clerks,12,Physical strength and stamina,2.7
43-5051,Postal service clerks,13,Problem solving and decision making,3.0
43-5051,Postal service clerks,14,Project management,2.4
43-5051,Postal service clerks,15,Science,1.3
43-5051,Postal service clerks,16,Speaking and listening,3.2
43-5051,Postal service clerks,17,Writing and reading,3.1
43-5052,Postal service mail carriers,1,Adaptability,3.2
43-5052,Postal service mail carriers,2,Computers and information technology,1.7
43-5052,Postal service mail carriers,3,Creativity and innovation,1.9
43-5052,Postal service mail carriers,4,Critical and analytical thinking,2.4
43-5052,Postal service mail carriers,5,Customer service,3.3
43-5052,Postal service mail carriers,6,Detail oriented,3.7
43-5052,Postal service mail carriers,7,Fine motor,3.0
43-5052,Postal service mail carriers,8,Interpersonal,2.8
43-5052,Postal service mail carriers,9,Leadership,1.8
43-5052,Postal service mail carriers,10,Mathematics,1.8
43-5052,Postal service mail carriers,11,Mechanical,1.6
43-5052,Postal service mail carriers,12,Physical strength and stamina,2.8
43-5052,Postal service mail carriers,13,Problem solving and decision making,2.9
43-5052,Postal service mail carriers,14,Project management,1.6
43-5052,Postal service mail carriers,15,Science,1.2
43-5052,Postal service mail carriers,16,Speaking and listening,2.7
43-5052,Postal service mail carriers,17,Writing and reading,2.4
43-5053,"Postal service mail sorters, processors, and processing machine operators",1,Adaptability,3.3
43-5053,"Postal service mail sorters, processors, and processing machine operators",2,Computers and information technology,2.2
43-5053,"Postal service mail sorters, processors, and processing machine operators",3,Creativity and innovation,2.0
43-5053,"Postal service mail sorters, processors, and processing machine operators",4,Critical and analytical thinking,2.6
43-5053,"Postal service mail sorters, processors, and processing machine operators",5,Customer service,2.2
43-5053,"Postal service mail sorters, processors, and processing machine operators",6,Detail oriented,3.3
43-5053,"Postal service mail sorters, processors, and processing machine operators",7,Fine motor,3.2
43-5053,"Postal service mail sorters, processors, and processing machine operators",8,Interpersonal,2.9
43-5053,"Postal service mail sorters, processors, and processing machine operators",9,Leadership,2.5
43-5053,"Postal service mail sorters, processors, and processing machine operators",10,Mathematics,1.9
43-5053,"Postal service mail sorters, processors, and processing machine operators",11,Mechanical,1.9
43-5053,"Postal service mail sorters, processors, and processing machine operators",12,Physical strength and stamina,2.9
43-5053,"Postal service mail sorters, processors, and processing machine operators",13,Problem solving and decision making,2.8
43-5053,"Postal service mail sorters, processors, and processing machine operators",14,Project management,1.6
43-5053,"Postal service mail sorters, processors, and processing machine operators",15,Science,1.1
43-5053,"Postal service mail sorters, processors, and processing machine operators",16,Speaking and listening,2.6
43-5053,"Postal service mail sorters, processors, and processing machine operators",17,Writing and reading,2.7
43-5061,"Production, planning, and expediting clerks",1,Adaptability,3.8
43-5061,"Production, planning, and expediting clerks",2,Computers and information technology,3.5
43-5061,"Production, planning, and expediting clerks",3,Creativity and innovation,2.6
43-5061,"Production, planning, and expediting clerks",4,Critical and analytical thinking,3.1
43-5061,"Production, planning, and expediting clerks",5,Customer service,2.7
43-5061,"Production, planning, and expediting clerks",6,Detail oriented,3.9
43-5061,"Production, planning, and expediting clerks",7,Fine motor,2.2
43-5061,"Production, planning, and expediting clerks",8,Interpersonal,3.1
43-5061,"Production, planning, and expediting clerks",9,Leadership,2.8
43-5061,"Production, planning, and expediting clerks",10,Mathematics,2.7
43-5061,"Production, planning, and expediting clerks",11,Mechanical,1.5
43-5061,"Production, planning, and expediting clerks",12,Physical strength and stamina,1.7
43-5061,"Production, planning, and expediting clerks",13,Problem solving and decision making,3.6
43-5061,"Production, planning, and expediting clerks",14,Project management,2.9
43-5061,"Production, planning, and expediting clerks",15,Science,1.1
43-5061,"Production, planning, and expediting clerks",16,Speaking and listening,3.1
43-5061,"Production, planning, and expediting clerks",17,Writing and reading,3.4
43-5071,"Shipping, receiving, and inventory clerks",1,Adaptability,3.3
43-5071,"Shipping, receiving, and inventory clerks",2,Computers and information technology,3.3
43-5071,"Shipping, receiving, and inventory clerks",3,Creativity and innovation,2.4
43-5071,"Shipping, receiving, and inventory clerks",4,Critical and analytical thinking,2.7
43-5071,"Shipping, receiving, and inventory clerks",5,Customer service,3.1
43-5071,"Shipping, receiving, and inventory clerks",6,Detail oriented,3.6
43-5071,"Shipping, receiving, and inventory clerks",7,Fine motor,2.7
43-5071,"Shipping, receiving, and inventory clerks",8,Interpersonal,3.0
43-5071,"Shipping, receiving, and inventory clerks",9,Leadership,3.1
43-5071,"Shipping, receiving, and inventory clerks",10,Mathematics,2.5
43-5071,"Shipping, receiving, and inventory clerks",11,Mechanical,1.9
43-5071,"Shipping, receiving, and inventory clerks",12,Physical strength and stamina,2.6
43-5071,"Shipping, receiving, and inventory clerks",13,Problem solving and decision making,3.2
43-5071,"Shipping, receiving, and inventory clerks",14,Project management,2.7
43-5071,"Shipping, receiving, and inventory clerks",15,Science,1.3
43-5071,"Shipping, receiving, and inventory clerks",16,Speaking and listening,2.8
43-5071,"Shipping, receiving, and inventory clerks",17,Writing and reading,3.0
43-5111,"Weighers, measurers, checkers, and samplers, recordkeeping",1,Adaptability,3.6
43-5111,"Weighers, measurers, checkers, and samplers, recordkeeping",2,Computers and information technology,3.2
43-5111,"Weighers, measurers, checkers, and samplers, recordkeeping",3,Creativity and innovation,2.4
43-5111,"Weighers, measurers, checkers, and samplers, recordkeeping",4,Critical and analytical thinking,2.9
43-5111,"Weighers, measurers, checkers, and samplers, recordkeeping",5,Customer service,2.7
43-5111,"Weighers, measurers, checkers, and samplers, recordkeeping",6,Detail oriented,3.9
43-5111,"Weighers, measurers, checkers, and samplers, recordkeeping",7,Fine motor,2.8
43-5111,"Weighers, measurers, checkers, and samplers, recordkeeping",8,Interpersonal,3.2
43-5111,"Weighers, measurers, checkers, and samplers, recordkeeping",9,Leadership,3.3
43-5111,"Weighers, measurers, checkers, and samplers, recordkeeping",10,Mathematics,3.1
43-5111,"Weighers, measurers, checkers, and samplers, recordkeeping",11,Mechanical,2.2
43-5111,"Weighers, measurers, checkers, and samplers, recordkeeping",12,Physical strength and stamina,2.4
43-5111,"Weighers, measurers, checkers, and samplers, recordkeeping",13,Problem solving and decision making,3.1
43-5111,"Weighers, measurers, checkers, and samplers, recordkeeping",14,Project management,2.7
43-5111,"Weighers, measurers, checkers, and samplers, recordkeeping",15,Science,1.6
43-5111,"Weighers, measurers, checkers, and samplers, recordkeeping",16,Speaking and listening,2.9
43-5111,"Weighers, measurers, checkers, and samplers, recordkeeping",17,Writing and reading,3.2
43-6011,Executive secretaries and executive administrative assistants,1,Adaptability,3.9
43-6011,Executive secretaries and executive administrative assistants,2,Computers and information technology,3.7
43-6011,Executive secretaries and executive administrative assistants,3,Creativity and innovation,2.9
43-6011,Executive secretaries and executive administrative assistants,4,Critical and analytical thinking,2.9
43-6011,Executive secretaries and executive administrative assistants,5,Customer service,3.0
43-6011,Executive secretaries and executive administrative assistants,6,Detail oriented,3.5
43-6011,Executive secretaries and executive administrative assistants,7,Fine motor,2.4
43-6011,Executive secretaries and executive administrative assistants,8,Interpersonal,3.8
43-6011,Executive secretaries and executive administrative assistants,9,Leadership,2.7
43-6011,Executive secretaries and executive administrative assistants,10,Mathematics,2.7
43-6011,Executive secretaries and executive administrative assistants,11,Mechanical,1.3
43-6011,Executive secretaries and executive administrative assistants,12,Physical strength and stamina,1.4
43-6011,Executive secretaries and executive administrative assistants,13,Problem solving and decision making,3.3
43-6011,Executive secretaries and executive administrative assistants,14,Project management,3.1
43-6011,Executive secretaries and executive administrative assistants,15,Science,1.2
43-6011,Executive secretaries and executive administrative assistants,16,Speaking and listening,3.5
43-6011,Executive secretaries and executive administrative assistants,17,Writing and reading,3.7
43-6012,Legal secretaries and administrative assistants,1,Adaptability,3.8
43-6012,Legal secretaries and administrative assistants,2,Computers and information technology,3.7
43-6012,Legal secretaries and administrative assistants,3,Creativity and innovation,2.5
43-6012,Legal secretaries and administrative assistants,4,Critical and analytical thinking,2.8
43-6012,Legal secretaries and administrative assistants,5,Customer service,3.0
43-6012,Legal secretaries and administrative assistants,6,Detail oriented,3.7
43-6012,Legal secretaries and administrative assistants,7,Fine motor,2.2
43-6012,Legal secretaries and administrative assistants,8,Interpersonal,3.5
43-6012,Legal secretaries and administrative assistants,9,Leadership,2.7
43-6012,Legal secretaries and administrative assistants,10,Mathematics,2.2
43-6012,Legal secretaries and administrative assistants,11,Mechanical,1.2
43-6012,Legal secretaries and administrative assistants,12,Physical strength and stamina,1.4
43-6012,Legal secretaries and administrative assistants,13,Problem solving and decision making,3.1
43-6012,Legal secretaries and administrative assistants,14,Project management,2.4
43-6012,Legal secretaries and administrative assistants,15,Science,1.1
43-6012,Legal secretaries and administrative assistants,16,Speaking and listening,3.4
43-6012,Legal secretaries and administrative assistants,17,Writing and reading,3.8
43-6013,Medical secretaries and administrative assistants,1,Adaptability,3.7
43-6013,Medical secretaries and administrative assistants,2,Computers and information technology,3.6
43-6013,Medical secretaries and administrative assistants,3,Creativity and innovation,2.3
43-6013,Medical secretaries and administrative assistants,4,Critical and analytical thinking,2.9
43-6013,Medical secretaries and administrative assistants,5,Customer service,3.8
43-6013,Medical secretaries and administrative assistants,6,Detail oriented,3.5
43-6013,Medical secretaries and administrative assistants,7,Fine motor,2.4
43-6013,Medical secretaries and administrative assistants,8,Interpersonal,3.9
43-6013,Medical secretaries and administrative assistants,9,Leadership,2.9
43-6013,Medical secretaries and administrative assistants,10,Mathematics,2.3
43-6013,Medical secretaries and administrative assistants,11,Mechanical,1.4
43-6013,Medical secretaries and administrative assistants,12,Physical strength and stamina,1.3
43-6013,Medical secretaries and administrative assistants,13,Problem solving and decision making,3.3
43-6013,Medical secretaries and administrative assistants,14,Project management,2.8
43-6013,Medical secretaries and administrative assistants,15,Science,1.4
43-6013,Medical secretaries and administrative assistants,16,Speaking and listening,3.5
43-6013,Medical secretaries and administrative assistants,17,Writing and reading,3.4
43-6014,"Secretaries and administrative assistants, except legal, medical, and executive",1,Adaptability,3.6
43-6014,"Secretaries and administrative assistants, except legal, medical, and executive",2,Computers and information technology,3.6
43-6014,"Secretaries and administrative assistants, except legal, medical, and executive",3,Creativity and innovation,2.4
43-6014,"Secretaries and administrative assistants, except legal, medical, and executive",4,Critical and analytical thinking,2.7
43-6014,"Secretaries and administrative assistants, except legal, medical, and executive",5,Customer service,3.1
43-6014,"Secretaries and administrative assistants, except legal, medical, and executive",6,Detail oriented,3.5
43-6014,"Secretaries and administrative assistants, except legal, medical, and executive",7,Fine motor,2.3
43-6014,"Secretaries and administrative assistants, except legal, medical, and executive",8,Interpersonal,3.6
43-6014,"Secretaries and administrative assistants, except legal, medical, and executive",9,Leadership,2.5
43-6014,"Secretaries and administrative assistants, except legal, medical, and executive",10,Mathematics,2.3
43-6014,"Secretaries and administrative assistants, except legal, medical, and executive",11,Mechanical,1.3
43-6014,"Secretaries and administrative assistants, except legal, medical, and executive",12,Physical strength and stamina,1.3
43-6014,"Secretaries and administrative assistants, except legal, medical, and executive",13,Problem solving and decision making,3.1
43-6014,"Secretaries and administrative assistants, except legal, medical, and executive",14,Project management,2.5
43-6014,"Secretaries and administrative assistants, except legal, medical, and executive",15,Science,1.3
43-6014,"Secretaries and administrative assistants, except legal, medical, and executive",16,Speaking and listening,3.5
43-6014,"Secretaries and administrative assistants, except legal, medical, and executive",17,Writing and reading,3.7
43-9021,Data entry keyers,1,Adaptability,4.1
43-9021,Data entry keyers,2,Computers and information technology,3.6
43-9021,Data entry keyers,3,Creativity and innovation,2.6
43-9021,Data entry keyers,4,Critical and analytical thinking,2.9
43-9021,Data entry keyers,5,Customer service,2.7
43-9021,Data entry keyers,6,Detail oriented,4.0
43-9021,Data entry keyers,7,Fine motor,3.0
43-9021,Data entry keyers,8,Interpersonal,3.4
43-9021,Data entry keyers,9,Leadership,2.9
43-9021,Data entry keyers,10,Mathematics,2.3
43-9021,Data entry keyers,11,Mechanical,1.4
43-9021,Data entry keyers,12,Physical strength and stamina,1.8
43-9021,Data entry keyers,13,Problem solving and decision making,3.3
43-9021,Data entry keyers,14,Project management,2.4
43-9021,Data entry keyers,15,Science,1.1
43-9021,Data entry keyers,16,Speaking and listening,2.9
43-9021,Data entry keyers,17,Writing and reading,3.4
43-9022,Word processors and typists,1,Adaptability,3.5
43-9022,Word processors and typists,2,Computers and information technology,3.6
43-9022,Word processors and typists,3,Creativity and innovation,2.3
43-9022,Word processors and typists,4,Critical and analytical thinking,2.6
43-9022,Word processors and typists,5,Customer service,3.3
43-9022,Word processors and typists,6,Detail oriented,3.6
43-9022,Word processors and typists,7,Fine motor,2.7
43-9022,Word processors and typists,8,Interpersonal,3.3
43-9022,Word processors and typists,9,Leadership,2.3
43-9022,Word processors and typists,10,Mathematics,2.4
43-9022,Word processors and typists,11,Mechanical,1.5
43-9022,Word processors and typists,12,Physical strength and stamina,1.4
43-9022,Word processors and typists,13,Problem solving and decision making,2.7
43-9022,Word processors and typists,14,Project management,2.4
43-9022,Word processors and typists,15,Science,1.0
43-9022,Word processors and typists,16,Speaking and listening,2.8
43-9022,Word processors and typists,17,Writing and reading,3.2
43-9031,Desktop publishers,1,Adaptability,3.9
43-9031,Desktop publishers,2,Computers and information technology,3.9
43-9031,Desktop publishers,3,Creativity and innovation,3.5
43-9031,Desktop publishers,4,Critical and analytical thinking,3.2
43-9031,Desktop publishers,5,Customer service,2.5
43-9031,Desktop publishers,6,Detail oriented,3.7
43-9031,Desktop publishers,7,Fine motor,2.7
43-9031,Desktop publishers,8,Interpersonal,3.0
43-9031,Desktop publishers,9,Leadership,2.9
43-9031,Desktop publishers,10,Mathematics,2.2
43-9031,Desktop publishers,11,Mechanical,1.7
43-9031,Desktop publishers,12,Physical strength and stamina,1.6
43-9031,Desktop publishers,13,Problem solving and decision making,3.3
43-9031,Desktop publishers,14,Project management,2.7
43-9031,Desktop publishers,15,Science,1.0
43-9031,Desktop publishers,16,Speaking and listening,3.1
43-9031,Desktop publishers,17,Writing and reading,3.6
43-9041,Insurance claims and policy processing clerks,1,Adaptability,3.6
43-9041,Insurance claims and policy processing clerks,2,Computers and information technology,3.6
43-9041,Insurance claims and policy processing clerks,3,Creativity and innovation,2.1
43-9041,Insurance claims and policy processing clerks,4,Critical and analytical thinking,2.9
43-9041,Insurance claims and policy processing clerks,5,Customer service,3.0
43-9041,Insurance claims and policy processing clerks,6,Detail oriented,3.6
43-9041,Insurance claims and policy processing clerks,7,Fine motor,2.2
43-9041,Insurance claims and policy processing clerks,8,Interpersonal,3.3
43-9041,Insurance claims and policy processing clerks,9,Leadership,2.3
43-9041,Insurance claims and policy processing clerks,10,Mathematics,2.6
43-9041,Insurance claims and policy processing clerks,11,Mechanical,1.1
43-9041,Insurance claims and policy processing clerks,12,Physical strength and stamina,1.3
43-9041,Insurance claims and policy processing clerks,13,Problem solving and decision making,3.3
43-9041,Insurance claims and policy processing clerks,14,Project management,2.0
43-9041,Insurance claims and policy processing clerks,15,Science,1.1
43-9041,Insurance claims and policy processing clerks,16,Speaking and listening,3.0
43-9041,Insurance claims and policy processing clerks,17,Writing and reading,3.4
43-9051,"Mail clerks and mail machine operators, except postal service",1,Adaptability,3.5
43-9051,"Mail clerks and mail machine operators, except postal service",2,Computers and information technology,2.8
43-9051,"Mail clerks and mail machine operators, except postal service",3,Creativity and innovation,2.2
43-9051,"Mail clerks and mail machine operators, except postal service",4,Critical and analytical thinking,2.5
43-9051,"Mail clerks and mail machine operators, except postal service",5,Customer service,3.0
43-9051,"Mail clerks and mail machine operators, except postal service",6,Detail oriented,3.8
43-9051,"Mail clerks and mail machine operators, except postal service",7,Fine motor,3.0
43-9051,"Mail clerks and mail machine operators, except postal service",8,Interpersonal,3.1
43-9051,"Mail clerks and mail machine operators, except postal service",9,Leadership,2.7
43-9051,"Mail clerks and mail machine operators, except postal service",10,Mathematics,2.4
43-9051,"Mail clerks and mail machine operators, except postal service",11,Mechanical,2.1
43-9051,"Mail clerks and mail machine operators, except postal service",12,Physical strength and stamina,2.6
43-9051,"Mail clerks and mail machine operators, except postal service",13,Problem solving and decision making,3.3
43-9051,"Mail clerks and mail machine operators, except postal service",14,Project management,2.0
43-9051,"Mail clerks and mail machine operators, except postal service",15,Science,1.1
43-9051,"Mail clerks and mail machine operators, except postal service",16,Speaking and listening,2.7
43-9051,"Mail clerks and mail machine operators, except postal service",17,Writing and reading,2.9
43-9061,"Office clerks, general",1,Adaptability,3.7
43-9061,"Office clerks, general",2,Computers and information technology,3.3
43-9061,"Office clerks, general",3,Creativity and innovation,2.2
43-9061,"Office clerks, general",4,Critical and analytical thinking,2.7
43-9061,"Office clerks, general",5,Customer service,3.0
43-9061,"Office clerks, general",6,Detail oriented,3.6
43-9061,"Office clerks, general",7,Fine motor,2.3
43-9061,"Office clerks, general",8,Interpersonal,3.2
43-9061,"Office clerks, general",9,Leadership,2.4
43-9061,"Office clerks, general",10,Mathematics,2.6
43-9061,"Office clerks, general",11,Mechanical,1.4
43-9061,"Office clerks, general",12,Physical strength and stamina,1.5
43-9061,"Office clerks, general",13,Problem solving and decision making,2.9
43-9061,"Office clerks, general",14,Project management,2.5
43-9061,"Office clerks, general",15,Science,1.2
43-9061,"Office clerks, general",16,Speaking and listening,3.2
43-9061,"Office clerks, general",17,Writing and reading,3.3
43-9071,"Office machine operators, except computer",1,Adaptability,3.3
43-9071,"Office machine operators, except computer",2,Computers and information technology,3.2
43-9071,"Office machine operators, except computer",3,Creativity and innovation,2.4
43-9071,"Office machine operators, except computer",4,Critical and analytical thinking,2.6
43-9071,"Office machine operators, except computer",5,Customer service,2.9
43-9071,"Office machine operators, except computer",6,Detail oriented,3.3
43-9071,"Office machine operators, except computer",7,Fine motor,2.7
43-9071,"Office machine operators, except computer",8,Interpersonal,2.9
43-9071,"Office machine operators, except computer",9,Leadership,2.8
43-9071,"Office machine operators, except computer",10,Mathematics,2.7
43-9071,"Office machine operators, except computer",11,Mechanical,2.5
43-9071,"Office machine operators, except computer",12,Physical strength and stamina,2.2
43-9071,"Office machine operators, except computer",13,Problem solving and decision making,2.9
43-9071,"Office machine operators, except computer",14,Project management,2.7
43-9071,"Office machine operators, except computer",15,Science,1.1
43-9071,"Office machine operators, except computer",16,Speaking and listening,2.7
43-9071,"Office machine operators, except computer",17,Writing and reading,3.0
43-9081,Proofreaders and copy markers,1,Adaptability,3.3
43-9081,Proofreaders and copy markers,2,Computers and information technology,3.3
43-9081,Proofreaders and copy markers,3,Creativity and innovation,2.1
43-9081,Proofreaders and copy markers,4,Critical and analytical thinking,2.6
43-9081,Proofreaders and copy markers,5,Customer service,2.0
43-9081,Proofreaders and copy markers,6,Detail oriented,3.7
43-9081,Proofreaders and copy markers,7,Fine motor,2.1
43-9081,Proofreaders and copy markers,8,Interpersonal,2.5
43-9081,Proofreaders and copy markers,9,Leadership,1.8
43-9081,Proofreaders and copy markers,10,Mathematics,1.8
43-9081,Proofreaders and copy markers,11,Mechanical,1.1
43-9081,Proofreaders and copy markers,12,Physical strength and stamina,1.2
43-9081,Proofreaders and copy markers,13,Problem solving and decision making,2.9
43-9081,Proofreaders and copy markers,14,Project management,1.9
43-9081,Proofreaders and copy markers,15,Science,1.1
43-9081,Proofreaders and copy markers,16,Speaking and listening,3.0
43-9081,Proofreaders and copy markers,17,Writing and reading,3.7
43-9111,Statistical assistants,1,Adaptability,3.7
43-9111,Statistical assistants,2,Computers and information technology,4.1
43-9111,Statistical assistants,3,Creativity and innovation,2.5
43-9111,Statistical assistants,4,Critical and analytical thinking,3.5
43-9111,Statistical assistants,5,Customer service,2.7
43-9111,Statistical assistants,6,Detail oriented,3.7
43-9111,Statistical assistants,7,Fine motor,1.7
43-9111,Statistical assistants,8,Interpersonal,3.2
43-9111,Statistical assistants,9,Leadership,2.9
43-9111,Statistical assistants,10,Mathematics,4.2
43-9111,Statistical assistants,11,Mechanical,1.1
43-9111,Statistical assistants,12,Physical strength and stamina,1.2
43-9111,Statistical assistants,13,Problem solving and decision making,3.4
43-9111,Statistical assistants,14,Project management,2.4
43-9111,Statistical assistants,15,Science,1.5
43-9111,Statistical assistants,16,Speaking and listening,3.2
43-9111,Statistical assistants,17,Writing and reading,3.8
43-9199,"Office and administrative support workers, all other",1,Adaptability,3.7
43-9199,"Office and administrative support workers, all other",2,Computers and information technology,3.4
43-9199,"Office and administrative support workers, all other",3,Creativity and innovation,2.2
43-9199,"Office and administrative support workers, all other",4,Critical and analytical thinking,2.7
43-9199,"Office and administrative support workers, all other",5,Customer service,3.0
43-9199,"Office and administrative support workers, all other",6,Detail oriented,3.6
43-9199,"Office and administrative support workers, all other",7,Fine motor,2.3
43-9199,"Office and administrative support workers, all other",8,Interpersonal,3.3
43-9199,"Office and administrative support workers, all other",9,Leadership,2.4
43-9199,"Office and administrative support workers, all other",10,Mathematics,2.5
43-9199,"Office and administrative support workers, all other",11,Mechanical,1.4
43-9199,"Office and administrative support workers, all other",12,Physical strength and stamina,1.5
43-9199,"Office and administrative support workers, all other",13,Problem solving and decision making,3.0
43-9199,"Office and administrative support workers, all other",14,Project management,2.4
43-9199,"Office and administrative support workers, all other",15,Science,1.2
43-9199,"Office and administrative support workers, all other",16,Speaking and listening,3.2
43-9199,"Office and administrative support workers, all other",17,Writing and reading,3.3
45-1011,"First-line supervisors of farming, fishing, and forestry workers",1,Adaptability,3.6
45-1011,"First-line supervisors of farming, fishing, and forestry workers",2,Computers and information technology,2.8
45-1011,"First-line supervisors of farming, fishing, and forestry workers",3,Creativity and innovation,2.5
45-1011,"First-line supervisors of farming, fishing, and forestry workers",4,Critical and analytical thinking,3.1
45-1011,"First-line supervisors of farming, fishing, and forestry workers",5,Customer service,2.8
45-1011,"First-line supervisors of farming, fishing, and forestry workers",6,Detail oriented,3.6
45-1011,"First-line supervisors of farming, fishing, and forestry workers",7,Fine motor,3.0
45-1011,"First-line supervisors of farming, fishing, and forestry workers",8,Interpersonal,3.2
45-1011,"First-line supervisors of farming, fishing, and forestry workers",9,Leadership,3.6
45-1011,"First-line supervisors of farming, fishing, and forestry workers",10,Mathematics,2.8
45-1011,"First-line supervisors of farming, fishing, and forestry workers",11,Mechanical,2.8
45-1011,"First-line supervisors of farming, fishing, and forestry workers",12,Physical strength and stamina,2.8
45-1011,"First-line supervisors of farming, fishing, and forestry workers",13,Problem solving and decision making,3.7
45-1011,"First-line supervisors of farming, fishing, and forestry workers",14,Project management,3.2
45-1011,"First-line supervisors of farming, fishing, and forestry workers",15,Science,2.6
45-1011,"First-line supervisors of farming, fishing, and forestry workers",16,Speaking and listening,3.2
45-1011,"First-line supervisors of farming, fishing, and forestry workers",17,Writing and reading,3.1
45-2011,Agricultural inspectors,1,Adaptability,3.8
45-2011,Agricultural inspectors,2,Computers and information technology,3.3
45-2011,Agricultural inspectors,3,Creativity and innovation,2.4
45-2011,Agricultural inspectors,4,Critical and analytical thinking,3.3
45-2011,Agricultural inspectors,5,Customer service,3.2
45-2011,Agricultural inspectors,6,Detail oriented,3.8
45-2011,Agricultural inspectors,7,Fine motor,2.6
45-2011,Agricultural inspectors,8,Interpersonal,3.2
45-2011,Agricultural inspectors,9,Leadership,3.0
45-2011,Agricultural inspectors,10,Mathematics,2.7
45-2011,Agricultural inspectors,11,Mechanical,1.9
45-2011,Agricultural inspectors,12,Physical strength and stamina,2.4
45-2011,Agricultural inspectors,13,Problem solving and decision making,3.7
45-2011,Agricultural inspectors,14,Project management,2.5
45-2011,Agricultural inspectors,15,Science,2.2
45-2011,Agricultural inspectors,16,Speaking and listening,3.2
45-2011,Agricultural inspectors,17,Writing and reading,3.4
45-2021,Animal breeders,1,Adaptability,3.3
45-2021,Animal breeders,2,Computers and information technology,2.8
45-2021,Animal breeders,3,Creativity and innovation,2.1
45-2021,Animal breeders,4,Critical and analytical thinking,2.7
45-2021,Animal breeders,5,Customer service,2.5
45-2021,Animal breeders,6,Detail oriented,3.4
45-2021,Animal breeders,7,Fine motor,2.6
45-2021,Animal breeders,8,Interpersonal,2.9
45-2021,Animal breeders,9,Leadership,2.3
45-2021,Animal breeders,10,Mathematics,2.4
45-2021,Animal breeders,11,Mechanical,1.8
45-2021,Animal breeders,12,Physical strength and stamina,2.8
45-2021,Animal breeders,13,Problem solving and decision making,3.3
45-2021,Animal breeders,14,Project management,2.6
45-2021,Animal breeders,15,Science,2.6
45-2021,Animal breeders,16,Speaking and listening,2.6
45-2021,Animal breeders,17,Writing and reading,2.7
45-2041,"Graders and sorters, agricultural products",1,Adaptability,2.8
45-2041,"Graders and sorters, agricultural products",2,Computers and information technology,1.9
45-2041,"Graders and sorters, agricultural products",3,Creativity and innovation,1.7
45-2041,"Graders and sorters, agricultural products",4,Critical and analytical thinking,2.1
45-2041,"Graders and sorters, agricultural products",5,Customer service,2.0
45-2041,"Graders and sorters, agricultural products",6,Detail oriented,2.9
45-2041,"Graders and sorters, agricultural products",7,Fine motor,2.8
45-2041,"Graders and sorters, agricultural products",8,Interpersonal,2.6
45-2041,"Graders and sorters, agricultural products",9,Leadership,2.5
45-2041,"Graders and sorters, agricultural products",10,Mathematics,1.8
45-2041,"Graders and sorters, agricultural products",11,Mechanical,1.7
45-2041,"Graders and sorters, agricultural products",12,Physical strength and stamina,2.5
45-2041,"Graders and sorters, agricultural products",13,Problem solving and decision making,2.6
45-2041,"Graders and sorters, agricultural products",14,Project management,2.0
45-2041,"Graders and sorters, agricultural products",15,Science,1.5
45-2041,"Graders and sorters, agricultural products",16,Speaking and listening,2.5
45-2041,"Graders and sorters, agricultural products",17,Writing and reading,2.2
45-2091,Agricultural equipment operators,1,Adaptability,3.2
45-2091,Agricultural equipment operators,2,Computers and information technology,2.2
45-2091,Agricultural equipment operators,3,Creativity and innovation,2.4
45-2091,Agricultural equipment operators,4,Critical and analytical thinking,2.4
45-2091,Agricultural equipment operators,5,Customer service,2.1
45-2091,Agricultural equipment operators,6,Detail oriented,3.3
45-2091,Agricultural equipment operators,7,Fine motor,3.1
45-2091,Agricultural equipment operators,8,Interpersonal,3.2
45-2091,Agricultural equipment operators,9,Leadership,3.2
45-2091,Agricultural equipment operators,10,Mathematics,2.0
45-2091,Agricultural equipment operators,11,Mechanical,3.2
45-2091,Agricultural equipment operators,12,Physical strength and stamina,2.8
45-2091,Agricultural equipment operators,13,Problem solving and decision making,2.6
45-2091,Agricultural equipment operators,14,Project management,2.1
45-2091,Agricultural equipment operators,15,Science,2.2
45-2091,Agricultural equipment operators,16,Speaking and listening,2.7
45-2091,Agricultural equipment operators,17,Writing and reading,2.2
45-2092,"Farmworkers and laborers, crop, nursery, and greenhouse",1,Adaptability,3.3
45-2092,"Farmworkers and laborers, crop, nursery, and greenhouse",2,Computers and information technology,2.3
45-2092,"Farmworkers and laborers, crop, nursery, and greenhouse",3,Creativity and innovation,2.5
45-2092,"Farmworkers and laborers, crop, nursery, and greenhouse",4,Critical and analytical thinking,2.7
45-2092,"Farmworkers and laborers, crop, nursery, and greenhouse",5,Customer service,2.4
45-2092,"Farmworkers and laborers, crop, nursery, and greenhouse",6,Detail oriented,3.2
45-2092,"Farmworkers and laborers, crop, nursery, and greenhouse",7,Fine motor,3.5
45-2092,"Farmworkers and laborers, crop, nursery, and greenhouse",8,Interpersonal,2.9
45-2092,"Farmworkers and laborers, crop, nursery, and greenhouse",9,Leadership,2.9
45-2092,"Farmworkers and laborers, crop, nursery, and greenhouse",10,Mathematics,2.3
45-2092,"Farmworkers and laborers, crop, nursery, and greenhouse",11,Mechanical,2.8
45-2092,"Farmworkers and laborers, crop, nursery, and greenhouse",12,Physical strength and stamina,3.6
45-2092,"Farmworkers and laborers, crop, nursery, and greenhouse",13,Problem solving and decision making,2.7
45-2092,"Farmworkers and laborers, crop, nursery, and greenhouse",14,Project management,2.6
45-2092,"Farmworkers and laborers, crop, nursery, and greenhouse",15,Science,2.2
45-2092,"Farmworkers and laborers, crop, nursery, and greenhouse",16,Speaking and listening,2.7
45-2092,"Farmworkers and laborers, crop, nursery, and greenhouse",17,Writing and reading,2.8
45-2093,"Farmworkers, farm, ranch, and aquacultural animals",1,Adaptability,3.4
45-2093,"Farmworkers, farm, ranch, and aquacultural animals",2,Computers and information technology,2.3
45-2093,"Farmworkers, farm, ranch, and aquacultural animals",3,Creativity and innovation,2.5
45-2093,"Farmworkers, farm, ranch, and aquacultural animals",4,Critical and analytical thinking,2.8
45-2093,"Farmworkers, farm, ranch, and aquacultural animals",5,Customer service,2.6
45-2093,"Farmworkers, farm, ranch, and aquacultural animals",6,Detail oriented,3.4
45-2093,"Farmworkers, farm, ranch, and aquacultural animals",7,Fine motor,3.0
45-2093,"Farmworkers, farm, ranch, and aquacultural animals",8,Interpersonal,2.7
45-2093,"Farmworkers, farm, ranch, and aquacultural animals",9,Leadership,3.0
45-2093,"Farmworkers, farm, ranch, and aquacultural animals",10,Mathematics,2.3
45-2093,"Farmworkers, farm, ranch, and aquacultural animals",11,Mechanical,2.8
45-2093,"Farmworkers, farm, ranch, and aquacultural animals",12,Physical strength and stamina,3.0
45-2093,"Farmworkers, farm, ranch, and aquacultural animals",13,Problem solving and decision making,3.3
45-2093,"Farmworkers, farm, ranch, and aquacultural animals",14,Project management,2.6
45-2093,"Farmworkers, farm, ranch, and aquacultural animals",15,Science,2.4
45-2093,"Farmworkers, farm, ranch, and aquacultural animals",16,Speaking and listening,2.7
45-2093,"Farmworkers, farm, ranch, and aquacultural animals",17,Writing and reading,2.8
45-2099,"Agricultural workers, all other",1,Adaptability,3.3
45-2099,"Agricultural workers, all other",2,Computers and information technology,2.3
45-2099,"Agricultural workers, all other",3,Creativity and innovation,2.5
45-2099,"Agricultural workers, all other",4,Critical and analytical thinking,2.7
45-2099,"Agricultural workers, all other",5,Customer service,2.4
45-2099,"Agricultural workers, all other",6,Detail oriented,3.2
45-2099,"Agricultural workers, all other",7,Fine motor,3.3
45-2099,"Agricultural workers, all other",8,Interpersonal,2.9
45-2099,"Agricultural workers, all other",9,Leadership,2.9
45-2099,"Agricultural workers, all other",10,Mathematics,2.2
45-2099,"Agricultural workers, all other",11,Mechanical,2.7
45-2099,"Agricultural workers, all other",12,Physical strength and stamina,3.3
45-2099,"Agricultural workers, all other",13,Problem solving and decision making,2.9
45-2099,"Agricultural workers, all other",14,Project management,2.6
45-2099,"Agricultural workers, all other",15,Science,2.2
45-2099,"Agricultural workers, all other",16,Speaking and listening,2.7
45-2099,"Agricultural workers, all other",17,Writing and reading,2.7
45-3031,Fishing and hunting workers,1,Adaptability,3.6
45-3031,Fishing and hunting workers,2,Computers and information technology,2.7
45-3031,Fishing and hunting workers,3,Creativity and innovation,2.8
45-3031,Fishing and hunting workers,4,Critical and analytical thinking,2.8
45-3031,Fishing and hunting workers,5,Customer service,2.8
45-3031,Fishing and hunting workers,6,Detail oriented,3.4
45-3031,Fishing and hunting workers,7,Fine motor,3.2
45-3031,Fishing and hunting workers,8,Interpersonal,2.9
45-3031,Fishing and hunting workers,9,Leadership,2.9
45-3031,Fishing and hunting workers,10,Mathematics,2.2
45-3031,Fishing and hunting workers,11,Mechanical,2.8
45-3031,Fishing and hunting workers,12,Physical strength and stamina,3.2
45-3031,Fishing and hunting workers,13,Problem solving and decision making,3.3
45-3031,Fishing and hunting workers,14,Project management,2.8
45-3031,Fishing and hunting workers,15,Science,2.3
45-3031,Fishing and hunting workers,16,Speaking and listening,2.8
45-3031,Fishing and hunting workers,17,Writing and reading,2.5
45-4011,Forest and conservation workers,1,Adaptability,3.8
45-4011,Forest and conservation workers,2,Computers and information technology,3.1
45-4011,Forest and conservation workers,3,Creativity and innovation,2.5
45-4011,Forest and conservation workers,4,Critical and analytical thinking,2.7
45-4011,Forest and conservation workers,5,Customer service,2.8
45-4011,Forest and conservation workers,6,Detail oriented,3.4
45-4011,Forest and conservation workers,7,Fine motor,2.8
45-4011,Forest and conservation workers,8,Interpersonal,3.0
45-4011,Forest and conservation workers,9,Leadership,2.9
45-4011,Forest and conservation workers,10,Mathematics,2.1
45-4011,Forest and conservation workers,11,Mechanical,2.5
45-4011,Forest and conservation workers,12,Physical strength and stamina,3.0
45-4011,Forest and conservation workers,13,Problem solving and decision making,3.4
45-4011,Forest and conservation workers,14,Project management,2.3
45-4011,Forest and conservation workers,15,Science,2.2
45-4011,Forest and conservation workers,16,Speaking and listening,3.0
45-4011,Forest and conservation workers,17,Writing and reading,2.8
45-4021,Fallers,1,Adaptability,3.2
45-4021,Fallers,2,Computers and information technology,1.3
45-4021,Fallers,3,Creativity and innovation,2.0
45-4021,Fallers,4,Critical and analytical thinking,2.5
45-4021,Fallers,5,Customer service,1.8
45-4021,Fallers,6,Detail oriented,3.6
45-4021,Fallers,7,Fine motor,3.5
45-4021,Fallers,8,Interpersonal,2.7
45-4021,Fallers,9,Leadership,2.1
45-4021,Fallers,10,Mathematics,2.3
45-4021,Fallers,11,Mechanical,2.8
45-4021,Fallers,12,Physical strength and stamina,3.6
45-4021,Fallers,13,Problem solving and decision making,3.4
45-4021,Fallers,14,Project management,2.0
45-4021,Fallers,15,Science,1.8
45-4021,Fallers,16,Speaking and listening,2.5
45-4021,Fallers,17,Writing and reading,2.0
45-4022,Logging equipment operators,1,Adaptability,3.4
45-4022,Logging equipment operators,2,Computers and information technology,1.9
45-4022,Logging equipment operators,3,Creativity and innovation,2.4
45-4022,Logging equipment operators,4,Critical and analytical thinking,2.6
45-4022,Logging equipment operators,5,Customer service,2.3
45-4022,Logging equipment operators,6,Detail oriented,3.7
45-4022,Logging equipment operators,7,Fine motor,3.5
45-4022,Logging equipment operators,8,Interpersonal,3.0
45-4022,Logging equipment operators,9,Leadership,3.1
45-4022,Logging equipment operators,10,Mathematics,2.3
45-4022,Logging equipment operators,11,Mechanical,3.4
45-4022,Logging equipment operators,12,Physical strength and stamina,2.6
45-4022,Logging equipment operators,13,Problem solving and decision making,3.6
45-4022,Logging equipment operators,14,Project management,2.6
45-4022,Logging equipment operators,15,Science,1.5
45-4022,Logging equipment operators,16,Speaking and listening,2.5
45-4022,Logging equipment operators,17,Writing and reading,2.6
45-4023,Log graders and scalers,1,Adaptability,3.5
45-4023,Log graders and scalers,2,Computers and information technology,2.9
45-4023,Log graders and scalers,3,Creativity and innovation,2.5
45-4023,Log graders and scalers,4,Critical and analytical thinking,2.9
45-4023,Log graders and scalers,5,Customer service,2.8
45-4023,Log graders and scalers,6,Detail oriented,3.6
45-4023,Log graders and scalers,7,Fine motor,3.1
45-4023,Log graders and scalers,8,Interpersonal,3.0
45-4023,Log graders and scalers,9,Leadership,2.9
45-4023,Log graders and scalers,10,Mathematics,3.0
45-4023,Log graders and scalers,11,Mechanical,2.3
45-4023,Log graders and scalers,12,Physical strength and stamina,2.5
45-4023,Log graders and scalers,13,Problem solving and decision making,3.6
45-4023,Log graders and scalers,14,Project management,2.7
45-4023,Log graders and scalers,15,Science,1.7
45-4023,Log graders and scalers,16,Speaking and listening,2.8
45-4023,Log graders and scalers,17,Writing and reading,3.0
45-4029,"Logging workers, all other",1,Adaptability,3.4
45-4029,"Logging workers, all other",2,Computers and information technology,1.9
45-4029,"Logging workers, all other",3,Creativity and innovation,2.3
45-4029,"Logging workers, all other",4,Critical and analytical thinking,2.6
45-4029,"Logging workers, all other",5,Customer service,2.3
45-4029,"Logging workers, all other",6,Detail oriented,3.6
45-4029,"Logging workers, all other",7,Fine motor,3.5
45-4029,"Logging workers, all other",8,Interpersonal,3.0
45-4029,"Logging workers, all other",9,Leadership,3.0
45-4029,"Logging workers, all other",10,Mathematics,2.4
45-4029,"Logging workers, all other",11,Mechanical,3.2
45-4029,"Logging workers, all other",12,Physical strength and stamina,2.7
45-4029,"Logging workers, all other",13,Problem solving and decision making,3.5
45-4029,"Logging workers, all other",14,Project management,2.5
45-4029,"Logging workers, all other",15,Science,1.6
45-4029,"Logging workers, all other",16,Speaking and listening,2.6
45-4029,"Logging workers, all other",17,Writing and reading,2.5
47-1011,First-line supervisors of construction trades and extraction workers,1,Adaptability,4.0
47-1011,First-line supervisors of construction trades and extraction workers,2,Computers and information technology,2.8
47-1011,First-line supervisors of construction trades and extraction workers,3,Creativity and innovation,2.8
47-1011,First-line supervisors of construction trades and extraction workers,4,Critical and analytical thinking,3.3
47-1011,First-line supervisors of construction trades and extraction workers,5,Customer service,3.3
47-1011,First-line supervisors of construction trades and extraction workers,6,Detail oriented,3.9
47-1011,First-line supervisors of construction trades and extraction workers,7,Fine motor,2.8
47-1011,First-line supervisors of construction trades and extraction workers,8,Interpersonal,3.4
47-1011,First-line supervisors of construction trades and extraction workers,9,Leadership,3.7
47-1011,First-line supervisors of construction trades and extraction workers,10,Mathematics,3.0
47-1011,First-line supervisors of construction trades and extraction workers,11,Mechanical,2.8
47-1011,First-line supervisors of construction trades and extraction workers,12,Physical strength and stamina,2.5
47-1011,First-line supervisors of construction trades and extraction workers,13,Problem solving and decision making,3.9
47-1011,First-line supervisors of construction trades and extraction workers,14,Project management,3.0
47-1011,First-line supervisors of construction trades and extraction workers,15,Science,2.0
47-1011,First-line supervisors of construction trades and extraction workers,16,Speaking and listening,3.3
47-1011,First-line supervisors of construction trades and extraction workers,17,Writing and reading,3.2
47-2011,Boilermakers,1,Adaptability,3.8
47-2011,Boilermakers,2,Computers and information technology,2.8
47-2011,Boilermakers,3,Creativity and innovation,2.4
47-2011,Boilermakers,4,Critical and analytical thinking,3.2
47-2011,Boilermakers,5,Customer service,2.6
47-2011,Boilermakers,6,Detail oriented,4.0
47-2011,Boilermakers,7,Fine motor,3.3
47-2011,Boilermakers,8,Interpersonal,2.8
47-2011,Boilermakers,9,Leadership,2.8
47-2011,Boilermakers,10,Mathematics,2.4
47-2011,Boilermakers,11,Mechanical,3.3
47-2011,Boilermakers,12,Physical strength and stamina,3.1
47-2011,Boilermakers,13,Problem solving and decision making,3.4
47-2011,Boilermakers,14,Project management,2.6
47-2011,Boilermakers,15,Science,1.9
47-2011,Boilermakers,16,Speaking and listening,2.6
47-2011,Boilermakers,17,Writing and reading,2.8
47-2021,Brickmasons and blockmasons,1,Adaptability,3.4
47-2021,Brickmasons and blockmasons,2,Computers and information technology,1.9
47-2021,Brickmasons and blockmasons,3,Creativity and innovation,2.6
47-2021,Brickmasons and blockmasons,4,Critical and analytical thinking,2.8
47-2021,Brickmasons and blockmasons,5,Customer service,2.7
47-2021,Brickmasons and blockmasons,6,Detail oriented,3.7
47-2021,Brickmasons and blockmasons,7,Fine motor,3.2
47-2021,Brickmasons and blockmasons,8,Interpersonal,2.9
47-2021,Brickmasons and blockmasons,9,Leadership,3.3
47-2021,Brickmasons and blockmasons,10,Mathematics,3.0
47-2021,Brickmasons and blockmasons,11,Mechanical,2.5
47-2021,Brickmasons and blockmasons,12,Physical strength and stamina,3.6
47-2021,Brickmasons and blockmasons,13,Problem solving and decision making,3.2
47-2021,Brickmasons and blockmasons,14,Project management,2.9
47-2021,Brickmasons and blockmasons,15,Science,1.8
47-2021,Brickmasons and blockmasons,16,Speaking and listening,2.7
47-2021,Brickmasons and blockmasons,17,Writing and reading,2.7
47-2022,Stonemasons,1,Adaptability,3.1
47-2022,Stonemasons,2,Computers and information technology,2.2
47-2022,Stonemasons,3,Creativity and innovation,2.8
47-2022,Stonemasons,4,Critical and analytical thinking,2.7
47-2022,Stonemasons,5,Customer service,3.0
47-2022,Stonemasons,6,Detail oriented,4.0
47-2022,Stonemasons,7,Fine motor,3.3
47-2022,Stonemasons,8,Interpersonal,2.9
47-2022,Stonemasons,9,Leadership,3.4
47-2022,Stonemasons,10,Mathematics,3.0
47-2022,Stonemasons,11,Mechanical,2.7
47-2022,Stonemasons,12,Physical strength and stamina,3.6
47-2022,Stonemasons,13,Problem solving and decision making,3.7
47-2022,Stonemasons,14,Project management,2.8
47-2022,Stonemasons,15,Science,1.6
47-2022,Stonemasons,16,Speaking and listening,2.8
47-2022,Stonemasons,17,Writing and reading,2.8
47-2031,Carpenters,1,Adaptability,3.7
47-2031,Carpenters,2,Computers and information technology,2.5
47-2031,Carpenters,3,Creativity and innovation,2.7
47-2031,Carpenters,4,Critical and analytical thinking,3.1
47-2031,Carpenters,5,Customer service,2.9
47-2031,Carpenters,6,Detail oriented,4.0
47-2031,Carpenters,7,Fine motor,3.4
47-2031,Carpenters,8,Interpersonal,3.2
47-2031,Carpenters,9,Leadership,3.4
47-2031,Carpenters,10,Mathematics,3.1
47-2031,Carpenters,11,Mechanical,2.8
47-2031,Carpenters,12,Physical strength and stamina,3.1
47-2031,Carpenters,13,Problem solving and decision making,3.5
47-2031,Carpenters,14,Project management,2.9
47-2031,Carpenters,15,Science,2.0
47-2031,Carpenters,16,Speaking and listening,2.9
47-2031,Carpenters,17,Writing and reading,3.0
47-2041,Carpet installers,1,Adaptability,3.5
47-2041,Carpet installers,2,Computers and information technology,1.4
47-2041,Carpet installers,3,Creativity and innovation,2.5
47-2041,Carpet installers,4,Critical and analytical thinking,2.7
47-2041,Carpet installers,5,Customer service,2.9
47-2041,Carpet installers,6,Detail oriented,3.6
47-2041,Carpet installers,7,Fine motor,3.2
47-2041,Carpet installers,8,Interpersonal,2.9
47-2041,Carpet installers,9,Leadership,3.0
47-2041,Carpet installers,10,Mathematics,3.0
47-2041,Carpet installers,11,Mechanical,2.4
47-2041,Carpet installers,12,Physical strength and stamina,3.3
47-2041,Carpet installers,13,Problem solving and decision making,3.5
47-2041,Carpet installers,14,Project management,2.4
47-2041,Carpet installers,15,Science,1.5
47-2041,Carpet installers,16,Speaking and listening,2.6
47-2041,Carpet installers,17,Writing and reading,2.4
47-2042,"Floor layers, except carpet, wood, and hard tiles",1,Adaptability,3.3
47-2042,"Floor layers, except carpet, wood, and hard tiles",2,Computers and information technology,1.5
47-2042,"Floor layers, except carpet, wood, and hard tiles",3,Creativity and innovation,2.6
47-2042,"Floor layers, except carpet, wood, and hard tiles",4,Critical and analytical thinking,2.7
47-2042,"Floor layers, except carpet, wood, and hard tiles",5,Customer service,2.8
47-2042,"Floor layers, except carpet, wood, and hard tiles",6,Detail oriented,3.3
47-2042,"Floor layers, except carpet, wood, and hard tiles",7,Fine motor,3.1
47-2042,"Floor layers, except carpet, wood, and hard tiles",8,Interpersonal,2.8
47-2042,"Floor layers, except carpet, wood, and hard tiles",9,Leadership,3.0
47-2042,"Floor layers, except carpet, wood, and hard tiles",10,Mathematics,2.4
47-2042,"Floor layers, except carpet, wood, and hard tiles",11,Mechanical,1.9
47-2042,"Floor layers, except carpet, wood, and hard tiles",12,Physical strength and stamina,2.8
47-2042,"Floor layers, except carpet, wood, and hard tiles",13,Problem solving and decision making,3.4
47-2042,"Floor layers, except carpet, wood, and hard tiles",14,Project management,2.4
47-2042,"Floor layers, except carpet, wood, and hard tiles",15,Science,1.7
47-2042,"Floor layers, except carpet, wood, and hard tiles",16,Speaking and listening,2.6
47-2042,"Floor layers, except carpet, wood, and hard tiles",17,Writing and reading,2.5
47-2043,Floor sanders and finishers,1,Adaptability,3.5
47-2043,Floor sanders and finishers,2,Computers and information technology,1.9
47-2043,Floor sanders and finishers,3,Creativity and innovation,2.5
47-2043,Floor sanders and finishers,4,Critical and analytical thinking,2.5
47-2043,Floor sanders and finishers,5,Customer service,3.0
47-2043,Floor sanders and finishers,6,Detail oriented,3.7
47-2043,Floor sanders and finishers,7,Fine motor,3.6
47-2043,Floor sanders and finishers,8,Interpersonal,2.8
47-2043,Floor sanders and finishers,9,Leadership,3.3
47-2043,Floor sanders and finishers,10,Mathematics,2.3
47-2043,Floor sanders and finishers,11,Mechanical,2.7
47-2043,Floor sanders and finishers,12,Physical strength and stamina,3.4
47-2043,Floor sanders and finishers,13,Problem solving and decision making,3.5
47-2043,Floor sanders and finishers,14,Project management,2.7
47-2043,Floor sanders and finishers,15,Science,1.5
47-2043,Floor sanders and finishers,16,Speaking and listening,2.6
47-2043,Floor sanders and finishers,17,Writing and reading,2.5
47-2044,Tile and stone setters,1,Adaptability,3.5
47-2044,Tile and stone setters,2,Computers and information technology,1.6
47-2044,Tile and stone setters,3,Creativity and innovation,2.7
47-2044,Tile and stone setters,4,Critical and analytical thinking,2.8
47-2044,Tile and stone setters,5,Customer service,2.3
47-2044,Tile and stone setters,6,Detail oriented,3.8
47-2044,Tile and stone setters,7,Fine motor,3.3
47-2044,Tile and stone setters,8,Interpersonal,2.7
47-2044,Tile and stone setters,9,Leadership,2.9
47-2044,Tile and stone setters,10,Mathematics,2.9
47-2044,Tile and stone setters,11,Mechanical,2.3
47-2044,Tile and stone setters,12,Physical strength and stamina,3.2
47-2044,Tile and stone setters,13,Problem solving and decision making,3.1
47-2044,Tile and stone setters,14,Project management,2.5
47-2044,Tile and stone setters,15,Science,1.5
47-2044,Tile and stone setters,16,Speaking and listening,2.6
47-2044,Tile and stone setters,17,Writing and reading,2.6
47-2051,Cement masons and concrete finishers,1,Adaptability,3.3
47-2051,Cement masons and concrete finishers,2,Computers and information technology,2.1
47-2051,Cement masons and concrete finishers,3,Creativity and innovation,2.3
47-2051,Cement masons and concrete finishers,4,Critical and analytical thinking,2.7
47-2051,Cement masons and concrete finishers,5,Customer service,2.8
47-2051,Cement masons and concrete finishers,6,Detail oriented,3.8
47-2051,Cement masons and concrete finishers,7,Fine motor,3.5
47-2051,Cement masons and concrete finishers,8,Interpersonal,2.8
47-2051,Cement masons and concrete finishers,9,Leadership,3.3
47-2051,Cement masons and concrete finishers,10,Mathematics,2.6
47-2051,Cement masons and concrete finishers,11,Mechanical,2.6
47-2051,Cement masons and concrete finishers,12,Physical strength and stamina,3.5
47-2051,Cement masons and concrete finishers,13,Problem solving and decision making,3.3
47-2051,Cement masons and concrete finishers,14,Project management,2.9
47-2051,Cement masons and concrete finishers,15,Science,1.6
47-2051,Cement masons and concrete finishers,16,Speaking and listening,2.7
47-2051,Cement masons and concrete finishers,17,Writing and reading,2.2
47-2053,Terrazzo workers and finishers,1,Adaptability,3.3
47-2053,Terrazzo workers and finishers,2,Computers and information technology,1.5
47-2053,Terrazzo workers and finishers,3,Creativity and innovation,2.4
47-2053,Terrazzo workers and finishers,4,Critical and analytical thinking,2.6
47-2053,Terrazzo workers and finishers,5,Customer service,2.5
47-2053,Terrazzo workers and finishers,6,Detail oriented,3.7
47-2053,Terrazzo workers and finishers,7,Fine motor,3.3
47-2053,Terrazzo workers and finishers,8,Interpersonal,2.9
47-2053,Terrazzo workers and finishers,9,Leadership,3.1
47-2053,Terrazzo workers and finishers,10,Mathematics,2.5
47-2053,Terrazzo workers and finishers,11,Mechanical,2.7
47-2053,Terrazzo workers and finishers,12,Physical strength and stamina,3.3
47-2053,Terrazzo workers and finishers,13,Problem solving and decision making,2.9
47-2053,Terrazzo workers and finishers,14,Project management,2.6
47-2053,Terrazzo workers and finishers,15,Science,2.0
47-2053,Terrazzo workers and finishers,16,Speaking and listening,2.5
47-2053,Terrazzo workers and finishers,17,Writing and reading,2.1
47-2061,Construction laborers,1,Adaptability,3.2
47-2061,Construction laborers,2,Computers and information technology,1.9
47-2061,Construction laborers,3,Creativity and innovation,2.3
47-2061,Construction laborers,4,Critical and analytical thinking,2.6
47-2061,Construction laborers,5,Customer service,2.8
47-2061,Construction laborers,6,Detail oriented,3.7
47-2061,Construction laborers,7,Fine motor,3.2
47-2061,Construction laborers,8,Interpersonal,2.9
47-2061,Construction laborers,9,Leadership,3.1
47-2061,Construction laborers,10,Mathematics,2.0
47-2061,Construction laborers,11,Mechanical,3.0
47-2061,Construction laborers,12,Physical strength and stamina,3.1
47-2061,Construction laborers,13,Problem solving and decision making,3.2
47-2061,Construction laborers,14,Project management,2.7
47-2061,Construction laborers,15,Science,1.5
47-2061,Construction laborers,16,Speaking and listening,2.7
47-2061,Construction laborers,17,Writing and reading,2.7
47-2071,"Paving, surfacing, and tamping equipment operators",1,Adaptability,3.4
47-2071,"Paving, surfacing, and tamping equipment operators",2,Computers and information technology,2.0
47-2071,"Paving, surfacing, and tamping equipment operators",3,Creativity and innovation,2.5
47-2071,"Paving, surfacing, and tamping equipment operators",4,Critical and analytical thinking,2.6
47-2071,"Paving, surfacing, and tamping equipment operators",5,Customer service,2.7
47-2071,"Paving, surfacing, and tamping equipment operators",6,Detail oriented,3.6
47-2071,"Paving, surfacing, and tamping equipment operators",7,Fine motor,3.3
47-2071,"Paving, surfacing, and tamping equipment operators",8,Interpersonal,2.9
47-2071,"Paving, surfacing, and tamping equipment operators",9,Leadership,3.1
47-2071,"Paving, surfacing, and tamping equipment operators",10,Mathematics,2.2
47-2071,"Paving, surfacing, and tamping equipment operators",11,Mechanical,3.1
47-2071,"Paving, surfacing, and tamping equipment operators",12,Physical strength and stamina,3.0
47-2071,"Paving, surfacing, and tamping equipment operators",13,Problem solving and decision making,3.1
47-2071,"Paving, surfacing, and tamping equipment operators",14,Project management,2.3
47-2071,"Paving, surfacing, and tamping equipment operators",15,Science,2.0
47-2071,"Paving, surfacing, and tamping equipment operators",16,Speaking and listening,2.7
47-2071,"Paving, surfacing, and tamping equipment operators",17,Writing and reading,2.2
47-2072,Pile driver operators,1,Adaptability,3.4
47-2072,Pile driver operators,2,Computers and information technology,2.1
47-2072,Pile driver operators,3,Creativity and innovation,2.4
47-2072,Pile driver operators,4,Critical and analytical thinking,2.6
47-2072,Pile driver operators,5,Customer service,2.5
47-2072,Pile driver operators,6,Detail oriented,4.0
47-2072,Pile driver operators,7,Fine motor,3.6
47-2072,Pile driver operators,8,Interpersonal,2.9
47-2072,Pile driver operators,9,Leadership,2.8
47-2072,Pile driver operators,10,Mathematics,2.5
47-2072,Pile driver operators,11,Mechanical,3.3
47-2072,Pile driver operators,12,Physical strength and stamina,2.9
47-2072,Pile driver operators,13,Problem solving and decision making,3.4
47-2072,Pile driver operators,14,Project management,2.4
47-2072,Pile driver operators,15,Science,1.9
47-2072,Pile driver operators,16,Speaking and listening,2.8
47-2072,Pile driver operators,17,Writing and reading,2.3
47-2073,Operating engineers and other construction equipment operators,1,Adaptability,3.8
47-2073,Operating engineers and other construction equipment operators,2,Computers and information technology,1.9
47-2073,Operating engineers and other construction equipment operators,3,Creativity and innovation,2.5
47-2073,Operating engineers and other construction equipment operators,4,Critical and analytical thinking,2.8
47-2073,Operating engineers and other construction equipment operators,5,Customer service,3.0
47-2073,Operating engineers and other construction equipment operators,6,Detail oriented,4.0
47-2073,Operating engineers and other construction equipment operators,7,Fine motor,3.4
47-2073,Operating engineers and other construction equipment operators,8,Interpersonal,3.1
47-2073,Operating engineers and other construction equipment operators,9,Leadership,3.3
47-2073,Operating engineers and other construction equipment operators,10,Mathematics,2.2
47-2073,Operating engineers and other construction equipment operators,11,Mechanical,3.3
47-2073,Operating engineers and other construction equipment operators,12,Physical strength and stamina,2.7
47-2073,Operating engineers and other construction equipment operators,13,Problem solving and decision making,3.7
47-2073,Operating engineers and other construction equipment operators,14,Project management,2.8
47-2073,Operating engineers and other construction equipment operators,15,Science,1.6
47-2073,Operating engineers and other construction equipment operators,16,Speaking and listening,2.7
47-2073,Operating engineers and other construction equipment operators,17,Writing and reading,2.7
47-2081,Drywall and ceiling tile installers,1,Adaptability,3.1
47-2081,Drywall and ceiling tile installers,2,Computers and information technology,1.6
47-2081,Drywall and ceiling tile installers,3,Creativity and innovation,2.3
47-2081,Drywall and ceiling tile installers,4,Critical and analytical thinking,2.6
47-2081,Drywall and ceiling tile installers,5,Customer service,2.4
47-2081,Drywall and ceiling tile installers,6,Detail oriented,3.6
47-2081,Drywall and ceiling tile installers,7,Fine motor,3.3
47-2081,Drywall and ceiling tile installers,8,Interpersonal,2.8
47-2081,Drywall and ceiling tile installers,9,Leadership,2.8
47-2081,Drywall and ceiling tile installers,10,Mathematics,2.6
47-2081,Drywall and ceiling tile installers,11,Mechanical,2.2
47-2081,Drywall and ceiling tile installers,12,Physical strength and stamina,3.4
47-2081,Drywall and ceiling tile installers,13,Problem solving and decision making,3.1
47-2081,Drywall and ceiling tile installers,14,Project management,2.2
47-2081,Drywall and ceiling tile installers,15,Science,1.5
47-2081,Drywall and ceiling tile installers,16,Speaking and listening,2.6
47-2081,Drywall and ceiling tile installers,17,Writing and reading,2.5
47-2082,Tapers,1,Adaptability,2.8
47-2082,Tapers,2,Computers and information technology,1.2
47-2082,Tapers,3,Creativity and innovation,2.1
47-2082,Tapers,4,Critical and analytical thinking,2.3
47-2082,Tapers,5,Customer service,2.3
47-2082,Tapers,6,Detail oriented,3.1
47-2082,Tapers,7,Fine motor,2.9
47-2082,Tapers,8,Interpersonal,2.5
47-2082,Tapers,9,Leadership,2.6
47-2082,Tapers,10,Mathematics,1.8
47-2082,Tapers,11,Mechanical,2.0
47-2082,Tapers,12,Physical strength and stamina,3.0
47-2082,Tapers,13,Problem solving and decision making,2.9
47-2082,Tapers,14,Project management,1.9
47-2082,Tapers,15,Science,1.3
47-2082,Tapers,16,Speaking and listening,2.5
47-2082,Tapers,17,Writing and reading,2.2
47-2111,Electricians,1,Adaptability,3.9
47-2111,Electricians,2,Computers and information technology,2.5
47-2111,Electricians,3,Creativity and innovation,2.9
47-2111,Electricians,4,Critical and analytical thinking,3.5
47-2111,Electricians,5,Customer service,3.2
47-2111,Electricians,6,Detail oriented,3.9
47-2111,Electricians,7,Fine motor,3.6
47-2111,Electricians,8,Interpersonal,3.2
47-2111,Electricians,9,Leadership,3.7
47-2111,Electricians,10,Mathematics,3.1
47-2111,Electricians,11,Mechanical,3.4
47-2111,Electricians,12,Physical strength and stamina,3.4
47-2111,Electricians,13,Problem solving and decision making,3.8
47-2111,Electricians,14,Project management,3.3
47-2111,Electricians,15,Science,1.8
47-2111,Electricians,16,Speaking and listening,2.9
47-2111,Electricians,17,Writing and reading,3.2
47-2121,Glaziers,1,Adaptability,3.3
47-2121,Glaziers,2,Computers and information technology,2.0
47-2121,Glaziers,3,Creativity and innovation,2.5
47-2121,Glaziers,4,Critical and analytical thinking,2.8
47-2121,Glaziers,5,Customer service,2.9
47-2121,Glaziers,6,Detail oriented,3.8
47-2121,Glaziers,7,Fine motor,3.2
47-2121,Glaziers,8,Interpersonal,3.0
47-2121,Glaziers,9,Leadership,3.1
47-2121,Glaziers,10,Mathematics,2.5
47-2121,Glaziers,11,Mechanical,2.6
47-2121,Glaziers,12,Physical strength and stamina,3.1
47-2121,Glaziers,13,Problem solving and decision making,3.3
47-2121,Glaziers,14,Project management,2.6
47-2121,Glaziers,15,Science,1.6
47-2121,Glaziers,16,Speaking and listening,2.6
47-2121,Glaziers,17,Writing and reading,2.7
47-2131,"Insulation workers, floor, ceiling, and wall",1,Adaptability,3.2
47-2131,"Insulation workers, floor, ceiling, and wall",2,Computers and information technology,1.6
47-2131,"Insulation workers, floor, ceiling, and wall",3,Creativity and innovation,2.5
47-2131,"Insulation workers, floor, ceiling, and wall",4,Critical and analytical thinking,2.6
47-2131,"Insulation workers, floor, ceiling, and wall",5,Customer service,2.8
47-2131,"Insulation workers, floor, ceiling, and wall",6,Detail oriented,3.3
47-2131,"Insulation workers, floor, ceiling, and wall",7,Fine motor,3.0
47-2131,"Insulation workers, floor, ceiling, and wall",8,Interpersonal,2.9
47-2131,"Insulation workers, floor, ceiling, and wall",9,Leadership,2.9
47-2131,"Insulation workers, floor, ceiling, and wall",10,Mathematics,2.3
47-2131,"Insulation workers, floor, ceiling, and wall",11,Mechanical,2.6
47-2131,"Insulation workers, floor, ceiling, and wall",12,Physical strength and stamina,3.3
47-2131,"Insulation workers, floor, ceiling, and wall",13,Problem solving and decision making,3.1
47-2131,"Insulation workers, floor, ceiling, and wall",14,Project management,2.3
47-2131,"Insulation workers, floor, ceiling, and wall",15,Science,1.4
47-2131,"Insulation workers, floor, ceiling, and wall",16,Speaking and listening,2.5
47-2131,"Insulation workers, floor, ceiling, and wall",17,Writing and reading,2.5
47-2132,"Insulation workers, mechanical",1,Adaptability,3.7
47-2132,"Insulation workers, mechanical",2,Computers and information technology,2.1
47-2132,"Insulation workers, mechanical",3,Creativity and innovation,2.7
47-2132,"Insulation workers, mechanical",4,Critical and analytical thinking,2.7
47-2132,"Insulation workers, mechanical",5,Customer service,2.8
47-2132,"Insulation workers, mechanical",6,Detail oriented,3.4
47-2132,"Insulation workers, mechanical",7,Fine motor,3.0
47-2132,"Insulation workers, mechanical",8,Interpersonal,3.1
47-2132,"Insulation workers, mechanical",9,Leadership,3.3
47-2132,"Insulation workers, mechanical",10,Mathematics,2.5
47-2132,"Insulation workers, mechanical",11,Mechanical,2.3
47-2132,"Insulation workers, mechanical",12,Physical strength and stamina,3.3
47-2132,"Insulation workers, mechanical",13,Problem solving and decision making,3.3
47-2132,"Insulation workers, mechanical",14,Project management,2.7
47-2132,"Insulation workers, mechanical",15,Science,1.8
47-2132,"Insulation workers, mechanical",16,Speaking and listening,2.7
47-2132,"Insulation workers, mechanical",17,Writing and reading,2.5
47-2141,"Painters, construction and maintenance",1,Adaptability,3.4
47-2141,"Painters, construction and maintenance",2,Computers and information technology,2.1
47-2141,"Painters, construction and maintenance",3,Creativity and innovation,2.8
47-2141,"Painters, construction and maintenance",4,Critical and analytical thinking,2.7
47-2141,"Painters, construction and maintenance",5,Customer service,3.0
47-2141,"Painters, construction and maintenance",6,Detail oriented,3.7
47-2141,"Painters, construction and maintenance",7,Fine motor,3.0
47-2141,"Painters, construction and maintenance",8,Interpersonal,3.2
47-2141,"Painters, construction and maintenance",9,Leadership,3.4
47-2141,"Painters, construction and maintenance",10,Mathematics,2.1
47-2141,"Painters, construction and maintenance",11,Mechanical,2.1
47-2141,"Painters, construction and maintenance",12,Physical strength and stamina,3.3
47-2141,"Painters, construction and maintenance",13,Problem solving and decision making,3.2
47-2141,"Painters, construction and maintenance",14,Project management,2.8
47-2141,"Painters, construction and maintenance",15,Science,1.9
47-2141,"Painters, construction and maintenance",16,Speaking and listening,2.6
47-2141,"Painters, construction and maintenance",17,Writing and reading,2.5
47-2142,Paperhangers,1,Adaptability,3.5
47-2142,Paperhangers,2,Computers and information technology,1.7
47-2142,Paperhangers,3,Creativity and innovation,2.5
47-2142,Paperhangers,4,Critical and analytical thinking,2.5
47-2142,Paperhangers,5,Customer service,2.6
47-2142,Paperhangers,6,Detail oriented,3.5
47-2142,Paperhangers,7,Fine motor,3.0
47-2142,Paperhangers,8,Interpersonal,2.9
47-2142,Paperhangers,9,Leadership,2.7
47-2142,Paperhangers,10,Mathematics,2.3
47-2142,Paperhangers,11,Mechanical,2.0
47-2142,Paperhangers,12,Physical strength and stamina,3.2
47-2142,Paperhangers,13,Problem solving and decision making,3.2
47-2142,Paperhangers,14,Project management,2.2
47-2142,Paperhangers,15,Science,1.8
47-2142,Paperhangers,16,Speaking and listening,2.5
47-2142,Paperhangers,17,Writing and reading,2.3
47-2151,Pipelayers,1,Adaptability,3.1
47-2151,Pipelayers,2,Computers and information technology,2.0
47-2151,Pipelayers,3,Creativity and innovation,2.4
47-2151,Pipelayers,4,Critical and analytical thinking,2.6
47-2151,Pipelayers,5,Customer service,2.5
47-2151,Pipelayers,6,Detail oriented,3.6
47-2151,Pipelayers,7,Fine motor,3.0
47-2151,Pipelayers,8,Interpersonal,3.0
47-2151,Pipelayers,9,Leadership,2.9
47-2151,Pipelayers,10,Mathematics,2.2
47-2151,Pipelayers,11,Mechanical,2.9
47-2151,Pipelayers,12,Physical strength and stamina,3.0
47-2151,Pipelayers,13,Problem solving and decision making,3.2
47-2151,Pipelayers,14,Project management,2.2
47-2151,Pipelayers,15,Science,1.9
47-2151,Pipelayers,16,Speaking and listening,2.8
47-2151,Pipelayers,17,Writing and reading,2.6
47-2152,"Plumbers, pipefitters, and steamfitters",1,Adaptability,3.6
47-2152,"Plumbers, pipefitters, and steamfitters",2,Computers and information technology,2.4
47-2152,"Plumbers, pipefitters, and steamfitters",3,Creativity and innovation,2.7
47-2152,"Plumbers, pipefitters, and steamfitters",4,Critical and analytical thinking,3.1
47-2152,"Plumbers, pipefitters, and steamfitters",5,Customer service,2.8
47-2152,"Plumbers, pipefitters, and steamfitters",6,Detail oriented,3.7
47-2152,"Plumbers, pipefitters, and steamfitters",7,Fine motor,3.5
47-2152,"Plumbers, pipefitters, and steamfitters",8,Interpersonal,3.0
47-2152,"Plumbers, pipefitters, and steamfitters",9,Leadership,3.2
47-2152,"Plumbers, pipefitters, and steamfitters",10,Mathematics,2.8
47-2152,"Plumbers, pipefitters, and steamfitters",11,Mechanical,3.2
47-2152,"Plumbers, pipefitters, and steamfitters",12,Physical strength and stamina,3.2
47-2152,"Plumbers, pipefitters, and steamfitters",13,Problem solving and decision making,3.8
47-2152,"Plumbers, pipefitters, and steamfitters",14,Project management,2.7
47-2152,"Plumbers, pipefitters, and steamfitters",15,Science,2.2
47-2152,"Plumbers, pipefitters, and steamfitters",16,Speaking and listening,2.6
47-2152,"Plumbers, pipefitters, and steamfitters",17,Writing and reading,2.8
47-2161,Plasterers and stucco masons,1,Adaptability,3.3
47-2161,Plasterers and stucco masons,2,Computers and information technology,1.8
47-2161,Plasterers and stucco masons,3,Creativity and innovation,2.7
47-2161,Plasterers and stucco masons,4,Critical and analytical thinking,2.6
47-2161,Plasterers and stucco masons,5,Customer service,2.5
47-2161,Plasterers and stucco masons,6,Detail oriented,3.5
47-2161,Plasterers and stucco masons,7,Fine motor,3.3
47-2161,Plasterers and stucco masons,8,Interpersonal,3.1
47-2161,Plasterers and stucco masons,9,Leadership,3.2
47-2161,Plasterers and stucco masons,10,Mathematics,2.3
47-2161,Plasterers and stucco masons,11,Mechanical,2.4
47-2161,Plasterers and stucco masons,12,Physical strength and stamina,3.3
47-2161,Plasterers and stucco masons,13,Problem solving and decision making,3.2
47-2161,Plasterers and stucco masons,14,Project management,2.6
47-2161,Plasterers and stucco masons,15,Science,1.5
47-2161,Plasterers and stucco masons,16,Speaking and listening,2.6
47-2161,Plasterers and stucco masons,17,Writing and reading,2.6
47-2171,Reinforcing iron and rebar workers,1,Adaptability,3.3
47-2171,Reinforcing iron and rebar workers,2,Computers and information technology,1.8
47-2171,Reinforcing iron and rebar workers,3,Creativity and innovation,2.4
47-2171,Reinforcing iron and rebar workers,4,Critical and analytical thinking,2.7
47-2171,Reinforcing iron and rebar workers,5,Customer service,2.5
47-2171,Reinforcing iron and rebar workers,6,Detail oriented,3.5
47-2171,Reinforcing iron and rebar workers,7,Fine motor,3.4
47-2171,Reinforcing iron and rebar workers,8,Interpersonal,2.7
47-2171,Reinforcing iron and rebar workers,9,Leadership,3.3
47-2171,Reinforcing iron and rebar workers,10,Mathematics,2.5
47-2171,Reinforcing iron and rebar workers,11,Mechanical,2.2
47-2171,Reinforcing iron and rebar workers,12,Physical strength and stamina,3.6
47-2171,Reinforcing iron and rebar workers,13,Problem solving and decision making,3.0
47-2171,Reinforcing iron and rebar workers,14,Project management,2.5
47-2171,Reinforcing iron and rebar workers,15,Science,1.6
47-2171,Reinforcing iron and rebar workers,16,Speaking and listening,2.5
47-2171,Reinforcing iron and rebar workers,17,Writing and reading,2.3
47-2181,Roofers,1,Adaptability,3.5
47-2181,Roofers,2,Computers and information technology,1.9
47-2181,Roofers,3,Creativity and innovation,2.6
47-2181,Roofers,4,Critical and analytical thinking,2.7
47-2181,Roofers,5,Customer service,3.1
47-2181,Roofers,6,Detail oriented,3.8
47-2181,Roofers,7,Fine motor,3.1
47-2181,Roofers,8,Interpersonal,3.0
47-2181,Roofers,9,Leadership,3.4
47-2181,Roofers,10,Mathematics,2.4
47-2181,Roofers,11,Mechanical,2.6
47-2181,Roofers,12,Physical strength and stamina,3.5
47-2181,Roofers,13,Problem solving and decision making,3.2
47-2181,Roofers,14,Project management,2.7
47-2181,Roofers,15,Science,1.8
47-2181,Roofers,16,Speaking and listening,2.7
47-2181,Roofers,17,Writing and reading,2.5
47-2211,Sheet metal workers,1,Adaptability,3.4
47-2211,Sheet metal workers,2,Computers and information technology,2.5
47-2211,Sheet metal workers,3,Creativity and innovation,2.6
47-2211,Sheet metal workers,4,Critical and analytical thinking,2.9
47-2211,Sheet metal workers,5,Customer service,3.1
47-2211,Sheet metal workers,6,Detail oriented,4.0
47-2211,Sheet metal workers,7,Fine motor,3.4
47-2211,Sheet metal workers,8,Interpersonal,3.1
47-2211,Sheet metal workers,9,Leadership,3.8
47-2211,Sheet metal workers,10,Mathematics,3.2
47-2211,Sheet metal workers,11,Mechanical,3.2
47-2211,Sheet metal workers,12,Physical strength and stamina,3.1
47-2211,Sheet metal workers,13,Problem solving and decision making,3.1
47-2211,Sheet metal workers,14,Project management,2.7
47-2211,Sheet metal workers,15,Science,1.8
47-2211,Sheet metal workers,16,Speaking and listening,2.7
47-2211,Sheet metal workers,17,Writing and reading,2.7
47-2221,Structural iron and steel workers,1,Adaptability,3.6
47-2221,Structural iron and steel workers,2,Computers and information technology,1.6
47-2221,Structural iron and steel workers,3,Creativity and innovation,2.5
47-2221,Structural iron and steel workers,4,Critical and analytical thinking,2.7
47-2221,Structural iron and steel workers,5,Customer service,2.6
47-2221,Structural iron and steel workers,6,Detail oriented,3.9
47-2221,Structural iron and steel workers,7,Fine motor,3.7
47-2221,Structural iron and steel workers,8,Interpersonal,3.1
47-2221,Structural iron and steel workers,9,Leadership,3.1
47-2221,Structural iron and steel workers,10,Mathematics,2.7
47-2221,Structural iron and steel workers,11,Mechanical,2.7
47-2221,Structural iron and steel workers,12,Physical strength and stamina,3.8
47-2221,Structural iron and steel workers,13,Problem solving and decision making,3.3
47-2221,Structural iron and steel workers,14,Project management,2.4
47-2221,Structural iron and steel workers,15,Science,1.6
47-2221,Structural iron and steel workers,16,Speaking and listening,2.8
47-2221,Structural iron and steel workers,17,Writing and reading,2.6
47-2231,Solar photovoltaic installers,1,Adaptability,3.7
47-2231,Solar photovoltaic installers,2,Computers and information technology,2.8
47-2231,Solar photovoltaic installers,3,Creativity and innovation,2.5
47-2231,Solar photovoltaic installers,4,Critical and analytical thinking,3.1
47-2231,Solar photovoltaic installers,5,Customer service,3.1
47-2231,Solar photovoltaic installers,6,Detail oriented,4.0
47-2231,Solar photovoltaic installers,7,Fine motor,3.2
47-2231,Solar photovoltaic installers,8,Interpersonal,3.1
47-2231,Solar photovoltaic installers,9,Leadership,3.3
47-2231,Solar photovoltaic installers,10,Mathematics,2.8
47-2231,Solar photovoltaic installers,11,Mechanical,3.2
47-2231,Solar photovoltaic installers,12,Physical strength and stamina,3.1
47-2231,Solar photovoltaic installers,13,Problem solving and decision making,3.6
47-2231,Solar photovoltaic installers,14,Project management,2.7
47-2231,Solar photovoltaic installers,15,Science,1.8
47-2231,Solar photovoltaic installers,16,Speaking and listening,2.9
47-2231,Solar photovoltaic installers,17,Writing and reading,2.8
47-3011,"Helpers--brickmasons, blockmasons, stonemasons, and tile and marble setters",1,Adaptability,3.3
47-3011,"Helpers--brickmasons, blockmasons, stonemasons, and tile and marble setters",2,Computers and information technology,1.4
47-3011,"Helpers--brickmasons, blockmasons, stonemasons, and tile and marble setters",3,Creativity and innovation,2.4
47-3011,"Helpers--brickmasons, blockmasons, stonemasons, and tile and marble setters",4,Critical and analytical thinking,2.6
47-3011,"Helpers--brickmasons, blockmasons, stonemasons, and tile and marble setters",5,Customer service,2.4
47-3011,"Helpers--brickmasons, blockmasons, stonemasons, and tile and marble setters",6,Detail oriented,3.5
47-3011,"Helpers--brickmasons, blockmasons, stonemasons, and tile and marble setters",7,Fine motor,3.3
47-3011,"Helpers--brickmasons, blockmasons, stonemasons, and tile and marble setters",8,Interpersonal,2.8
47-3011,"Helpers--brickmasons, blockmasons, stonemasons, and tile and marble setters",9,Leadership,3.0
47-3011,"Helpers--brickmasons, blockmasons, stonemasons, and tile and marble setters",10,Mathematics,2.4
47-3011,"Helpers--brickmasons, blockmasons, stonemasons, and tile and marble setters",11,Mechanical,2.7
47-3011,"Helpers--brickmasons, blockmasons, stonemasons, and tile and marble setters",12,Physical strength and stamina,3.4
47-3011,"Helpers--brickmasons, blockmasons, stonemasons, and tile and marble setters",13,Problem solving and decision making,3.0
47-3011,"Helpers--brickmasons, blockmasons, stonemasons, and tile and marble setters",14,Project management,2.5
47-3011,"Helpers--brickmasons, blockmasons, stonemasons, and tile and marble setters",15,Science,1.6
47-3011,"Helpers--brickmasons, blockmasons, stonemasons, and tile and marble setters",16,Speaking and listening,2.5
47-3011,"Helpers--brickmasons, blockmasons, stonemasons, and tile and marble setters",17,Writing and reading,2.3
47-3012,Helpers--carpenters,1,Adaptability,3.5
47-3012,Helpers--carpenters,2,Computers and information technology,1.8
47-3012,Helpers--carpenters,3,Creativity and innovation,2.8
47-3012,Helpers--carpenters,4,Critical and analytical thinking,2.7
47-3012,Helpers--carpenters,5,Customer service,2.6
47-3012,Helpers--carpenters,6,Detail oriented,3.8
47-3012,Helpers--carpenters,7,Fine motor,3.2
47-3012,Helpers--carpenters,8,Interpersonal,2.8
47-3012,Helpers--carpenters,9,Leadership,2.8
47-3012,Helpers--carpenters,10,Mathematics,2.7
47-3012,Helpers--carpenters,11,Mechanical,3.0
47-3012,Helpers--carpenters,12,Physical strength and stamina,3.1
47-3012,Helpers--carpenters,13,Problem solving and decision making,3.3
47-3012,Helpers--carpenters,14,Project management,2.4
47-3012,Helpers--carpenters,15,Science,1.8
47-3012,Helpers--carpenters,16,Speaking and listening,2.8
47-3012,Helpers--carpenters,17,Writing and reading,2.5
47-3013,Helpers--electricians,1,Adaptability,3.6
47-3013,Helpers--electricians,2,Computers and information technology,2.5
47-3013,Helpers--electricians,3,Creativity and innovation,2.7
47-3013,Helpers--electricians,4,Critical and analytical thinking,2.9
47-3013,Helpers--electricians,5,Customer service,3.0
47-3013,Helpers--electricians,6,Detail oriented,3.7
47-3013,Helpers--electricians,7,Fine motor,3.4
47-3013,Helpers--electricians,8,Interpersonal,3.1
47-3013,Helpers--electricians,9,Leadership,3.2
47-3013,Helpers--electricians,10,Mathematics,2.5
47-3013,Helpers--electricians,11,Mechanical,3.3
47-3013,Helpers--electricians,12,Physical strength and stamina,3.2
47-3013,Helpers--electricians,13,Problem solving and decision making,3.3
47-3013,Helpers--electricians,14,Project management,2.9
47-3013,Helpers--electricians,15,Science,2.2
47-3013,Helpers--electricians,16,Speaking and listening,2.9
47-3013,Helpers--electricians,17,Writing and reading,2.6
47-3014,"Helpers--painters, paperhangers, plasterers, and stucco masons",1,Adaptability,3.1
47-3014,"Helpers--painters, paperhangers, plasterers, and stucco masons",2,Computers and information technology,1.3
47-3014,"Helpers--painters, paperhangers, plasterers, and stucco masons",3,Creativity and innovation,2.1
47-3014,"Helpers--painters, paperhangers, plasterers, and stucco masons",4,Critical and analytical thinking,2.3
47-3014,"Helpers--painters, paperhangers, plasterers, and stucco masons",5,Customer service,2.1
47-3014,"Helpers--painters, paperhangers, plasterers, and stucco masons",6,Detail oriented,3.1
47-3014,"Helpers--painters, paperhangers, plasterers, and stucco masons",7,Fine motor,2.9
47-3014,"Helpers--painters, paperhangers, plasterers, and stucco masons",8,Interpersonal,2.8
47-3014,"Helpers--painters, paperhangers, plasterers, and stucco masons",9,Leadership,2.7
47-3014,"Helpers--painters, paperhangers, plasterers, and stucco masons",10,Mathematics,1.4
47-3014,"Helpers--painters, paperhangers, plasterers, and stucco masons",11,Mechanical,2.2
47-3014,"Helpers--painters, paperhangers, plasterers, and stucco masons",12,Physical strength and stamina,3.3
47-3014,"Helpers--painters, paperhangers, plasterers, and stucco masons",13,Problem solving and decision making,2.9
47-3014,"Helpers--painters, paperhangers, plasterers, and stucco masons",14,Project management,1.8
47-3014,"Helpers--painters, paperhangers, plasterers, and stucco masons",15,Science,1.3
47-3014,"Helpers--painters, paperhangers, plasterers, and stucco masons",16,Speaking and listening,2.6
47-3014,"Helpers--painters, paperhangers, plasterers, and stucco masons",17,Writing and reading,2.1
47-3015,"Helpers--pipelayers, plumbers, pipefitters, and steamfitters",1,Adaptability,3.5
47-3015,"Helpers--pipelayers, plumbers, pipefitters, and steamfitters",2,Computers and information technology,1.7
47-3015,"Helpers--pipelayers, plumbers, pipefitters, and steamfitters",3,Creativity and innovation,2.6
47-3015,"Helpers--pipelayers, plumbers, pipefitters, and steamfitters",4,Critical and analytical thinking,2.6
47-3015,"Helpers--pipelayers, plumbers, pipefitters, and steamfitters",5,Customer service,3.0
47-3015,"Helpers--pipelayers, plumbers, pipefitters, and steamfitters",6,Detail oriented,3.4
47-3015,"Helpers--pipelayers, plumbers, pipefitters, and steamfitters",7,Fine motor,3.2
47-3015,"Helpers--pipelayers, plumbers, pipefitters, and steamfitters",8,Interpersonal,2.9
47-3015,"Helpers--pipelayers, plumbers, pipefitters, and steamfitters",9,Leadership,2.8
47-3015,"Helpers--pipelayers, plumbers, pipefitters, and steamfitters",10,Mathematics,2.5
47-3015,"Helpers--pipelayers, plumbers, pipefitters, and steamfitters",11,Mechanical,2.8
47-3015,"Helpers--pipelayers, plumbers, pipefitters, and steamfitters",12,Physical strength and stamina,3.2
47-3015,"Helpers--pipelayers, plumbers, pipefitters, and steamfitters",13,Problem solving and decision making,3.0
47-3015,"Helpers--pipelayers, plumbers, pipefitters, and steamfitters",14,Project management,2.6
47-3015,"Helpers--pipelayers, plumbers, pipefitters, and steamfitters",15,Science,1.5
47-3015,"Helpers--pipelayers, plumbers, pipefitters, and steamfitters",16,Speaking and listening,2.5
47-3015,"Helpers--pipelayers, plumbers, pipefitters, and steamfitters",17,Writing and reading,2.3
47-3016,Helpers--roofers,1,Adaptability,3.6
47-3016,Helpers--roofers,2,Computers and information technology,2.0
47-3016,Helpers--roofers,3,Creativity and innovation,2.6
47-3016,Helpers--roofers,4,Critical and analytical thinking,2.6
47-3016,Helpers--roofers,5,Customer service,2.9
47-3016,Helpers--roofers,6,Detail oriented,3.8
47-3016,Helpers--roofers,7,Fine motor,3.2
47-3016,Helpers--roofers,8,Interpersonal,3.1
47-3016,Helpers--roofers,9,Leadership,3.3
47-3016,Helpers--roofers,10,Mathematics,2.5
47-3016,Helpers--roofers,11,Mechanical,2.8
47-3016,Helpers--roofers,12,Physical strength and stamina,3.3
47-3016,Helpers--roofers,13,Problem solving and decision making,3.0
47-3016,Helpers--roofers,14,Project management,2.7
47-3016,Helpers--roofers,15,Science,1.6
47-3016,Helpers--roofers,16,Speaking and listening,2.8
47-3016,Helpers--roofers,17,Writing and reading,2.5
47-3019,"Helpers, construction trades, all other",1,Adaptability,3.5
47-3019,"Helpers, construction trades, all other",2,Computers and information technology,2.0
47-3019,"Helpers, construction trades, all other",3,Creativity and innovation,2.6
47-3019,"Helpers, construction trades, all other",4,Critical and analytical thinking,2.7
47-3019,"Helpers, construction trades, all other",5,Customer service,2.8
47-3019,"Helpers, construction trades, all other",6,Detail oriented,3.6
47-3019,"Helpers, construction trades, all other",7,Fine motor,3.3
47-3019,"Helpers, construction trades, all other",8,Interpersonal,3.0
47-3019,"Helpers, construction trades, all other",9,Leadership,3.0
47-3019,"Helpers, construction trades, all other",10,Mathematics,2.5
47-3019,"Helpers, construction trades, all other",11,Mechanical,3.0
47-3019,"Helpers, construction trades, all other",12,Physical strength and stamina,3.2
47-3019,"Helpers, construction trades, all other",13,Problem solving and decision making,3.2
47-3019,"Helpers, construction trades, all other",14,Project management,2.6
47-3019,"Helpers, construction trades, all other",15,Science,1.9
47-3019,"Helpers, construction trades, all other",16,Speaking and listening,2.7
47-3019,"Helpers, construction trades, all other",17,Writing and reading,2.4
47-4011,Construction and building inspectors,1,Adaptability,3.9
47-4011,Construction and building inspectors,2,Computers and information technology,3.6
47-4011,Construction and building inspectors,3,Creativity and innovation,2.4
47-4011,Construction and building inspectors,4,Critical and analytical thinking,3.5
47-4011,Construction and building inspectors,5,Customer service,3.5
47-4011,Construction and building inspectors,6,Detail oriented,3.8
47-4011,Construction and building inspectors,7,Fine motor,1.9
47-4011,Construction and building inspectors,8,Interpersonal,3.0
47-4011,Construction and building inspectors,9,Leadership,3.1
47-4011,Construction and building inspectors,10,Mathematics,3.1
47-4011,Construction and building inspectors,11,Mechanical,1.8
47-4011,Construction and building inspectors,12,Physical strength and stamina,2.3
47-4011,Construction and building inspectors,13,Problem solving and decision making,3.8
47-4011,Construction and building inspectors,14,Project management,2.7
47-4011,Construction and building inspectors,15,Science,2.2
47-4011,Construction and building inspectors,16,Speaking and listening,3.3
47-4011,Construction and building inspectors,17,Writing and reading,3.8
47-4021,Elevator and escalator installers and repairers,1,Adaptability,3.8
47-4021,Elevator and escalator installers and repairers,2,Computers and information technology,3.3
47-4021,Elevator and escalator installers and repairers,3,Creativity and innovation,2.6
47-4021,Elevator and escalator installers and repairers,4,Critical and analytical thinking,3.3
47-4021,Elevator and escalator installers and repairers,5,Customer service,3.3
47-4021,Elevator and escalator installers and repairers,6,Detail oriented,4.1
47-4021,Elevator and escalator installers and repairers,7,Fine motor,3.5
47-4021,Elevator and escalator installers and repairers,8,Interpersonal,2.9
47-4021,Elevator and escalator installers and repairers,9,Leadership,3.0
47-4021,Elevator and escalator installers and repairers,10,Mathematics,2.5
47-4021,Elevator and escalator installers and repairers,11,Mechanical,3.9
47-4021,Elevator and escalator installers and repairers,12,Physical strength and stamina,3.1
47-4021,Elevator and escalator installers and repairers,13,Problem solving and decision making,3.9
47-4021,Elevator and escalator installers and repairers,14,Project management,2.6
47-4021,Elevator and escalator installers and repairers,15,Science,2.1
47-4021,Elevator and escalator installers and repairers,16,Speaking and listening,2.8
47-4021,Elevator and escalator installers and repairers,17,Writing and reading,3.0
47-4031,Fence erectors,1,Adaptability,3.2
47-4031,Fence erectors,2,Computers and information technology,1.9
47-4031,Fence erectors,3,Creativity and innovation,2.4
47-4031,Fence erectors,4,Critical and analytical thinking,2.7
47-4031,Fence erectors,5,Customer service,3.0
47-4031,Fence erectors,6,Detail oriented,3.8
47-4031,Fence erectors,7,Fine motor,3.2
47-4031,Fence erectors,8,Interpersonal,3.0
47-4031,Fence erectors,9,Leadership,3.3
47-4031,Fence erectors,10,Mathematics,2.5
47-4031,Fence erectors,11,Mechanical,2.6
47-4031,Fence erectors,12,Physical strength and stamina,3.4
47-4031,Fence erectors,13,Problem solving and decision making,3.0
47-4031,Fence erectors,14,Project management,2.6
47-4031,Fence erectors,15,Science,1.7
47-4031,Fence erectors,16,Speaking and listening,2.7
47-4031,Fence erectors,17,Writing and reading,2.3
47-4041,Hazardous materials removal workers,1,Adaptability,3.8
47-4041,Hazardous materials removal workers,2,Computers and information technology,2.4
47-4041,Hazardous materials removal workers,3,Creativity and innovation,2.8
47-4041,Hazardous materials removal workers,4,Critical and analytical thinking,3.2
47-4041,Hazardous materials removal workers,5,Customer service,3.0
47-4041,Hazardous materials removal workers,6,Detail oriented,3.6
47-4041,Hazardous materials removal workers,7,Fine motor,3.2
47-4041,Hazardous materials removal workers,8,Interpersonal,3.4
47-4041,Hazardous materials removal workers,9,Leadership,3.2
47-4041,Hazardous materials removal workers,10,Mathematics,2.4
47-4041,Hazardous materials removal workers,11,Mechanical,2.8
47-4041,Hazardous materials removal workers,12,Physical strength and stamina,2.9
47-4041,Hazardous materials removal workers,13,Problem solving and decision making,3.1
47-4041,Hazardous materials removal workers,14,Project management,2.7
47-4041,Hazardous materials removal workers,15,Science,2.3
47-4041,Hazardous materials removal workers,16,Speaking and listening,3.1
47-4041,Hazardous materials removal workers,17,Writing and reading,3.1
47-4051,Highway maintenance workers,1,Adaptability,3.2
47-4051,Highway maintenance workers,2,Computers and information technology,2.4
47-4051,Highway maintenance workers,3,Creativity and innovation,2.5
47-4051,Highway maintenance workers,4,Critical and analytical thinking,2.6
47-4051,Highway maintenance workers,5,Customer service,3.6
47-4051,Highway maintenance workers,6,Detail oriented,3.8
47-4051,Highway maintenance workers,7,Fine motor,3.4
47-4051,Highway maintenance workers,8,Interpersonal,3.4
47-4051,Highway maintenance workers,9,Leadership,3.3
47-4051,Highway maintenance workers,10,Mathematics,2.3
47-4051,Highway maintenance workers,11,Mechanical,2.7
47-4051,Highway maintenance workers,12,Physical strength and stamina,3.2
47-4051,Highway maintenance workers,13,Problem solving and decision making,3.3
47-4051,Highway maintenance workers,14,Project management,2.6
47-4051,Highway maintenance workers,15,Science,1.8
47-4051,Highway maintenance workers,16,Speaking and listening,2.8
47-4051,Highway maintenance workers,17,Writing and reading,2.6
47-4061,Rail-track laying and maintenance equipment operators,1,Adaptability,3.4
47-4061,Rail-track laying and maintenance equipment operators,2,Computers and information technology,2.1
47-4061,Rail-track laying and maintenance equipment operators,3,Creativity and innovation,2.7
47-4061,Rail-track laying and maintenance equipment operators,4,Critical and analytical thinking,2.8
47-4061,Rail-track laying and maintenance equipment operators,5,Customer service,2.7
47-4061,Rail-track laying and maintenance equipment operators,6,Detail oriented,3.7
47-4061,Rail-track laying and maintenance equipment operators,7,Fine motor,3.4
47-4061,Rail-track laying and maintenance equipment operators,8,Interpersonal,3.1
47-4061,Rail-track laying and maintenance equipment operators,9,Leadership,3.3
47-4061,Rail-track laying and maintenance equipment operators,10,Mathematics,2.4
47-4061,Rail-track laying and maintenance equipment operators,11,Mechanical,3.2
47-4061,Rail-track laying and maintenance equipment operators,12,Physical strength and stamina,3.3
47-4061,Rail-track laying and maintenance equipment operators,13,Problem solving and decision making,3.4
47-4061,Rail-track laying and maintenance equipment operators,14,Project management,2.8
47-4061,Rail-track laying and maintenance equipment operators,15,Science,2.0
47-4061,Rail-track laying and maintenance equipment operators,16,Speaking and listening,2.7
47-4061,Rail-track laying and maintenance equipment operators,17,Writing and reading,2.7
47-4071,Septic tank servicers and sewer pipe cleaners,1,Adaptability,3.3
47-4071,Septic tank servicers and sewer pipe cleaners,2,Computers and information technology,2.2
47-4071,Septic tank servicers and sewer pipe cleaners,3,Creativity and innovation,2.3
47-4071,Septic tank servicers and sewer pipe cleaners,4,Critical and analytical thinking,2.7
47-4071,Septic tank servicers and sewer pipe cleaners,5,Customer service,3.3
47-4071,Septic tank servicers and sewer pipe cleaners,6,Detail oriented,3.2
47-4071,Septic tank servicers and sewer pipe cleaners,7,Fine motor,3.4
47-4071,Septic tank servicers and sewer pipe cleaners,8,Interpersonal,3.0
47-4071,Septic tank servicers and sewer pipe cleaners,9,Leadership,2.7
47-4071,Septic tank servicers and sewer pipe cleaners,10,Mathematics,2.5
47-4071,Septic tank servicers and sewer pipe cleaners,11,Mechanical,3.1
47-4071,Septic tank servicers and sewer pipe cleaners,12,Physical strength and stamina,3.1
47-4071,Septic tank servicers and sewer pipe cleaners,13,Problem solving and decision making,3.4
47-4071,Septic tank servicers and sewer pipe cleaners,14,Project management,2.4
47-4071,Septic tank servicers and sewer pipe cleaners,15,Science,2.0
47-4071,Septic tank servicers and sewer pipe cleaners,16,Speaking and listening,2.7
47-4071,Septic tank servicers and sewer pipe cleaners,17,Writing and reading,2.7
47-4090,Miscellaneous construction and related workers,1,Adaptability,3.5
47-4090,Miscellaneous construction and related workers,2,Computers and information technology,2.7
47-4090,Miscellaneous construction and related workers,3,Creativity and innovation,2.5
47-4090,Miscellaneous construction and related workers,4,Critical and analytical thinking,3.0
47-4090,Miscellaneous construction and related workers,5,Customer service,3.4
47-4090,Miscellaneous construction and related workers,6,Detail oriented,3.7
47-4090,Miscellaneous construction and related workers,7,Fine motor,2.9
47-4090,Miscellaneous construction and related workers,8,Interpersonal,3.2
47-4090,Miscellaneous construction and related workers,9,Leadership,3.2
47-4090,Miscellaneous construction and related workers,10,Mathematics,2.6
47-4090,Miscellaneous construction and related workers,11,Mechanical,2.5
47-4090,Miscellaneous construction and related workers,12,Physical strength and stamina,2.9
47-4090,Miscellaneous construction and related workers,13,Problem solving and decision making,3.5
47-4090,Miscellaneous construction and related workers,14,Project management,2.7
47-4090,Miscellaneous construction and related workers,15,Science,2.0
47-4090,Miscellaneous construction and related workers,16,Speaking and listening,3.0
47-4090,Miscellaneous construction and related workers,17,Writing and reading,3.1
47-5011,"Derrick operators, oil and gas",1,Adaptability,3.4
47-5011,"Derrick operators, oil and gas",2,Computers and information technology,2.0
47-5011,"Derrick operators, oil and gas",3,Creativity and innovation,2.3
47-5011,"Derrick operators, oil and gas",4,Critical and analytical thinking,2.8
47-5011,"Derrick operators, oil and gas",5,Customer service,2.6
47-5011,"Derrick operators, oil and gas",6,Detail oriented,3.5
47-5011,"Derrick operators, oil and gas",7,Fine motor,3.6
47-5011,"Derrick operators, oil and gas",8,Interpersonal,3.0
47-5011,"Derrick operators, oil and gas",9,Leadership,3.2
47-5011,"Derrick operators, oil and gas",10,Mathematics,2.7
47-5011,"Derrick operators, oil and gas",11,Mechanical,3.3
47-5011,"Derrick operators, oil and gas",12,Physical strength and stamina,3.6
47-5011,"Derrick operators, oil and gas",13,Problem solving and decision making,3.5
47-5011,"Derrick operators, oil and gas",14,Project management,2.4
47-5011,"Derrick operators, oil and gas",15,Science,1.9
47-5011,"Derrick operators, oil and gas",16,Speaking and listening,2.9
47-5011,"Derrick operators, oil and gas",17,Writing and reading,2.8
47-5012,"Rotary drill operators, oil and gas",1,Adaptability,3.6
47-5012,"Rotary drill operators, oil and gas",2,Computers and information technology,1.9
47-5012,"Rotary drill operators, oil and gas",3,Creativity and innovation,2.6
47-5012,"Rotary drill operators, oil and gas",4,Critical and analytical thinking,3.0
47-5012,"Rotary drill operators, oil and gas",5,Customer service,2.8
47-5012,"Rotary drill operators, oil and gas",6,Detail oriented,4.2
47-5012,"Rotary drill operators, oil and gas",7,Fine motor,3.5
47-5012,"Rotary drill operators, oil and gas",8,Interpersonal,3.1
47-5012,"Rotary drill operators, oil and gas",9,Leadership,3.7
47-5012,"Rotary drill operators, oil and gas",10,Mathematics,2.8
47-5012,"Rotary drill operators, oil and gas",11,Mechanical,3.2
47-5012,"Rotary drill operators, oil and gas",12,Physical strength and stamina,3.0
47-5012,"Rotary drill operators, oil and gas",13,Problem solving and decision making,3.7
47-5012,"Rotary drill operators, oil and gas",14,Project management,2.4
47-5012,"Rotary drill operators, oil and gas",15,Science,1.9
47-5012,"Rotary drill operators, oil and gas",16,Speaking and listening,3.1
47-5012,"Rotary drill operators, oil and gas",17,Writing and reading,3.2
47-5013,"Service unit operators, oil and gas",1,Adaptability,3.7
47-5013,"Service unit operators, oil and gas",2,Computers and information technology,2.5
47-5013,"Service unit operators, oil and gas",3,Creativity and innovation,2.5
47-5013,"Service unit operators, oil and gas",4,Critical and analytical thinking,2.9
47-5013,"Service unit operators, oil and gas",5,Customer service,2.8
47-5013,"Service unit operators, oil and gas",6,Detail oriented,4.0
47-5013,"Service unit operators, oil and gas",7,Fine motor,3.5
47-5013,"Service unit operators, oil and gas",8,Interpersonal,3.5
47-5013,"Service unit operators, oil and gas",9,Leadership,3.9
47-5013,"Service unit operators, oil and gas",10,Mathematics,3.1
47-5013,"Service unit operators, oil and gas",11,Mechanical,3.4
47-5013,"Service unit operators, oil and gas",12,Physical strength and stamina,3.2
47-5013,"Service unit operators, oil and gas",13,Problem solving and decision making,3.8
47-5013,"Service unit operators, oil and gas",14,Project management,2.8
47-5013,"Service unit operators, oil and gas",15,Science,2.2
47-5013,"Service unit operators, oil and gas",16,Speaking and listening,2.9
47-5013,"Service unit operators, oil and gas",17,Writing and reading,3.1
47-5022,"Excavating and loading machine and dragline operators, surface mining",1,Adaptability,3.4
47-5022,"Excavating and loading machine and dragline operators, surface mining",2,Computers and information technology,1.9
47-5022,"Excavating and loading machine and dragline operators, surface mining",3,Creativity and innovation,2.4
47-5022,"Excavating and loading machine and dragline operators, surface mining",4,Critical and analytical thinking,2.7
47-5022,"Excavating and loading machine and dragline operators, surface mining",5,Customer service,2.3
47-5022,"Excavating and loading machine and dragline operators, surface mining",6,Detail oriented,3.6
47-5022,"Excavating and loading machine and dragline operators, surface mining",7,Fine motor,3.8
47-5022,"Excavating and loading machine and dragline operators, surface mining",8,Interpersonal,3.1
47-5022,"Excavating and loading machine and dragline operators, surface mining",9,Leadership,3.3
47-5022,"Excavating and loading machine and dragline operators, surface mining",10,Mathematics,2.3
47-5022,"Excavating and loading machine and dragline operators, surface mining",11,Mechanical,3.3
47-5022,"Excavating and loading machine and dragline operators, surface mining",12,Physical strength and stamina,2.8
47-5022,"Excavating and loading machine and dragline operators, surface mining",13,Problem solving and decision making,3.4
47-5022,"Excavating and loading machine and dragline operators, surface mining",14,Project management,2.6
47-5022,"Excavating and loading machine and dragline operators, surface mining",15,Science,1.5
47-5022,"Excavating and loading machine and dragline operators, surface mining",16,Speaking and listening,2.7
47-5022,"Excavating and loading machine and dragline operators, surface mining",17,Writing and reading,2.9
47-5023,"Earth drillers, except oil and gas",1,Adaptability,3.5
47-5023,"Earth drillers, except oil and gas",2,Computers and information technology,1.8
47-5023,"Earth drillers, except oil and gas",3,Creativity and innovation,2.6
47-5023,"Earth drillers, except oil and gas",4,Critical and analytical thinking,2.9
47-5023,"Earth drillers, except oil and gas",5,Customer service,2.6
47-5023,"Earth drillers, except oil and gas",6,Detail oriented,3.7
47-5023,"Earth drillers, except oil and gas",7,Fine motor,3.5
47-5023,"Earth drillers, except oil and gas",8,Interpersonal,3.0
47-5023,"Earth drillers, except oil and gas",9,Leadership,3.0
47-5023,"Earth drillers, except oil and gas",10,Mathematics,2.4
47-5023,"Earth drillers, except oil and gas",11,Mechanical,3.4
47-5023,"Earth drillers, except oil and gas",12,Physical strength and stamina,2.7
47-5023,"Earth drillers, except oil and gas",13,Problem solving and decision making,3.4
47-5023,"Earth drillers, except oil and gas",14,Project management,2.6
47-5023,"Earth drillers, except oil and gas",15,Science,1.9
47-5023,"Earth drillers, except oil and gas",16,Speaking and listening,2.7
47-5023,"Earth drillers, except oil and gas",17,Writing and reading,2.9
47-5032,"Explosives workers, ordnance handling experts, and blasters",1,Adaptability,4.0
47-5032,"Explosives workers, ordnance handling experts, and blasters",2,Computers and information technology,2.6
47-5032,"Explosives workers, ordnance handling experts, and blasters",3,Creativity and innovation,2.7
47-5032,"Explosives workers, ordnance handling experts, and blasters",4,Critical and analytical thinking,3.4
47-5032,"Explosives workers, ordnance handling experts, and blasters",5,Customer service,2.8
47-5032,"Explosives workers, ordnance handling experts, and blasters",6,Detail oriented,4.2
47-5032,"Explosives workers, ordnance handling experts, and blasters",7,Fine motor,3.4
47-5032,"Explosives workers, ordnance handling experts, and blasters",8,Interpersonal,3.0
47-5032,"Explosives workers, ordnance handling experts, and blasters",9,Leadership,3.7
47-5032,"Explosives workers, ordnance handling experts, and blasters",10,Mathematics,2.9
47-5032,"Explosives workers, ordnance handling experts, and blasters",11,Mechanical,2.8
47-5032,"Explosives workers, ordnance handling experts, and blasters",12,Physical strength and stamina,3.0
47-5032,"Explosives workers, ordnance handling experts, and blasters",13,Problem solving and decision making,3.8
47-5032,"Explosives workers, ordnance handling experts, and blasters",14,Project management,2.9
47-5032,"Explosives workers, ordnance handling experts, and blasters",15,Science,2.0
47-5032,"Explosives workers, ordnance handling experts, and blasters",16,Speaking and listening,3.1
47-5032,"Explosives workers, ordnance handling experts, and blasters",17,Writing and reading,3.0
47-5041,Continuous mining machine operators,1,Adaptability,3.5
47-5041,Continuous mining machine operators,2,Computers and information technology,1.7
47-5041,Continuous mining machine operators,3,Creativity and innovation,2.4
47-5041,Continuous mining machine operators,4,Critical and analytical thinking,2.8
47-5041,Continuous mining machine operators,5,Customer service,2.1
47-5041,Continuous mining machine operators,6,Detail oriented,4.0
47-5041,Continuous mining machine operators,7,Fine motor,3.5
47-5041,Continuous mining machine operators,8,Interpersonal,3.0
47-5041,Continuous mining machine operators,9,Leadership,3.1
47-5041,Continuous mining machine operators,10,Mathematics,2.1
47-5041,Continuous mining machine operators,11,Mechanical,3.4
47-5041,Continuous mining machine operators,12,Physical strength and stamina,3.0
47-5041,Continuous mining machine operators,13,Problem solving and decision making,3.6
47-5041,Continuous mining machine operators,14,Project management,2.2
47-5041,Continuous mining machine operators,15,Science,1.7
47-5041,Continuous mining machine operators,16,Speaking and listening,2.7
47-5041,Continuous mining machine operators,17,Writing and reading,2.4
47-5043,"Roof bolters, mining",1,Adaptability,3.5
47-5043,"Roof bolters, mining",2,Computers and information technology,1.7
47-5043,"Roof bolters, mining",3,Creativity and innovation,2.1
47-5043,"Roof bolters, mining",4,Critical and analytical thinking,2.6
47-5043,"Roof bolters, mining",5,Customer service,2.2
47-5043,"Roof bolters, mining",6,Detail oriented,3.9
47-5043,"Roof bolters, mining",7,Fine motor,3.7
47-5043,"Roof bolters, mining",8,Interpersonal,2.9
47-5043,"Roof bolters, mining",9,Leadership,3.2
47-5043,"Roof bolters, mining",10,Mathematics,2.1
47-5043,"Roof bolters, mining",11,Mechanical,3.4
47-5043,"Roof bolters, mining",12,Physical strength and stamina,3.5
47-5043,"Roof bolters, mining",13,Problem solving and decision making,3.2
47-5043,"Roof bolters, mining",14,Project management,2.5
47-5043,"Roof bolters, mining",15,Science,1.6
47-5043,"Roof bolters, mining",16,Speaking and listening,2.7
47-5043,"Roof bolters, mining",17,Writing and reading,2.5
47-5044,"Loading and moving machine operators, underground mining",1,Adaptability,3.1
47-5044,"Loading and moving machine operators, underground mining",2,Computers and information technology,1.5
47-5044,"Loading and moving machine operators, underground mining",3,Creativity and innovation,2.1
47-5044,"Loading and moving machine operators, underground mining",4,Critical and analytical thinking,2.4
47-5044,"Loading and moving machine operators, underground mining",5,Customer service,2.1
47-5044,"Loading and moving machine operators, underground mining",6,Detail oriented,3.5
47-5044,"Loading and moving machine operators, underground mining",7,Fine motor,3.3
47-5044,"Loading and moving machine operators, underground mining",8,Interpersonal,2.8
47-5044,"Loading and moving machine operators, underground mining",9,Leadership,2.8
47-5044,"Loading and moving machine operators, underground mining",10,Mathematics,2.0
47-5044,"Loading and moving machine operators, underground mining",11,Mechanical,3.1
47-5044,"Loading and moving machine operators, underground mining",12,Physical strength and stamina,2.9
47-5044,"Loading and moving machine operators, underground mining",13,Problem solving and decision making,2.7
47-5044,"Loading and moving machine operators, underground mining",14,Project management,2.0
47-5044,"Loading and moving machine operators, underground mining",15,Science,1.5
47-5044,"Loading and moving machine operators, underground mining",16,Speaking and listening,2.7
47-5044,"Loading and moving machine operators, underground mining",17,Writing and reading,2.4
47-5049,"Underground mining machine operators, all other",1,Adaptability,3.4
47-5049,"Underground mining machine operators, all other",2,Computers and information technology,1.6
47-5049,"Underground mining machine operators, all other",3,Creativity and innovation,2.3
47-5049,"Underground mining machine operators, all other",4,Critical and analytical thinking,2.7
47-5049,"Underground mining machine operators, all other",5,Customer service,2.1
47-5049,"Underground mining machine operators, all other",6,Detail oriented,3.9
47-5049,"Underground mining machine operators, all other",7,Fine motor,3.5
47-5049,"Underground mining machine operators, all other",8,Interpersonal,3.0
47-5049,"Underground mining machine operators, all other",9,Leadership,3.1
47-5049,"Underground mining machine operators, all other",10,Mathematics,2.1
47-5049,"Underground mining machine operators, all other",11,Mechanical,3.3
47-5049,"Underground mining machine operators, all other",12,Physical strength and stamina,3.0
47-5049,"Underground mining machine operators, all other",13,Problem solving and decision making,3.3
47-5049,"Underground mining machine operators, all other",14,Project management,2.2
47-5049,"Underground mining machine operators, all other",15,Science,1.6
47-5049,"Underground mining machine operators, all other",16,Speaking and listening,2.7
47-5049,"Underground mining machine operators, all other",17,Writing and reading,2.4
47-5051,"Rock splitters, quarry",1,Adaptability,2.9
47-5051,"Rock splitters, quarry",2,Computers and information technology,1.7
47-5051,"Rock splitters, quarry",3,Creativity and innovation,2.3
47-5051,"Rock splitters, quarry",4,Critical and analytical thinking,2.4
47-5051,"Rock splitters, quarry",5,Customer service,1.8
47-5051,"Rock splitters, quarry",6,Detail oriented,3.3
47-5051,"Rock splitters, quarry",7,Fine motor,3.2
47-5051,"Rock splitters, quarry",8,Interpersonal,2.9
47-5051,"Rock splitters, quarry",9,Leadership,2.4
47-5051,"Rock splitters, quarry",10,Mathematics,2.1
47-5051,"Rock splitters, quarry",11,Mechanical,2.5
47-5051,"Rock splitters, quarry",12,Physical strength and stamina,3.2
47-5051,"Rock splitters, quarry",13,Problem solving and decision making,2.6
47-5051,"Rock splitters, quarry",14,Project management,1.9
47-5051,"Rock splitters, quarry",15,Science,1.8
47-5051,"Rock splitters, quarry",16,Speaking and listening,2.6
47-5051,"Rock splitters, quarry",17,Writing and reading,2.3
47-5071,"Roustabouts, oil and gas",1,Adaptability,3.1
47-5071,"Roustabouts, oil and gas",2,Computers and information technology,2.2
47-5071,"Roustabouts, oil and gas",3,Creativity and innovation,2.4
47-5071,"Roustabouts, oil and gas",4,Critical and analytical thinking,2.5
47-5071,"Roustabouts, oil and gas",5,Customer service,2.7
47-5071,"Roustabouts, oil and gas",6,Detail oriented,3.5
47-5071,"Roustabouts, oil and gas",7,Fine motor,3.3
47-5071,"Roustabouts, oil and gas",8,Interpersonal,3.0
47-5071,"Roustabouts, oil and gas",9,Leadership,3.3
47-5071,"Roustabouts, oil and gas",10,Mathematics,2.1
47-5071,"Roustabouts, oil and gas",11,Mechanical,3.0
47-5071,"Roustabouts, oil and gas",12,Physical strength and stamina,3.3
47-5071,"Roustabouts, oil and gas",13,Problem solving and decision making,3.4
47-5071,"Roustabouts, oil and gas",14,Project management,2.8
47-5071,"Roustabouts, oil and gas",15,Science,1.7
47-5071,"Roustabouts, oil and gas",16,Speaking and listening,2.6
47-5071,"Roustabouts, oil and gas",17,Writing and reading,2.2
47-5081,Helpers--extraction workers,1,Adaptability,3.4
47-5081,Helpers--extraction workers,2,Computers and information technology,2.2
47-5081,Helpers--extraction workers,3,Creativity and innovation,2.5
47-5081,Helpers--extraction workers,4,Critical and analytical thinking,2.7
47-5081,Helpers--extraction workers,5,Customer service,2.7
47-5081,Helpers--extraction workers,6,Detail oriented,3.7
47-5081,Helpers--extraction workers,7,Fine motor,3.5
47-5081,Helpers--extraction workers,8,Interpersonal,3.1
47-5081,Helpers--extraction workers,9,Leadership,3.5
47-5081,Helpers--extraction workers,10,Mathematics,2.5
47-5081,Helpers--extraction workers,11,Mechanical,3.6
47-5081,Helpers--extraction workers,12,Physical strength and stamina,3.4
47-5081,Helpers--extraction workers,13,Problem solving and decision making,3.5
47-5081,Helpers--extraction workers,14,Project management,3.0
47-5081,Helpers--extraction workers,15,Science,1.9
47-5081,Helpers--extraction workers,16,Speaking and listening,2.8
47-5081,Helpers--extraction workers,17,Writing and reading,2.8
47-5099,"Extraction workers, all other",1,Adaptability,3.4
47-5099,"Extraction workers, all other",2,Computers and information technology,2.1
47-5099,"Extraction workers, all other",3,Creativity and innovation,2.4
47-5099,"Extraction workers, all other",4,Critical and analytical thinking,2.8
47-5099,"Extraction workers, all other",5,Customer service,2.6
47-5099,"Extraction workers, all other",6,Detail oriented,3.8
47-5099,"Extraction workers, all other",7,Fine motor,3.5
47-5099,"Extraction workers, all other",8,Interpersonal,3.1
47-5099,"Extraction workers, all other",9,Leadership,3.4
47-5099,"Extraction workers, all other",10,Mathematics,2.5
47-5099,"Extraction workers, all other",11,Mechanical,3.3
47-5099,"Extraction workers, all other",12,Physical strength and stamina,3.1
47-5099,"Extraction workers, all other",13,Problem solving and decision making,3.5
47-5099,"Extraction workers, all other",14,Project management,2.6
47-5099,"Extraction workers, all other",15,Science,1.8
47-5099,"Extraction workers, all other",16,Speaking and listening,2.8
47-5099,"Extraction workers, all other",17,Writing and reading,2.7
49-1011,"First-line supervisors of mechanics, installers, and repairers",1,Adaptability,3.9
49-1011,"First-line supervisors of mechanics, installers, and repairers",2,Computers and information technology,3.4
49-1011,"First-line supervisors of mechanics, installers, and repairers",3,Creativity and innovation,2.8
49-1011,"First-line supervisors of mechanics, installers, and repairers",4,Critical and analytical thinking,3.5
49-1011,"First-line supervisors of mechanics, installers, and repairers",5,Customer service,3.0
49-1011,"First-line supervisors of mechanics, installers, and repairers",6,Detail oriented,3.6
49-1011,"First-line supervisors of mechanics, installers, and repairers",7,Fine motor,3.0
49-1011,"First-line supervisors of mechanics, installers, and repairers",8,Interpersonal,3.3
49-1011,"First-line supervisors of mechanics, installers, and repairers",9,Leadership,3.9
49-1011,"First-line supervisors of mechanics, installers, and repairers",10,Mathematics,3.0
49-1011,"First-line supervisors of mechanics, installers, and repairers",11,Mechanical,3.2
49-1011,"First-line supervisors of mechanics, installers, and repairers",12,Physical strength and stamina,2.5
49-1011,"First-line supervisors of mechanics, installers, and repairers",13,Problem solving and decision making,3.8
49-1011,"First-line supervisors of mechanics, installers, and repairers",14,Project management,3.4
49-1011,"First-line supervisors of mechanics, installers, and repairers",15,Science,1.9
49-1011,"First-line supervisors of mechanics, installers, and repairers",16,Speaking and listening,3.4
49-1011,"First-line supervisors of mechanics, installers, and repairers",17,Writing and reading,3.5
49-2011,"Computer, automated teller, and office machine repairers",1,Adaptability,3.6
49-2011,"Computer, automated teller, and office machine repairers",2,Computers and information technology,3.6
49-2011,"Computer, automated teller, and office machine repairers",3,Creativity and innovation,2.6
49-2011,"Computer, automated teller, and office machine repairers",4,Critical and analytical thinking,3.1
49-2011,"Computer, automated teller, and office machine repairers",5,Customer service,3.2
49-2011,"Computer, automated teller, and office machine repairers",6,Detail oriented,3.5
49-2011,"Computer, automated teller, and office machine repairers",7,Fine motor,3.2
49-2011,"Computer, automated teller, and office machine repairers",8,Interpersonal,2.6
49-2011,"Computer, automated teller, and office machine repairers",9,Leadership,2.3
49-2011,"Computer, automated teller, and office machine repairers",10,Mathematics,1.9
49-2011,"Computer, automated teller, and office machine repairers",11,Mechanical,3.4
49-2011,"Computer, automated teller, and office machine repairers",12,Physical strength and stamina,2.3
49-2011,"Computer, automated teller, and office machine repairers",13,Problem solving and decision making,3.6
49-2011,"Computer, automated teller, and office machine repairers",14,Project management,2.5
49-2011,"Computer, automated teller, and office machine repairers",15,Science,1.5
49-2011,"Computer, automated teller, and office machine repairers",16,Speaking and listening,3.1
49-2011,"Computer, automated teller, and office machine repairers",17,Writing and reading,3.0
49-2021,"Radio, cellular, and tower equipment installers and repairers",1,Adaptability,3.9
49-2021,"Radio, cellular, and tower equipment installers and repairers",2,Computers and information technology,3.7
49-2021,"Radio, cellular, and tower equipment installers and repairers",3,Creativity and innovation,2.8
49-2021,"Radio, cellular, and tower equipment installers and repairers",4,Critical and analytical thinking,3.0
49-2021,"Radio, cellular, and tower equipment installers and repairers",5,Customer service,3.0
49-2021,"Radio, cellular, and tower equipment installers and repairers",6,Detail oriented,3.8
49-2021,"Radio, cellular, and tower equipment installers and repairers",7,Fine motor,3.3
49-2021,"Radio, cellular, and tower equipment installers and repairers",8,Interpersonal,3.2
49-2021,"Radio, cellular, and tower equipment installers and repairers",9,Leadership,3.3
49-2021,"Radio, cellular, and tower equipment installers and repairers",10,Mathematics,2.7
49-2021,"Radio, cellular, and tower equipment installers and repairers",11,Mechanical,3.4
49-2021,"Radio, cellular, and tower equipment installers and repairers",12,Physical strength and stamina,2.8
49-2021,"Radio, cellular, and tower equipment installers and repairers",13,Problem solving and decision making,3.5
49-2021,"Radio, cellular, and tower equipment installers and repairers",14,Project management,2.8
49-2021,"Radio, cellular, and tower equipment installers and repairers",15,Science,1.8
49-2021,"Radio, cellular, and tower equipment installers and repairers",16,Speaking and listening,3.0
49-2021,"Radio, cellular, and tower equipment installers and repairers",17,Writing and reading,3.2
49-2022,"Telecommunications equipment installers and repairers, except line installers",1,Adaptability,3.8
49-2022,"Telecommunications equipment installers and repairers, except line installers",2,Computers and information technology,3.8
49-2022,"Telecommunications equipment installers and repairers, except line installers",3,Creativity and innovation,2.7
49-2022,"Telecommunications equipment installers and repairers, except line installers",4,Critical and analytical thinking,3.3
49-2022,"Telecommunications equipment installers and repairers, except line installers",5,Customer service,3.5
49-2022,"Telecommunications equipment installers and repairers, except line installers",6,Detail oriented,3.5
49-2022,"Telecommunications equipment installers and repairers, except line installers",7,Fine motor,3.3
49-2022,"Telecommunications equipment installers and repairers, except line installers",8,Interpersonal,3.3
49-2022,"Telecommunications equipment installers and repairers, except line installers",9,Leadership,2.7
49-2022,"Telecommunications equipment installers and repairers, except line installers",10,Mathematics,2.8
49-2022,"Telecommunications equipment installers and repairers, except line installers",11,Mechanical,3.4
49-2022,"Telecommunications equipment installers and repairers, except line installers",12,Physical strength and stamina,3.0
49-2022,"Telecommunications equipment installers and repairers, except line installers",13,Problem solving and decision making,3.9
49-2022,"Telecommunications equipment installers and repairers, except line installers",14,Project management,2.3
49-2022,"Telecommunications equipment installers and repairers, except line installers",15,Science,1.8
49-2022,"Telecommunications equipment installers and repairers, except line installers",16,Speaking and listening,3.2
49-2022,"Telecommunications equipment installers and repairers, except line installers",17,Writing and reading,3.2
49-2091,Avionics technicians,1,Adaptability,3.9
49-2091,Avionics technicians,2,Computers and information technology,3.7
49-2091,Avionics technicians,3,Creativity and innovation,2.8
49-2091,Avionics technicians,4,Critical and analytical thinking,3.4
49-2091,Avionics technicians,5,Customer service,2.7
49-2091,Avionics technicians,6,Detail oriented,4.0
49-2091,Avionics technicians,7,Fine motor,3.3
49-2091,Avionics technicians,8,Interpersonal,3.1
49-2091,Avionics technicians,9,Leadership,3.1
49-2091,Avionics technicians,10,Mathematics,2.6
49-2091,Avionics technicians,11,Mechanical,3.5
49-2091,Avionics technicians,12,Physical strength and stamina,2.4
49-2091,Avionics technicians,13,Problem solving and decision making,3.6
49-2091,Avionics technicians,14,Project management,2.5
49-2091,Avionics technicians,15,Science,2.4
49-2091,Avionics technicians,16,Speaking and listening,3.0
49-2091,Avionics technicians,17,Writing and reading,3.5
49-2092,"Electric motor, power tool, and related repairers",1,Adaptability,3.7
49-2092,"Electric motor, power tool, and related repairers",2,Computers and information technology,2.7
49-2092,"Electric motor, power tool, and related repairers",3,Creativity and innovation,2.7
49-2092,"Electric motor, power tool, and related repairers",4,Critical and analytical thinking,3.1
49-2092,"Electric motor, power tool, and related repairers",5,Customer service,2.7
49-2092,"Electric motor, power tool, and related repairers",6,Detail oriented,3.9
49-2092,"Electric motor, power tool, and related repairers",7,Fine motor,3.6
49-2092,"Electric motor, power tool, and related repairers",8,Interpersonal,3.0
49-2092,"Electric motor, power tool, and related repairers",9,Leadership,3.3
49-2092,"Electric motor, power tool, and related repairers",10,Mathematics,2.7
49-2092,"Electric motor, power tool, and related repairers",11,Mechanical,3.8
49-2092,"Electric motor, power tool, and related repairers",12,Physical strength and stamina,2.8
49-2092,"Electric motor, power tool, and related repairers",13,Problem solving and decision making,3.7
49-2092,"Electric motor, power tool, and related repairers",14,Project management,2.8
49-2092,"Electric motor, power tool, and related repairers",15,Science,1.9
49-2092,"Electric motor, power tool, and related repairers",16,Speaking and listening,2.6
49-2092,"Electric motor, power tool, and related repairers",17,Writing and reading,3.1
49-2093,"Electrical and electronics installers and repairers, transportation equipment",1,Adaptability,3.7
49-2093,"Electrical and electronics installers and repairers, transportation equipment",2,Computers and information technology,3.2
49-2093,"Electrical and electronics installers and repairers, transportation equipment",3,Creativity and innovation,2.9
49-2093,"Electrical and electronics installers and repairers, transportation equipment",4,Critical and analytical thinking,3.2
49-2093,"Electrical and electronics installers and repairers, transportation equipment",5,Customer service,2.5
49-2093,"Electrical and electronics installers and repairers, transportation equipment",6,Detail oriented,3.9
49-2093,"Electrical and electronics installers and repairers, transportation equipment",7,Fine motor,3.3
49-2093,"Electrical and electronics installers and repairers, transportation equipment",8,Interpersonal,3.1
49-2093,"Electrical and electronics installers and repairers, transportation equipment",9,Leadership,3.2
49-2093,"Electrical and electronics installers and repairers, transportation equipment",10,Mathematics,2.6
49-2093,"Electrical and electronics installers and repairers, transportation equipment",11,Mechanical,3.2
49-2093,"Electrical and electronics installers and repairers, transportation equipment",12,Physical strength and stamina,2.8
49-2093,"Electrical and electronics installers and repairers, transportation equipment",13,Problem solving and decision making,3.3
49-2093,"Electrical and electronics installers and repairers, transportation equipment",14,Project management,2.5
49-2093,"Electrical and electronics installers and repairers, transportation equipment",15,Science,2.2
49-2093,"Electrical and electronics installers and repairers, transportation equipment",16,Speaking and listening,2.8
49-2093,"Electrical and electronics installers and repairers, transportation equipment",17,Writing and reading,2.9
49-2094,"Electrical and electronics repairers, commercial and industrial equipment",1,Adaptability,3.7
49-2094,"Electrical and electronics repairers, commercial and industrial equipment",2,Computers and information technology,3.8
49-2094,"Electrical and electronics repairers, commercial and industrial equipment",3,Creativity and innovation,2.8
49-2094,"Electrical and electronics repairers, commercial and industrial equipment",4,Critical and analytical thinking,3.4
49-2094,"Electrical and electronics repairers, commercial and industrial equipment",5,Customer service,2.6
49-2094,"Electrical and electronics repairers, commercial and industrial equipment",6,Detail oriented,3.8
49-2094,"Electrical and electronics repairers, commercial and industrial equipment",7,Fine motor,3.3
49-2094,"Electrical and electronics repairers, commercial and industrial equipment",8,Interpersonal,3.2
49-2094,"Electrical and electronics repairers, commercial and industrial equipment",9,Leadership,2.9
49-2094,"Electrical and electronics repairers, commercial and industrial equipment",10,Mathematics,3.0
49-2094,"Electrical and electronics repairers, commercial and industrial equipment",11,Mechanical,3.5
49-2094,"Electrical and electronics repairers, commercial and industrial equipment",12,Physical strength and stamina,2.5
49-2094,"Electrical and electronics repairers, commercial and industrial equipment",13,Problem solving and decision making,3.5
49-2094,"Electrical and electronics repairers, commercial and industrial equipment",14,Project management,2.5
49-2094,"Electrical and electronics repairers, commercial and industrial equipment",15,Science,2.4
49-2094,"Electrical and electronics repairers, commercial and industrial equipment",16,Speaking and listening,3.0
49-2094,"Electrical and electronics repairers, commercial and industrial equipment",17,Writing and reading,3.1
49-2095,"Electrical and electronics repairers, powerhouse, substation, and relay",1,Adaptability,3.9
49-2095,"Electrical and electronics repairers, powerhouse, substation, and relay",2,Computers and information technology,3.6
49-2095,"Electrical and electronics repairers, powerhouse, substation, and relay",3,Creativity and innovation,2.7
49-2095,"Electrical and electronics repairers, powerhouse, substation, and relay",4,Critical and analytical thinking,3.4
49-2095,"Electrical and electronics repairers, powerhouse, substation, and relay",5,Customer service,2.4
49-2095,"Electrical and electronics repairers, powerhouse, substation, and relay",6,Detail oriented,4.3
49-2095,"Electrical and electronics repairers, powerhouse, substation, and relay",7,Fine motor,3.2
49-2095,"Electrical and electronics repairers, powerhouse, substation, and relay",8,Interpersonal,3.2
49-2095,"Electrical and electronics repairers, powerhouse, substation, and relay",9,Leadership,3.0
49-2095,"Electrical and electronics repairers, powerhouse, substation, and relay",10,Mathematics,3.0
49-2095,"Electrical and electronics repairers, powerhouse, substation, and relay",11,Mechanical,3.5
49-2095,"Electrical and electronics repairers, powerhouse, substation, and relay",12,Physical strength and stamina,2.6
49-2095,"Electrical and electronics repairers, powerhouse, substation, and relay",13,Problem solving and decision making,3.6
49-2095,"Electrical and electronics repairers, powerhouse, substation, and relay",14,Project management,2.6
49-2095,"Electrical and electronics repairers, powerhouse, substation, and relay",15,Science,2.6
49-2095,"Electrical and electronics repairers, powerhouse, substation, and relay",16,Speaking and listening,2.9
49-2095,"Electrical and electronics repairers, powerhouse, substation, and relay",17,Writing and reading,3.2
49-2096,"Electronic equipment installers and repairers, motor vehicles",1,Adaptability,3.7
49-2096,"Electronic equipment installers and repairers, motor vehicles",2,Computers and information technology,3.2
49-2096,"Electronic equipment installers and repairers, motor vehicles",3,Creativity and innovation,2.9
49-2096,"Electronic equipment installers and repairers, motor vehicles",4,Critical and analytical thinking,3.2
49-2096,"Electronic equipment installers and repairers, motor vehicles",5,Customer service,3.3
49-2096,"Electronic equipment installers and repairers, motor vehicles",6,Detail oriented,4.1
49-2096,"Electronic equipment installers and repairers, motor vehicles",7,Fine motor,3.5
49-2096,"Electronic equipment installers and repairers, motor vehicles",8,Interpersonal,3.1
49-2096,"Electronic equipment installers and repairers, motor vehicles",9,Leadership,3.1
49-2096,"Electronic equipment installers and repairers, motor vehicles",10,Mathematics,2.6
49-2096,"Electronic equipment installers and repairers, motor vehicles",11,Mechanical,3.3
49-2096,"Electronic equipment installers and repairers, motor vehicles",12,Physical strength and stamina,2.9
49-2096,"Electronic equipment installers and repairers, motor vehicles",13,Problem solving and decision making,3.5
49-2096,"Electronic equipment installers and repairers, motor vehicles",14,Project management,2.6
49-2096,"Electronic equipment installers and repairers, motor vehicles",15,Science,1.8
49-2096,"Electronic equipment installers and repairers, motor vehicles",16,Speaking and listening,2.9
49-2096,"Electronic equipment installers and repairers, motor vehicles",17,Writing and reading,3.1
49-2097,Audiovisual equipment installers and repairers,1,Adaptability,3.5
49-2097,Audiovisual equipment installers and repairers,2,Computers and information technology,3.6
49-2097,Audiovisual equipment installers and repairers,3,Creativity and innovation,2.8
49-2097,Audiovisual equipment installers and repairers,4,Critical and analytical thinking,3.1
49-2097,Audiovisual equipment installers and repairers,5,Customer service,3.3
49-2097,Audiovisual equipment installers and repairers,6,Detail oriented,3.4
49-2097,Audiovisual equipment installers and repairers,7,Fine motor,3.1
49-2097,Audiovisual equipment installers and repairers,8,Interpersonal,2.9
49-2097,Audiovisual equipment installers and repairers,9,Leadership,3.0
49-2097,Audiovisual equipment installers and repairers,10,Mathematics,2.5
49-2097,Audiovisual equipment installers and repairers,11,Mechanical,3.2
49-2097,Audiovisual equipment installers and repairers,12,Physical strength and stamina,2.6
49-2097,Audiovisual equipment installers and repairers,13,Problem solving and decision making,3.3
49-2097,Audiovisual equipment installers and repairers,14,Project management,2.7
49-2097,Audiovisual equipment installers and repairers,15,Science,1.5
49-2097,Audiovisual equipment installers and repairers,16,Speaking and listening,3.0
49-2097,Audiovisual equipment installers and repairers,17,Writing and reading,3.0
49-2098,Security and fire alarm systems installers,1,Adaptability,4.0
49-2098,Security and fire alarm systems installers,2,Computers and information technology,3.4
49-2098,Security and fire alarm systems installers,3,Creativity and innovation,2.7
49-2098,Security and fire alarm systems installers,4,Critical and analytical thinking,3.1
49-2098,Security and fire alarm systems installers,5,Customer service,3.2
49-2098,Security and fire alarm systems installers,6,Detail oriented,3.8
49-2098,Security and fire alarm systems installers,7,Fine motor,3.0
49-2098,Security and fire alarm systems installers,8,Interpersonal,3.1
49-2098,Security and fire alarm systems installers,9,Leadership,2.9
49-2098,Security and fire alarm systems installers,10,Mathematics,2.3
49-2098,Security and fire alarm systems installers,11,Mechanical,3.1
49-2098,Security and fire alarm systems installers,12,Physical strength and stamina,2.7
49-2098,Security and fire alarm systems installers,13,Problem solving and decision making,3.8
49-2098,Security and fire alarm systems installers,14,Project management,2.4
49-2098,Security and fire alarm systems installers,15,Science,1.6
49-2098,Security and fire alarm systems installers,16,Speaking and listening,3.1
49-2098,Security and fire alarm systems installers,17,Writing and reading,3.0
49-3011,Aircraft mechanics and service technicians,1,Adaptability,4.0
49-3011,Aircraft mechanics and service technicians,2,Computers and information technology,3.3
49-3011,Aircraft mechanics and service technicians,3,Creativity and innovation,2.6
49-3011,Aircraft mechanics and service technicians,4,Critical and analytical thinking,3.6
49-3011,Aircraft mechanics and service technicians,5,Customer service,2.7
49-3011,Aircraft mechanics and service technicians,6,Detail oriented,4.0
49-3011,Aircraft mechanics and service technicians,7,Fine motor,3.8
49-3011,Aircraft mechanics and service technicians,8,Interpersonal,3.0
49-3011,Aircraft mechanics and service technicians,9,Leadership,3.1
49-3011,Aircraft mechanics and service technicians,10,Mathematics,2.8
49-3011,Aircraft mechanics and service technicians,11,Mechanical,4.1
49-3011,Aircraft mechanics and service technicians,12,Physical strength and stamina,3.1
49-3011,Aircraft mechanics and service technicians,13,Problem solving and decision making,4.0
49-3011,Aircraft mechanics and service technicians,14,Project management,2.8
49-3011,Aircraft mechanics and service technicians,15,Science,2.4
49-3011,Aircraft mechanics and service technicians,16,Speaking and listening,3.0
49-3011,Aircraft mechanics and service technicians,17,Writing and reading,3.6
49-3021,Automotive body and related repairers,1,Adaptability,3.6
49-3021,Automotive body and related repairers,2,Computers and information technology,2.1
49-3021,Automotive body and related repairers,3,Creativity and innovation,3.0
49-3021,Automotive body and related repairers,4,Critical and analytical thinking,2.9
49-3021,Automotive body and related repairers,5,Customer service,2.5
49-3021,Automotive body and related repairers,6,Detail oriented,4.0
49-3021,Automotive body and related repairers,7,Fine motor,3.5
49-3021,Automotive body and related repairers,8,Interpersonal,2.9
49-3021,Automotive body and related repairers,9,Leadership,2.9
49-3021,Automotive body and related repairers,10,Mathematics,2.3
49-3021,Automotive body and related repairers,11,Mechanical,3.0
49-3021,Automotive body and related repairers,12,Physical strength and stamina,3.0
49-3021,Automotive body and related repairers,13,Problem solving and decision making,3.4
49-3021,Automotive body and related repairers,14,Project management,2.8
49-3021,Automotive body and related repairers,15,Science,1.7
49-3021,Automotive body and related repairers,16,Speaking and listening,2.7
49-3021,Automotive body and related repairers,17,Writing and reading,2.6
49-3022,Automotive glass installers and repairers,1,Adaptability,3.5
49-3022,Automotive glass installers and repairers,2,Computers and information technology,2.0
49-3022,Automotive glass installers and repairers,3,Creativity and innovation,2.3
49-3022,Automotive glass installers and repairers,4,Critical and analytical thinking,2.5
49-3022,Automotive glass installers and repairers,5,Customer service,3.1
49-3022,Automotive glass installers and repairers,6,Detail oriented,3.6
49-3022,Automotive glass installers and repairers,7,Fine motor,3.0
49-3022,Automotive glass installers and repairers,8,Interpersonal,2.9
49-3022,Automotive glass installers and repairers,9,Leadership,2.3
49-3022,Automotive glass installers and repairers,10,Mathematics,2.1
49-3022,Automotive glass installers and repairers,11,Mechanical,2.7
49-3022,Automotive glass installers and repairers,12,Physical strength and stamina,2.8
49-3022,Automotive glass installers and repairers,13,Problem solving and decision making,3.0
49-3022,Automotive glass installers and repairers,14,Project management,2.0
49-3022,Automotive glass installers and repairers,15,Science,1.5
49-3022,Automotive glass installers and repairers,16,Speaking and listening,2.5
49-3022,Automotive glass installers and repairers,17,Writing and reading,2.5
49-3023,Automotive service technicians and mechanics,1,Adaptability,3.5
49-3023,Automotive service technicians and mechanics,2,Computers and information technology,2.9
49-3023,Automotive service technicians and mechanics,3,Creativity and innovation,2.5
49-3023,Automotive service technicians and mechanics,4,Critical and analytical thinking,3.2
49-3023,Automotive service technicians and mechanics,5,Customer service,3.1
49-3023,Automotive service technicians and mechanics,6,Detail oriented,3.9
49-3023,Automotive service technicians and mechanics,7,Fine motor,3.8
49-3023,Automotive service technicians and mechanics,8,Interpersonal,2.8
49-3023,Automotive service technicians and mechanics,9,Leadership,2.7
49-3023,Automotive service technicians and mechanics,10,Mathematics,2.3
49-3023,Automotive service technicians and mechanics,11,Mechanical,3.7
49-3023,Automotive service technicians and mechanics,12,Physical strength and stamina,2.9
49-3023,Automotive service technicians and mechanics,13,Problem solving and decision making,3.8
49-3023,Automotive service technicians and mechanics,14,Project management,2.4
49-3023,Automotive service technicians and mechanics,15,Science,1.9
49-3023,Automotive service technicians and mechanics,16,Speaking and listening,2.7
49-3023,Automotive service technicians and mechanics,17,Writing and reading,3.0
49-3031,Bus and truck mechanics and diesel engine specialists,1,Adaptability,3.6
49-3031,Bus and truck mechanics and diesel engine specialists,2,Computers and information technology,3.1
49-3031,Bus and truck mechanics and diesel engine specialists,3,Creativity and innovation,2.6
49-3031,Bus and truck mechanics and diesel engine specialists,4,Critical and analytical thinking,3.2
49-3031,Bus and truck mechanics and diesel engine specialists,5,Customer service,2.5
49-3031,Bus and truck mechanics and diesel engine specialists,6,Detail oriented,3.8
49-3031,Bus and truck mechanics and diesel engine specialists,7,Fine motor,3.7
49-3031,Bus and truck mechanics and diesel engine specialists,8,Interpersonal,2.9
49-3031,Bus and truck mechanics and diesel engine specialists,9,Leadership,2.8
49-3031,Bus and truck mechanics and diesel engine specialists,10,Mathematics,2.3
49-3031,Bus and truck mechanics and diesel engine specialists,11,Mechanical,3.8
49-3031,Bus and truck mechanics and diesel engine specialists,12,Physical strength and stamina,3.2
49-3031,Bus and truck mechanics and diesel engine specialists,13,Problem solving and decision making,3.7
49-3031,Bus and truck mechanics and diesel engine specialists,14,Project management,2.4
49-3031,Bus and truck mechanics and diesel engine specialists,15,Science,2.4
49-3031,Bus and truck mechanics and diesel engine specialists,16,Speaking and listening,2.8
49-3031,Bus and truck mechanics and diesel engine specialists,17,Writing and reading,2.8
49-3041,Farm equipment mechanics and service technicians,1,Adaptability,3.9
49-3041,Farm equipment mechanics and service technicians,2,Computers and information technology,3.2
49-3041,Farm equipment mechanics and service technicians,3,Creativity and innovation,2.4
49-3041,Farm equipment mechanics and service technicians,4,Critical and analytical thinking,3.2
49-3041,Farm equipment mechanics and service technicians,5,Customer service,3.1
49-3041,Farm equipment mechanics and service technicians,6,Detail oriented,3.9
49-3041,Farm equipment mechanics and service technicians,7,Fine motor,3.9
49-3041,Farm equipment mechanics and service technicians,8,Interpersonal,3.0
49-3041,Farm equipment mechanics and service technicians,9,Leadership,2.7
49-3041,Farm equipment mechanics and service technicians,10,Mathematics,2.8
49-3041,Farm equipment mechanics and service technicians,11,Mechanical,4.0
49-3041,Farm equipment mechanics and service technicians,12,Physical strength and stamina,3.3
49-3041,Farm equipment mechanics and service technicians,13,Problem solving and decision making,3.7
49-3041,Farm equipment mechanics and service technicians,14,Project management,2.6
49-3041,Farm equipment mechanics and service technicians,15,Science,2.2
49-3041,Farm equipment mechanics and service technicians,16,Speaking and listening,2.8
49-3041,Farm equipment mechanics and service technicians,17,Writing and reading,3.2
49-3042,"Mobile heavy equipment mechanics, except engines",1,Adaptability,3.5
49-3042,"Mobile heavy equipment mechanics, except engines",2,Computers and information technology,3.2
49-3042,"Mobile heavy equipment mechanics, except engines",3,Creativity and innovation,2.8
49-3042,"Mobile heavy equipment mechanics, except engines",4,Critical and analytical thinking,3.1
49-3042,"Mobile heavy equipment mechanics, except engines",5,Customer service,2.8
49-3042,"Mobile heavy equipment mechanics, except engines",6,Detail oriented,3.9
49-3042,"Mobile heavy equipment mechanics, except engines",7,Fine motor,3.9
49-3042,"Mobile heavy equipment mechanics, except engines",8,Interpersonal,3.1
49-3042,"Mobile heavy equipment mechanics, except engines",9,Leadership,2.9
49-3042,"Mobile heavy equipment mechanics, except engines",10,Mathematics,2.9
49-3042,"Mobile heavy equipment mechanics, except engines",11,Mechanical,4.0
49-3042,"Mobile heavy equipment mechanics, except engines",12,Physical strength and stamina,3.3
49-3042,"Mobile heavy equipment mechanics, except engines",13,Problem solving and decision making,3.7
49-3042,"Mobile heavy equipment mechanics, except engines",14,Project management,2.7
49-3042,"Mobile heavy equipment mechanics, except engines",15,Science,2.0
49-3042,"Mobile heavy equipment mechanics, except engines",16,Speaking and listening,2.7
49-3042,"Mobile heavy equipment mechanics, except engines",17,Writing and reading,3.1
49-3043,Rail car repairers,1,Adaptability,3.3
49-3043,Rail car repairers,2,Computers and information technology,2.2
49-3043,Rail car repairers,3,Creativity and innovation,2.7
49-3043,Rail car repairers,4,Critical and analytical thinking,2.8
49-3043,Rail car repairers,5,Customer service,2.4
49-3043,Rail car repairers,6,Detail oriented,3.6
49-3043,Rail car repairers,7,Fine motor,3.7
49-3043,Rail car repairers,8,Interpersonal,2.9
49-3043,Rail car repairers,9,Leadership,2.9
49-3043,Rail car repairers,10,Mathematics,2.4
49-3043,Rail car repairers,11,Mechanical,3.5
49-3043,Rail car repairers,12,Physical strength and stamina,3.3
49-3043,Rail car repairers,13,Problem solving and decision making,3.2
49-3043,Rail car repairers,14,Project management,2.5
49-3043,Rail car repairers,15,Science,1.7
49-3043,Rail car repairers,16,Speaking and listening,2.6
49-3043,Rail car repairers,17,Writing and reading,2.7
49-3051,Motorboat mechanics and service technicians,1,Adaptability,3.5
49-3051,Motorboat mechanics and service technicians,2,Computers and information technology,2.8
49-3051,Motorboat mechanics and service technicians,3,Creativity and innovation,2.5
49-3051,Motorboat mechanics and service technicians,4,Critical and analytical thinking,3.1
49-3051,Motorboat mechanics and service technicians,5,Customer service,3.2
49-3051,Motorboat mechanics and service technicians,6,Detail oriented,3.8
49-3051,Motorboat mechanics and service technicians,7,Fine motor,3.5
49-3051,Motorboat mechanics and service technicians,8,Interpersonal,2.9
49-3051,Motorboat mechanics and service technicians,9,Leadership,2.6
49-3051,Motorboat mechanics and service technicians,10,Mathematics,2.5
49-3051,Motorboat mechanics and service technicians,11,Mechanical,3.6
49-3051,Motorboat mechanics and service technicians,12,Physical strength and stamina,2.9
49-3051,Motorboat mechanics and service technicians,13,Problem solving and decision making,3.6
49-3051,Motorboat mechanics and service technicians,14,Project management,2.5
49-3051,Motorboat mechanics and service technicians,15,Science,2.3
49-3051,Motorboat mechanics and service technicians,16,Speaking and listening,2.7
49-3051,Motorboat mechanics and service technicians,17,Writing and reading,2.7
49-3052,Motorcycle mechanics,1,Adaptability,3.9
49-3052,Motorcycle mechanics,2,Computers and information technology,3.1
49-3052,Motorcycle mechanics,3,Creativity and innovation,2.8
49-3052,Motorcycle mechanics,4,Critical and analytical thinking,3.3
49-3052,Motorcycle mechanics,5,Customer service,3.2
49-3052,Motorcycle mechanics,6,Detail oriented,4.3
49-3052,Motorcycle mechanics,7,Fine motor,3.6
49-3052,Motorcycle mechanics,8,Interpersonal,3.1
49-3052,Motorcycle mechanics,9,Leadership,2.8
49-3052,Motorcycle mechanics,10,Mathematics,2.4
49-3052,Motorcycle mechanics,11,Mechanical,3.7
49-3052,Motorcycle mechanics,12,Physical strength and stamina,3.0
49-3052,Motorcycle mechanics,13,Problem solving and decision making,3.8
49-3052,Motorcycle mechanics,14,Project management,2.8
49-3052,Motorcycle mechanics,15,Science,1.9
49-3052,Motorcycle mechanics,16,Speaking and listening,2.9
49-3052,Motorcycle mechanics,17,Writing and reading,2.9
49-3053,Outdoor power equipment and other small engine mechanics,1,Adaptability,3.6
49-3053,Outdoor power equipment and other small engine mechanics,2,Computers and information technology,2.8
49-3053,Outdoor power equipment and other small engine mechanics,3,Creativity and innovation,2.7
49-3053,Outdoor power equipment and other small engine mechanics,4,Critical and analytical thinking,2.9
49-3053,Outdoor power equipment and other small engine mechanics,5,Customer service,2.9
49-3053,Outdoor power equipment and other small engine mechanics,6,Detail oriented,3.5
49-3053,Outdoor power equipment and other small engine mechanics,7,Fine motor,3.7
49-3053,Outdoor power equipment and other small engine mechanics,8,Interpersonal,2.9
49-3053,Outdoor power equipment and other small engine mechanics,9,Leadership,2.6
49-3053,Outdoor power equipment and other small engine mechanics,10,Mathematics,2.2
49-3053,Outdoor power equipment and other small engine mechanics,11,Mechanical,3.5
49-3053,Outdoor power equipment and other small engine mechanics,12,Physical strength and stamina,2.7
49-3053,Outdoor power equipment and other small engine mechanics,13,Problem solving and decision making,3.5
49-3053,Outdoor power equipment and other small engine mechanics,14,Project management,2.4
49-3053,Outdoor power equipment and other small engine mechanics,15,Science,2.2
49-3053,Outdoor power equipment and other small engine mechanics,16,Speaking and listening,2.6
49-3053,Outdoor power equipment and other small engine mechanics,17,Writing and reading,2.8
49-3091,Bicycle repairers,1,Adaptability,4.1
49-3091,Bicycle repairers,2,Computers and information technology,2.9
49-3091,Bicycle repairers,3,Creativity and innovation,2.7
49-3091,Bicycle repairers,4,Critical and analytical thinking,3.0
49-3091,Bicycle repairers,5,Customer service,4.1
49-3091,Bicycle repairers,6,Detail oriented,4.0
49-3091,Bicycle repairers,7,Fine motor,3.6
49-3091,Bicycle repairers,8,Interpersonal,3.7
49-3091,Bicycle repairers,9,Leadership,3.0
49-3091,Bicycle repairers,10,Mathematics,2.4
49-3091,Bicycle repairers,11,Mechanical,3.3
49-3091,Bicycle repairers,12,Physical strength and stamina,2.6
49-3091,Bicycle repairers,13,Problem solving and decision making,3.8
49-3091,Bicycle repairers,14,Project management,2.7
49-3091,Bicycle repairers,15,Science,1.7
49-3091,Bicycle repairers,16,Speaking and listening,3.1
49-3091,Bicycle repairers,17,Writing and reading,2.9
49-3092,Recreational vehicle service technicians,1,Adaptability,3.5
49-3092,Recreational vehicle service technicians,2,Computers and information technology,2.5
49-3092,Recreational vehicle service technicians,3,Creativity and innovation,2.5
49-3092,Recreational vehicle service technicians,4,Critical and analytical thinking,3.0
49-3092,Recreational vehicle service technicians,5,Customer service,2.8
49-3092,Recreational vehicle service technicians,6,Detail oriented,3.4
49-3092,Recreational vehicle service technicians,7,Fine motor,3.3
49-3092,Recreational vehicle service technicians,8,Interpersonal,3.1
49-3092,Recreational vehicle service technicians,9,Leadership,2.1
49-3092,Recreational vehicle service technicians,10,Mathematics,2.3
49-3092,Recreational vehicle service technicians,11,Mechanical,3.4
49-3092,Recreational vehicle service technicians,12,Physical strength and stamina,2.8
49-3092,Recreational vehicle service technicians,13,Problem solving and decision making,3.5
49-3092,Recreational vehicle service technicians,14,Project management,2.3
49-3092,Recreational vehicle service technicians,15,Science,1.9
49-3092,Recreational vehicle service technicians,16,Speaking and listening,2.9
49-3092,Recreational vehicle service technicians,17,Writing and reading,2.9
49-3093,Tire repairers and changers,1,Adaptability,3.4
49-3093,Tire repairers and changers,2,Computers and information technology,2.2
49-3093,Tire repairers and changers,3,Creativity and innovation,2.5
49-3093,Tire repairers and changers,4,Critical and analytical thinking,2.7
49-3093,Tire repairers and changers,5,Customer service,3.5
49-3093,Tire repairers and changers,6,Detail oriented,3.9
49-3093,Tire repairers and changers,7,Fine motor,3.3
49-3093,Tire repairers and changers,8,Interpersonal,3.0
49-3093,Tire repairers and changers,9,Leadership,2.9
49-3093,Tire repairers and changers,10,Mathematics,2.2
49-3093,Tire repairers and changers,11,Mechanical,2.9
49-3093,Tire repairers and changers,12,Physical strength and stamina,3.3
49-3093,Tire repairers and changers,13,Problem solving and decision making,3.3
49-3093,Tire repairers and changers,14,Project management,2.4
49-3093,Tire repairers and changers,15,Science,1.4
49-3093,Tire repairers and changers,16,Speaking and listening,2.7
49-3093,Tire repairers and changers,17,Writing and reading,2.5
49-9011,Mechanical door repairers,1,Adaptability,3.4
49-9011,Mechanical door repairers,2,Computers and information technology,2.4
49-9011,Mechanical door repairers,3,Creativity and innovation,2.7
49-9011,Mechanical door repairers,4,Critical and analytical thinking,2.8
49-9011,Mechanical door repairers,5,Customer service,3.1
49-9011,Mechanical door repairers,6,Detail oriented,3.5
49-9011,Mechanical door repairers,7,Fine motor,3.2
49-9011,Mechanical door repairers,8,Interpersonal,3.2
49-9011,Mechanical door repairers,9,Leadership,2.9
49-9011,Mechanical door repairers,10,Mathematics,2.4
49-9011,Mechanical door repairers,11,Mechanical,3.2
49-9011,Mechanical door repairers,12,Physical strength and stamina,3.2
49-9011,Mechanical door repairers,13,Problem solving and decision making,3.5
49-9011,Mechanical door repairers,14,Project management,2.4
49-9011,Mechanical door repairers,15,Science,1.4
49-9011,Mechanical door repairers,16,Speaking and listening,2.8
49-9011,Mechanical door repairers,17,Writing and reading,2.9
49-9012,"Control and valve installers and repairers, except mechanical door",1,Adaptability,3.5
49-9012,"Control and valve installers and repairers, except mechanical door",2,Computers and information technology,3.3
49-9012,"Control and valve installers and repairers, except mechanical door",3,Creativity and innovation,2.6
49-9012,"Control and valve installers and repairers, except mechanical door",4,Critical and analytical thinking,3.0
49-9012,"Control and valve installers and repairers, except mechanical door",5,Customer service,3.0
49-9012,"Control and valve installers and repairers, except mechanical door",6,Detail oriented,3.8
49-9012,"Control and valve installers and repairers, except mechanical door",7,Fine motor,3.2
49-9012,"Control and valve installers and repairers, except mechanical door",8,Interpersonal,3.1
49-9012,"Control and valve installers and repairers, except mechanical door",9,Leadership,3.0
49-9012,"Control and valve installers and repairers, except mechanical door",10,Mathematics,2.4
49-9012,"Control and valve installers and repairers, except mechanical door",11,Mechanical,3.3
49-9012,"Control and valve installers and repairers, except mechanical door",12,Physical strength and stamina,2.7
49-9012,"Control and valve installers and repairers, except mechanical door",13,Problem solving and decision making,3.5
49-9012,"Control and valve installers and repairers, except mechanical door",14,Project management,2.6
49-9012,"Control and valve installers and repairers, except mechanical door",15,Science,2.2
49-9012,"Control and valve installers and repairers, except mechanical door",16,Speaking and listening,2.9
49-9012,"Control and valve installers and repairers, except mechanical door",17,Writing and reading,3.0
49-9021,"Heating, air conditioning, and refrigeration mechanics and installers",1,Adaptability,3.7
49-9021,"Heating, air conditioning, and refrigeration mechanics and installers",2,Computers and information technology,3.0
49-9021,"Heating, air conditioning, and refrigeration mechanics and installers",3,Creativity and innovation,2.9
49-9021,"Heating, air conditioning, and refrigeration mechanics and installers",4,Critical and analytical thinking,3.3
49-9021,"Heating, air conditioning, and refrigeration mechanics and installers",5,Customer service,3.1
49-9021,"Heating, air conditioning, and refrigeration mechanics and installers",6,Detail oriented,3.8
49-9021,"Heating, air conditioning, and refrigeration mechanics and installers",7,Fine motor,3.4
49-9021,"Heating, air conditioning, and refrigeration mechanics and installers",8,Interpersonal,3.3
49-9021,"Heating, air conditioning, and refrigeration mechanics and installers",9,Leadership,3.3
49-9021,"Heating, air conditioning, and refrigeration mechanics and installers",10,Mathematics,2.6
49-9021,"Heating, air conditioning, and refrigeration mechanics and installers",11,Mechanical,3.5
49-9021,"Heating, air conditioning, and refrigeration mechanics and installers",12,Physical strength and stamina,3.0
49-9021,"Heating, air conditioning, and refrigeration mechanics and installers",13,Problem solving and decision making,3.8
49-9021,"Heating, air conditioning, and refrigeration mechanics and installers",14,Project management,2.7
49-9021,"Heating, air conditioning, and refrigeration mechanics and installers",15,Science,2.3
49-9021,"Heating, air conditioning, and refrigeration mechanics and installers",16,Speaking and listening,2.9
49-9021,"Heating, air conditioning, and refrigeration mechanics and installers",17,Writing and reading,3.1
49-9031,Home appliance repairers,1,Adaptability,3.7
49-9031,Home appliance repairers,2,Computers and information technology,3.0
49-9031,Home appliance repairers,3,Creativity and innovation,2.4
49-9031,Home appliance repairers,4,Critical and analytical thinking,3.1
49-9031,Home appliance repairers,5,Customer service,3.7
49-9031,Home appliance repairers,6,Detail oriented,3.6
49-9031,Home appliance repairers,7,Fine motor,3.4
49-9031,Home appliance repairers,8,Interpersonal,2.9
49-9031,Home appliance repairers,9,Leadership,2.8
49-9031,Home appliance repairers,10,Mathematics,2.5
49-9031,Home appliance repairers,11,Mechanical,3.4
49-9031,Home appliance repairers,12,Physical strength and stamina,2.8
49-9031,Home appliance repairers,13,Problem solving and decision making,3.6
49-9031,Home appliance repairers,14,Project management,2.7
49-9031,Home appliance repairers,15,Science,1.9
49-9031,Home appliance repairers,16,Speaking and listening,2.9
49-9031,Home appliance repairers,17,Writing and reading,3.0
49-9041,Industrial machinery mechanics,1,Adaptability,3.7
49-9041,Industrial machinery mechanics,2,Computers and information technology,2.9
49-9041,Industrial machinery mechanics,3,Creativity and innovation,2.8
49-9041,Industrial machinery mechanics,4,Critical and analytical thinking,3.1
49-9041,Industrial machinery mechanics,5,Customer service,2.0
49-9041,Industrial machinery mechanics,6,Detail oriented,3.4
49-9041,Industrial machinery mechanics,7,Fine motor,3.8
49-9041,Industrial machinery mechanics,8,Interpersonal,2.9
49-9041,Industrial machinery mechanics,9,Leadership,3.0
49-9041,Industrial machinery mechanics,10,Mathematics,2.5
49-9041,Industrial machinery mechanics,11,Mechanical,3.7
49-9041,Industrial machinery mechanics,12,Physical strength and stamina,3.0
49-9041,Industrial machinery mechanics,13,Problem solving and decision making,3.3
49-9041,Industrial machinery mechanics,14,Project management,2.4
49-9041,Industrial machinery mechanics,15,Science,2.0
49-9041,Industrial machinery mechanics,16,Speaking and listening,2.6
49-9041,Industrial machinery mechanics,17,Writing and reading,3.0
49-9043,"Maintenance workers, machinery",1,Adaptability,3.6
49-9043,"Maintenance workers, machinery",2,Computers and information technology,2.9
49-9043,"Maintenance workers, machinery",3,Creativity and innovation,2.6
49-9043,"Maintenance workers, machinery",4,Critical and analytical thinking,2.9
49-9043,"Maintenance workers, machinery",5,Customer service,2.2
49-9043,"Maintenance workers, machinery",6,Detail oriented,3.9
49-9043,"Maintenance workers, machinery",7,Fine motor,3.2
49-9043,"Maintenance workers, machinery",8,Interpersonal,3.0
49-9043,"Maintenance workers, machinery",9,Leadership,2.9
49-9043,"Maintenance workers, machinery",10,Mathematics,2.2
49-9043,"Maintenance workers, machinery",11,Mechanical,3.7
49-9043,"Maintenance workers, machinery",12,Physical strength and stamina,2.8
49-9043,"Maintenance workers, machinery",13,Problem solving and decision making,3.4
49-9043,"Maintenance workers, machinery",14,Project management,2.5
49-9043,"Maintenance workers, machinery",15,Science,1.9
49-9043,"Maintenance workers, machinery",16,Speaking and listening,2.6
49-9043,"Maintenance workers, machinery",17,Writing and reading,2.8
49-9044,Millwrights,1,Adaptability,3.8
49-9044,Millwrights,2,Computers and information technology,3.1
49-9044,Millwrights,3,Creativity and innovation,2.7
49-9044,Millwrights,4,Critical and analytical thinking,3.1
49-9044,Millwrights,5,Customer service,2.7
49-9044,Millwrights,6,Detail oriented,4.3
49-9044,Millwrights,7,Fine motor,3.8
49-9044,Millwrights,8,Interpersonal,3.3
49-9044,Millwrights,9,Leadership,3.7
49-9044,Millwrights,10,Mathematics,3.1
49-9044,Millwrights,11,Mechanical,3.7
49-9044,Millwrights,12,Physical strength and stamina,3.4
49-9044,Millwrights,13,Problem solving and decision making,3.6
49-9044,Millwrights,14,Project management,3.0
49-9044,Millwrights,15,Science,2.3
49-9044,Millwrights,16,Speaking and listening,2.9
49-9044,Millwrights,17,Writing and reading,2.9
49-9045,"Refractory materials repairers, except brickmasons",1,Adaptability,3.3
49-9045,"Refractory materials repairers, except brickmasons",2,Computers and information technology,1.6
49-9045,"Refractory materials repairers, except brickmasons",3,Creativity and innovation,2.2
49-9045,"Refractory materials repairers, except brickmasons",4,Critical and analytical thinking,2.6
49-9045,"Refractory materials repairers, except brickmasons",5,Customer service,2.1
49-9045,"Refractory materials repairers, except brickmasons",6,Detail oriented,3.5
49-9045,"Refractory materials repairers, except brickmasons",7,Fine motor,3.2
49-9045,"Refractory materials repairers, except brickmasons",8,Interpersonal,2.8
49-9045,"Refractory materials repairers, except brickmasons",9,Leadership,2.8
49-9045,"Refractory materials repairers, except brickmasons",10,Mathematics,2.2
49-9045,"Refractory materials repairers, except brickmasons",11,Mechanical,2.8
49-9045,"Refractory materials repairers, except brickmasons",12,Physical strength and stamina,3.3
49-9045,"Refractory materials repairers, except brickmasons",13,Problem solving and decision making,3.1
49-9045,"Refractory materials repairers, except brickmasons",14,Project management,2.4
49-9045,"Refractory materials repairers, except brickmasons",15,Science,1.6
49-9045,"Refractory materials repairers, except brickmasons",16,Speaking and listening,2.7
49-9045,"Refractory materials repairers, except brickmasons",17,Writing and reading,2.7
49-9051,Electrical power-line installers and repairers,1,Adaptability,3.7
49-9051,Electrical power-line installers and repairers,2,Computers and information technology,2.3
49-9051,Electrical power-line installers and repairers,3,Creativity and innovation,2.5
49-9051,Electrical power-line installers and repairers,4,Critical and analytical thinking,3.0
49-9051,Electrical power-line installers and repairers,5,Customer service,3.0
49-9051,Electrical power-line installers and repairers,6,Detail oriented,4.0
49-9051,Electrical power-line installers and repairers,7,Fine motor,3.4
49-9051,Electrical power-line installers and repairers,8,Interpersonal,3.1
49-9051,Electrical power-line installers and repairers,9,Leadership,3.3
49-9051,Electrical power-line installers and repairers,10,Mathematics,2.2
49-9051,Electrical power-line installers and repairers,11,Mechanical,3.3
49-9051,Electrical power-line installers and repairers,12,Physical strength and stamina,3.2
49-9051,Electrical power-line installers and repairers,13,Problem solving and decision making,3.9
49-9051,Electrical power-line installers and repairers,14,Project management,2.2
49-9051,Electrical power-line installers and repairers,15,Science,1.8
49-9051,Electrical power-line installers and repairers,16,Speaking and listening,2.8
49-9051,Electrical power-line installers and repairers,17,Writing and reading,2.8
49-9052,Telecommunications line installers and repairers,1,Adaptability,3.8
49-9052,Telecommunications line installers and repairers,2,Computers and information technology,3.1
49-9052,Telecommunications line installers and repairers,3,Creativity and innovation,2.6
49-9052,Telecommunications line installers and repairers,4,Critical and analytical thinking,3.0
49-9052,Telecommunications line installers and repairers,5,Customer service,3.6
49-9052,Telecommunications line installers and repairers,6,Detail oriented,3.8
49-9052,Telecommunications line installers and repairers,7,Fine motor,3.1
49-9052,Telecommunications line installers and repairers,8,Interpersonal,3.3
49-9052,Telecommunications line installers and repairers,9,Leadership,2.9
49-9052,Telecommunications line installers and repairers,10,Mathematics,2.2
49-9052,Telecommunications line installers and repairers,11,Mechanical,3.1
49-9052,Telecommunications line installers and repairers,12,Physical strength and stamina,3.1
49-9052,Telecommunications line installers and repairers,13,Problem solving and decision making,3.5
49-9052,Telecommunications line installers and repairers,14,Project management,2.5
49-9052,Telecommunications line installers and repairers,15,Science,1.6
49-9052,Telecommunications line installers and repairers,16,Speaking and listening,3.1
49-9052,Telecommunications line installers and repairers,17,Writing and reading,2.9
49-9061,Camera and photographic equipment repairers,1,Adaptability,3.5
49-9061,Camera and photographic equipment repairers,2,Computers and information technology,3.1
49-9061,Camera and photographic equipment repairers,3,Creativity and innovation,2.8
49-9061,Camera and photographic equipment repairers,4,Critical and analytical thinking,2.9
49-9061,Camera and photographic equipment repairers,5,Customer service,2.8
49-9061,Camera and photographic equipment repairers,6,Detail oriented,3.8
49-9061,Camera and photographic equipment repairers,7,Fine motor,3.2
49-9061,Camera and photographic equipment repairers,8,Interpersonal,2.5
49-9061,Camera and photographic equipment repairers,9,Leadership,2.1
49-9061,Camera and photographic equipment repairers,10,Mathematics,2.5
49-9061,Camera and photographic equipment repairers,11,Mechanical,3.0
49-9061,Camera and photographic equipment repairers,12,Physical strength and stamina,1.6
49-9061,Camera and photographic equipment repairers,13,Problem solving and decision making,3.3
49-9061,Camera and photographic equipment repairers,14,Project management,2.5
49-9061,Camera and photographic equipment repairers,15,Science,1.6
49-9061,Camera and photographic equipment repairers,16,Speaking and listening,2.7
49-9061,Camera and photographic equipment repairers,17,Writing and reading,2.7
49-9062,Medical equipment repairers,1,Adaptability,3.8
49-9062,Medical equipment repairers,2,Computers and information technology,3.7
49-9062,Medical equipment repairers,3,Creativity and innovation,2.4
49-9062,Medical equipment repairers,4,Critical and analytical thinking,3.1
49-9062,Medical equipment repairers,5,Customer service,2.7
49-9062,Medical equipment repairers,6,Detail oriented,4.0
49-9062,Medical equipment repairers,7,Fine motor,3.2
49-9062,Medical equipment repairers,8,Interpersonal,3.1
49-9062,Medical equipment repairers,9,Leadership,2.4
49-9062,Medical equipment repairers,10,Mathematics,2.9
49-9062,Medical equipment repairers,11,Mechanical,3.6
49-9062,Medical equipment repairers,12,Physical strength and stamina,2.5
49-9062,Medical equipment repairers,13,Problem solving and decision making,3.6
49-9062,Medical equipment repairers,14,Project management,2.6
49-9062,Medical equipment repairers,15,Science,2.1
49-9062,Medical equipment repairers,16,Speaking and listening,2.7
49-9062,Medical equipment repairers,17,Writing and reading,3.0
49-9063,Musical instrument repairers and tuners,1,Adaptability,3.5
49-9063,Musical instrument repairers and tuners,2,Computers and information technology,2.8
49-9063,Musical instrument repairers and tuners,3,Creativity and innovation,3.3
49-9063,Musical instrument repairers and tuners,4,Critical and analytical thinking,3.0
49-9063,Musical instrument repairers and tuners,5,Customer service,3.1
49-9063,Musical instrument repairers and tuners,6,Detail oriented,3.9
49-9063,Musical instrument repairers and tuners,7,Fine motor,3.7
49-9063,Musical instrument repairers and tuners,8,Interpersonal,2.9
49-9063,Musical instrument repairers and tuners,9,Leadership,2.1
49-9063,Musical instrument repairers and tuners,10,Mathematics,2.1
49-9063,Musical instrument repairers and tuners,11,Mechanical,2.9
49-9063,Musical instrument repairers and tuners,12,Physical strength and stamina,2.3
49-9063,Musical instrument repairers and tuners,13,Problem solving and decision making,3.6
49-9063,Musical instrument repairers and tuners,14,Project management,2.8
49-9063,Musical instrument repairers and tuners,15,Science,2.0
49-9063,Musical instrument repairers and tuners,16,Speaking and listening,2.7
49-9063,Musical instrument repairers and tuners,17,Writing and reading,2.7
49-9064,Watch and clock repairers,1,Adaptability,3.3
49-9064,Watch and clock repairers,2,Computers and information technology,2.3
49-9064,Watch and clock repairers,3,Creativity and innovation,2.6
49-9064,Watch and clock repairers,4,Critical and analytical thinking,3.0
49-9064,Watch and clock repairers,5,Customer service,3.1
49-9064,Watch and clock repairers,6,Detail oriented,3.8
49-9064,Watch and clock repairers,7,Fine motor,3.8
49-9064,Watch and clock repairers,8,Interpersonal,2.9
49-9064,Watch and clock repairers,9,Leadership,1.8
49-9064,Watch and clock repairers,10,Mathematics,2.1
49-9064,Watch and clock repairers,11,Mechanical,3.0
49-9064,Watch and clock repairers,12,Physical strength and stamina,1.6
49-9064,Watch and clock repairers,13,Problem solving and decision making,3.3
49-9064,Watch and clock repairers,14,Project management,2.8
49-9064,Watch and clock repairers,15,Science,1.7
49-9064,Watch and clock repairers,16,Speaking and listening,2.6
49-9064,Watch and clock repairers,17,Writing and reading,2.6
49-9069,"Precision instrument and equipment repairers, all other",1,Adaptability,3.7
49-9069,"Precision instrument and equipment repairers, all other",2,Computers and information technology,3.6
49-9069,"Precision instrument and equipment repairers, all other",3,Creativity and innovation,2.4
49-9069,"Precision instrument and equipment repairers, all other",4,Critical and analytical thinking,3.1
49-9069,"Precision instrument and equipment repairers, all other",5,Customer service,2.8
49-9069,"Precision instrument and equipment repairers, all other",6,Detail oriented,4.0
49-9069,"Precision instrument and equipment repairers, all other",7,Fine motor,3.2
49-9069,"Precision instrument and equipment repairers, all other",8,Interpersonal,3.0
49-9069,"Precision instrument and equipment repairers, all other",9,Leadership,2.4
49-9069,"Precision instrument and equipment repairers, all other",10,Mathematics,2.8
49-9069,"Precision instrument and equipment repairers, all other",11,Mechanical,3.5
49-9069,"Precision instrument and equipment repairers, all other",12,Physical strength and stamina,2.5
49-9069,"Precision instrument and equipment repairers, all other",13,Problem solving and decision making,3.6
49-9069,"Precision instrument and equipment repairers, all other",14,Project management,2.6
49-9069,"Precision instrument and equipment repairers, all other",15,Science,2.0
49-9069,"Precision instrument and equipment repairers, all other",16,Speaking and listening,2.7
49-9069,"Precision instrument and equipment repairers, all other",17,Writing and reading,3.0
49-9071,"Maintenance and repair workers, general",1,Adaptability,3.8
49-9071,"Maintenance and repair workers, general",2,Computers and information technology,3.0
49-9071,"Maintenance and repair workers, general",3,Creativity and innovation,2.8
49-9071,"Maintenance and repair workers, general",4,Critical and analytical thinking,3.1
49-9071,"Maintenance and repair workers, general",5,Customer service,3.0
49-9071,"Maintenance and repair workers, general",6,Detail oriented,3.6
49-9071,"Maintenance and repair workers, general",7,Fine motor,3.3
49-9071,"Maintenance and repair workers, general",8,Interpersonal,3.0
49-9071,"Maintenance and repair workers, general",9,Leadership,3.1
49-9071,"Maintenance and repair workers, general",10,Mathematics,2.6
49-9071,"Maintenance and repair workers, general",11,Mechanical,3.7
49-9071,"Maintenance and repair workers, general",12,Physical strength and stamina,3.1
49-9071,"Maintenance and repair workers, general",13,Problem solving and decision making,3.6
49-9071,"Maintenance and repair workers, general",14,Project management,2.9
49-9071,"Maintenance and repair workers, general",15,Science,1.7
49-9071,"Maintenance and repair workers, general",16,Speaking and listening,2.8
49-9071,"Maintenance and repair workers, general",17,Writing and reading,3.0
49-9081,Wind turbine service technicians,1,Adaptability,3.8
49-9081,Wind turbine service technicians,2,Computers and information technology,3.7
49-9081,Wind turbine service technicians,3,Creativity and innovation,2.5
49-9081,Wind turbine service technicians,4,Critical and analytical thinking,3.3
49-9081,Wind turbine service technicians,5,Customer service,2.5
49-9081,Wind turbine service technicians,6,Detail oriented,4.1
49-9081,Wind turbine service technicians,7,Fine motor,3.5
49-9081,Wind turbine service technicians,8,Interpersonal,3.2
49-9081,Wind turbine service technicians,9,Leadership,3.5
49-9081,Wind turbine service technicians,10,Mathematics,2.4
49-9081,Wind turbine service technicians,11,Mechanical,3.9
49-9081,Wind turbine service technicians,12,Physical strength and stamina,3.4
49-9081,Wind turbine service technicians,13,Problem solving and decision making,3.8
49-9081,Wind turbine service technicians,14,Project management,2.8
49-9081,Wind turbine service technicians,15,Science,2.1
49-9081,Wind turbine service technicians,16,Speaking and listening,3.0
49-9081,Wind turbine service technicians,17,Writing and reading,3.1
49-9091,"Coin, vending, and amusement machine servicers and repairers",1,Adaptability,3.6
49-9091,"Coin, vending, and amusement machine servicers and repairers",2,Computers and information technology,3.2
49-9091,"Coin, vending, and amusement machine servicers and repairers",3,Creativity and innovation,2.1
49-9091,"Coin, vending, and amusement machine servicers and repairers",4,Critical and analytical thinking,2.8
49-9091,"Coin, vending, and amusement machine servicers and repairers",5,Customer service,3.1
49-9091,"Coin, vending, and amusement machine servicers and repairers",6,Detail oriented,3.3
49-9091,"Coin, vending, and amusement machine servicers and repairers",7,Fine motor,3.3
49-9091,"Coin, vending, and amusement machine servicers and repairers",8,Interpersonal,2.8
49-9091,"Coin, vending, and amusement machine servicers and repairers",9,Leadership,2.0
49-9091,"Coin, vending, and amusement machine servicers and repairers",10,Mathematics,2.2
49-9091,"Coin, vending, and amusement machine servicers and repairers",11,Mechanical,3.0
49-9091,"Coin, vending, and amusement machine servicers and repairers",12,Physical strength and stamina,2.6
49-9091,"Coin, vending, and amusement machine servicers and repairers",13,Problem solving and decision making,3.4
49-9091,"Coin, vending, and amusement machine servicers and repairers",14,Project management,2.4
49-9091,"Coin, vending, and amusement machine servicers and repairers",15,Science,1.6
49-9091,"Coin, vending, and amusement machine servicers and repairers",16,Speaking and listening,2.6
49-9091,"Coin, vending, and amusement machine servicers and repairers",17,Writing and reading,2.7
49-9092,Commercial divers,1,Adaptability,3.9
49-9092,Commercial divers,2,Computers and information technology,2.5
49-9092,Commercial divers,3,Creativity and innovation,2.8
49-9092,Commercial divers,4,Critical and analytical thinking,3.2
49-9092,Commercial divers,5,Customer service,2.8
49-9092,Commercial divers,6,Detail oriented,4.0
49-9092,Commercial divers,7,Fine motor,3.5
49-9092,Commercial divers,8,Interpersonal,3.3
49-9092,Commercial divers,9,Leadership,3.5
49-9092,Commercial divers,10,Mathematics,2.4
49-9092,Commercial divers,11,Mechanical,3.3
49-9092,Commercial divers,12,Physical strength and stamina,3.3
49-9092,Commercial divers,13,Problem solving and decision making,3.6
49-9092,Commercial divers,14,Project management,2.7
49-9092,Commercial divers,15,Science,2.6
49-9092,Commercial divers,16,Speaking and listening,3.2
49-9092,Commercial divers,17,Writing and reading,3.1
49-9094,Locksmiths and safe repairers,1,Adaptability,3.8
49-9094,Locksmiths and safe repairers,2,Computers and information technology,3.4
49-9094,Locksmiths and safe repairers,3,Creativity and innovation,2.8
49-9094,Locksmiths and safe repairers,4,Critical and analytical thinking,3.0
49-9094,Locksmiths and safe repairers,5,Customer service,3.6
49-9094,Locksmiths and safe repairers,6,Detail oriented,3.8
49-9094,Locksmiths and safe repairers,7,Fine motor,3.6
49-9094,Locksmiths and safe repairers,8,Interpersonal,3.1
49-9094,Locksmiths and safe repairers,9,Leadership,3.1
49-9094,Locksmiths and safe repairers,10,Mathematics,2.6
49-9094,Locksmiths and safe repairers,11,Mechanical,3.5
49-9094,Locksmiths and safe repairers,12,Physical strength and stamina,2.6
49-9094,Locksmiths and safe repairers,13,Problem solving and decision making,3.5
49-9094,Locksmiths and safe repairers,14,Project management,3.0
49-9094,Locksmiths and safe repairers,15,Science,1.6
49-9094,Locksmiths and safe repairers,16,Speaking and listening,2.9
49-9094,Locksmiths and safe repairers,17,Writing and reading,3.0
49-9095,Manufactured building and mobile home installers,1,Adaptability,4.0
49-9095,Manufactured building and mobile home installers,2,Computers and information technology,1.9
49-9095,Manufactured building and mobile home installers,3,Creativity and innovation,3.1
49-9095,Manufactured building and mobile home installers,4,Critical and analytical thinking,3.1
49-9095,Manufactured building and mobile home installers,5,Customer service,3.5
49-9095,Manufactured building and mobile home installers,6,Detail oriented,3.8
49-9095,Manufactured building and mobile home installers,7,Fine motor,4.0
49-9095,Manufactured building and mobile home installers,8,Interpersonal,3.5
49-9095,Manufactured building and mobile home installers,9,Leadership,4.1
49-9095,Manufactured building and mobile home installers,10,Mathematics,2.9
49-9095,Manufactured building and mobile home installers,11,Mechanical,3.4
49-9095,Manufactured building and mobile home installers,12,Physical strength and stamina,3.8
49-9095,Manufactured building and mobile home installers,13,Problem solving and decision making,3.9
49-9095,Manufactured building and mobile home installers,14,Project management,3.5
49-9095,Manufactured building and mobile home installers,15,Science,2.2
49-9095,Manufactured building and mobile home installers,16,Speaking and listening,2.9
49-9095,Manufactured building and mobile home installers,17,Writing and reading,3.2
49-9096,Riggers,1,Adaptability,3.5
49-9096,Riggers,2,Computers and information technology,2.5
49-9096,Riggers,3,Creativity and innovation,2.6
49-9096,Riggers,4,Critical and analytical thinking,2.8
49-9096,Riggers,5,Customer service,2.9
49-9096,Riggers,6,Detail oriented,4.0
49-9096,Riggers,7,Fine motor,3.3
49-9096,Riggers,8,Interpersonal,3.1
49-9096,Riggers,9,Leadership,3.0
49-9096,Riggers,10,Mathematics,2.0
49-9096,Riggers,11,Mechanical,3.0
49-9096,Riggers,12,Physical strength and stamina,3.2
49-9096,Riggers,13,Problem solving and decision making,3.4
49-9096,Riggers,14,Project management,2.2
49-9096,Riggers,15,Science,1.8
49-9096,Riggers,16,Speaking and listening,2.9
49-9096,Riggers,17,Writing and reading,2.8
49-9097,Signal and track switch repairers,1,Adaptability,3.5
49-9097,Signal and track switch repairers,2,Computers and information technology,2.8
49-9097,Signal and track switch repairers,3,Creativity and innovation,2.0
49-9097,Signal and track switch repairers,4,Critical and analytical thinking,2.8
49-9097,Signal and track switch repairers,5,Customer service,2.2
49-9097,Signal and track switch repairers,6,Detail oriented,3.6
49-9097,Signal and track switch repairers,7,Fine motor,3.5
49-9097,Signal and track switch repairers,8,Interpersonal,2.8
49-9097,Signal and track switch repairers,9,Leadership,2.7
49-9097,Signal and track switch repairers,10,Mathematics,2.6
49-9097,Signal and track switch repairers,11,Mechanical,3.5
49-9097,Signal and track switch repairers,12,Physical strength and stamina,2.9
49-9097,Signal and track switch repairers,13,Problem solving and decision making,3.4
49-9097,Signal and track switch repairers,14,Project management,2.3
49-9097,Signal and track switch repairers,15,Science,1.5
49-9097,Signal and track switch repairers,16,Speaking and listening,2.7
49-9097,Signal and track switch repairers,17,Writing and reading,2.8
49-9098,"Helpers--installation, maintenance, and repair workers",1,Adaptability,3.5
49-9098,"Helpers--installation, maintenance, and repair workers",2,Computers and information technology,2.7
49-9098,"Helpers--installation, maintenance, and repair workers",3,Creativity and innovation,2.3
49-9098,"Helpers--installation, maintenance, and repair workers",4,Critical and analytical thinking,2.8
49-9098,"Helpers--installation, maintenance, and repair workers",5,Customer service,2.7
49-9098,"Helpers--installation, maintenance, and repair workers",6,Detail oriented,3.7
49-9098,"Helpers--installation, maintenance, and repair workers",7,Fine motor,3.3
49-9098,"Helpers--installation, maintenance, and repair workers",8,Interpersonal,3.1
49-9098,"Helpers--installation, maintenance, and repair workers",9,Leadership,2.9
49-9098,"Helpers--installation, maintenance, and repair workers",10,Mathematics,2.3
49-9098,"Helpers--installation, maintenance, and repair workers",11,Mechanical,3.3
49-9098,"Helpers--installation, maintenance, and repair workers",12,Physical strength and stamina,3.2
49-9098,"Helpers--installation, maintenance, and repair workers",13,Problem solving and decision making,3.4
49-9098,"Helpers--installation, maintenance, and repair workers",14,Project management,2.2
49-9098,"Helpers--installation, maintenance, and repair workers",15,Science,1.9
49-9098,"Helpers--installation, maintenance, and repair workers",16,Speaking and listening,2.7
49-9098,"Helpers--installation, maintenance, and repair workers",17,Writing and reading,2.3
49-9099,"Installation, maintenance, and repair workers, all other",1,Adaptability,3.7
49-9099,"Installation, maintenance, and repair workers, all other",2,Computers and information technology,3.0
49-9099,"Installation, maintenance, and repair workers, all other",3,Creativity and innovation,2.8
49-9099,"Installation, maintenance, and repair workers, all other",4,Critical and analytical thinking,3.1
49-9099,"Installation, maintenance, and repair workers, all other",5,Customer service,2.9
49-9099,"Installation, maintenance, and repair workers, all other",6,Detail oriented,3.7
49-9099,"Installation, maintenance, and repair workers, all other",7,Fine motor,3.4
49-9099,"Installation, maintenance, and repair workers, all other",8,Interpersonal,3.1
49-9099,"Installation, maintenance, and repair workers, all other",9,Leadership,3.1
49-9099,"Installation, maintenance, and repair workers, all other",10,Mathematics,2.5
49-9099,"Installation, maintenance, and repair workers, all other",11,Mechanical,3.6
49-9099,"Installation, maintenance, and repair workers, all other",12,Physical strength and stamina,3.1
49-9099,"Installation, maintenance, and repair workers, all other",13,Problem solving and decision making,3.6
49-9099,"Installation, maintenance, and repair workers, all other",14,Project management,2.7
49-9099,"Installation, maintenance, and repair workers, all other",15,Science,1.9
49-9099,"Installation, maintenance, and repair workers, all other",16,Speaking and listening,2.8
49-9099,"Installation, maintenance, and repair workers, all other",17,Writing and reading,3.0
51-1011,First-line supervisors of production and operating workers,1,Adaptability,3.9
51-1011,First-line supervisors of production and operating workers,2,Computers and information technology,3.2
51-1011,First-line supervisors of production and operating workers,3,Creativity and innovation,2.9
51-1011,First-line supervisors of production and operating workers,4,Critical and analytical thinking,3.5
51-1011,First-line supervisors of production and operating workers,5,Customer service,3.0
51-1011,First-line supervisors of production and operating workers,6,Detail oriented,3.7
51-1011,First-line supervisors of production and operating workers,7,Fine motor,2.7
51-1011,First-line supervisors of production and operating workers,8,Interpersonal,3.5
51-1011,First-line supervisors of production and operating workers,9,Leadership,4.0
51-1011,First-line supervisors of production and operating workers,10,Mathematics,2.9
51-1011,First-line supervisors of production and operating workers,11,Mechanical,2.6
51-1011,First-line supervisors of production and operating workers,12,Physical strength and stamina,2.4
51-1011,First-line supervisors of production and operating workers,13,Problem solving and decision making,3.9
51-1011,First-line supervisors of production and operating workers,14,Project management,3.1
51-1011,First-line supervisors of production and operating workers,15,Science,1.8
51-1011,First-line supervisors of production and operating workers,16,Speaking and listening,3.6
51-1011,First-line supervisors of production and operating workers,17,Writing and reading,3.4
51-2011,"Aircraft structure, surfaces, rigging, and systems assemblers",1,Adaptability,3.7
51-2011,"Aircraft structure, surfaces, rigging, and systems assemblers",2,Computers and information technology,2.7
51-2011,"Aircraft structure, surfaces, rigging, and systems assemblers",3,Creativity and innovation,2.7
51-2011,"Aircraft structure, surfaces, rigging, and systems assemblers",4,Critical and analytical thinking,2.9
51-2011,"Aircraft structure, surfaces, rigging, and systems assemblers",5,Customer service,2.3
51-2011,"Aircraft structure, surfaces, rigging, and systems assemblers",6,Detail oriented,3.9
51-2011,"Aircraft structure, surfaces, rigging, and systems assemblers",7,Fine motor,3.4
51-2011,"Aircraft structure, surfaces, rigging, and systems assemblers",8,Interpersonal,3.1
51-2011,"Aircraft structure, surfaces, rigging, and systems assemblers",9,Leadership,2.9
51-2011,"Aircraft structure, surfaces, rigging, and systems assemblers",10,Mathematics,2.6
51-2011,"Aircraft structure, surfaces, rigging, and systems assemblers",11,Mechanical,3.0
51-2011,"Aircraft structure, surfaces, rigging, and systems assemblers",12,Physical strength and stamina,2.8
51-2011,"Aircraft structure, surfaces, rigging, and systems assemblers",13,Problem solving and decision making,3.3
51-2011,"Aircraft structure, surfaces, rigging, and systems assemblers",14,Project management,2.8
51-2011,"Aircraft structure, surfaces, rigging, and systems assemblers",15,Science,2.0
51-2011,"Aircraft structure, surfaces, rigging, and systems assemblers",16,Speaking and listening,2.8
51-2011,"Aircraft structure, surfaces, rigging, and systems assemblers",17,Writing and reading,2.9
51-2021,"Coil winders, tapers, and finishers",1,Adaptability,3.4
51-2021,"Coil winders, tapers, and finishers",2,Computers and information technology,2.0
51-2021,"Coil winders, tapers, and finishers",3,Creativity and innovation,2.3
51-2021,"Coil winders, tapers, and finishers",4,Critical and analytical thinking,2.6
51-2021,"Coil winders, tapers, and finishers",5,Customer service,2.3
51-2021,"Coil winders, tapers, and finishers",6,Detail oriented,4.1
51-2021,"Coil winders, tapers, and finishers",7,Fine motor,3.2
51-2021,"Coil winders, tapers, and finishers",8,Interpersonal,3.0
51-2021,"Coil winders, tapers, and finishers",9,Leadership,2.8
51-2021,"Coil winders, tapers, and finishers",10,Mathematics,2.3
51-2021,"Coil winders, tapers, and finishers",11,Mechanical,2.2
51-2021,"Coil winders, tapers, and finishers",12,Physical strength and stamina,2.5
51-2021,"Coil winders, tapers, and finishers",13,Problem solving and decision making,3.1
51-2021,"Coil winders, tapers, and finishers",14,Project management,2.3
51-2021,"Coil winders, tapers, and finishers",15,Science,1.9
51-2021,"Coil winders, tapers, and finishers",16,Speaking and listening,2.7
51-2021,"Coil winders, tapers, and finishers",17,Writing and reading,2.6
51-2028,"Electrical, electronic, and electromechanical assemblers, except coil winders, tapers, and finishers",1,Adaptability,3.2
51-2028,"Electrical, electronic, and electromechanical assemblers, except coil winders, tapers, and finishers",2,Computers and information technology,2.4
51-2028,"Electrical, electronic, and electromechanical assemblers, except coil winders, tapers, and finishers",3,Creativity and innovation,2.2
51-2028,"Electrical, electronic, and electromechanical assemblers, except coil winders, tapers, and finishers",4,Critical and analytical thinking,2.7
51-2028,"Electrical, electronic, and electromechanical assemblers, except coil winders, tapers, and finishers",5,Customer service,2.2
51-2028,"Electrical, electronic, and electromechanical assemblers, except coil winders, tapers, and finishers",6,Detail oriented,3.6
51-2028,"Electrical, electronic, and electromechanical assemblers, except coil winders, tapers, and finishers",7,Fine motor,3.3
51-2028,"Electrical, electronic, and electromechanical assemblers, except coil winders, tapers, and finishers",8,Interpersonal,2.7
51-2028,"Electrical, electronic, and electromechanical assemblers, except coil winders, tapers, and finishers",9,Leadership,2.9
51-2028,"Electrical, electronic, and electromechanical assemblers, except coil winders, tapers, and finishers",10,Mathematics,2.1
51-2028,"Electrical, electronic, and electromechanical assemblers, except coil winders, tapers, and finishers",11,Mechanical,2.6
51-2028,"Electrical, electronic, and electromechanical assemblers, except coil winders, tapers, and finishers",12,Physical strength and stamina,2.4
51-2028,"Electrical, electronic, and electromechanical assemblers, except coil winders, tapers, and finishers",13,Problem solving and decision making,3.1
51-2028,"Electrical, electronic, and electromechanical assemblers, except coil winders, tapers, and finishers",14,Project management,2.3
51-2028,"Electrical, electronic, and electromechanical assemblers, except coil winders, tapers, and finishers",15,Science,1.6
51-2028,"Electrical, electronic, and electromechanical assemblers, except coil winders, tapers, and finishers",16,Speaking and listening,2.6
51-2028,"Electrical, electronic, and electromechanical assemblers, except coil winders, tapers, and finishers",17,Writing and reading,2.9
51-2031,Engine and other machine assemblers,1,Adaptability,3.3
51-2031,Engine and other machine assemblers,2,Computers and information technology,2.5
51-2031,Engine and other machine assemblers,3,Creativity and innovation,2.5
51-2031,Engine and other machine assemblers,4,Critical and analytical thinking,2.8
51-2031,Engine and other machine assemblers,5,Customer service,2.5
51-2031,Engine and other machine assemblers,6,Detail oriented,3.9
51-2031,Engine and other machine assemblers,7,Fine motor,3.3
51-2031,Engine and other machine assemblers,8,Interpersonal,3.1
51-2031,Engine and other machine assemblers,9,Leadership,2.7
51-2031,Engine and other machine assemblers,10,Mathematics,2.2
51-2031,Engine and other machine assemblers,11,Mechanical,3.0
51-2031,Engine and other machine assemblers,12,Physical strength and stamina,2.9
51-2031,Engine and other machine assemblers,13,Problem solving and decision making,3.1
51-2031,Engine and other machine assemblers,14,Project management,2.1
51-2031,Engine and other machine assemblers,15,Science,1.7
51-2031,Engine and other machine assemblers,16,Speaking and listening,2.7
51-2031,Engine and other machine assemblers,17,Writing and reading,2.6
51-2041,Structural metal fabricators and fitters,1,Adaptability,3.4
51-2041,Structural metal fabricators and fitters,2,Computers and information technology,2.1
51-2041,Structural metal fabricators and fitters,3,Creativity and innovation,2.5
51-2041,Structural metal fabricators and fitters,4,Critical and analytical thinking,2.6
51-2041,Structural metal fabricators and fitters,5,Customer service,2.1
51-2041,Structural metal fabricators and fitters,6,Detail oriented,3.7
51-2041,Structural metal fabricators and fitters,7,Fine motor,3.1
51-2041,Structural metal fabricators and fitters,8,Interpersonal,2.8
51-2041,Structural metal fabricators and fitters,9,Leadership,3.0
51-2041,Structural metal fabricators and fitters,10,Mathematics,2.5
51-2041,Structural metal fabricators and fitters,11,Mechanical,2.5
51-2041,Structural metal fabricators and fitters,12,Physical strength and stamina,2.7
51-2041,Structural metal fabricators and fitters,13,Problem solving and decision making,2.8
51-2041,Structural metal fabricators and fitters,14,Project management,2.2
51-2041,Structural metal fabricators and fitters,15,Science,1.6
51-2041,Structural metal fabricators and fitters,16,Speaking and listening,2.7
51-2041,Structural metal fabricators and fitters,17,Writing and reading,2.7
51-2051,Fiberglass laminators and fabricators,1,Adaptability,3.5
51-2051,Fiberglass laminators and fabricators,2,Computers and information technology,2.0
51-2051,Fiberglass laminators and fabricators,3,Creativity and innovation,2.5
51-2051,Fiberglass laminators and fabricators,4,Critical and analytical thinking,2.6
51-2051,Fiberglass laminators and fabricators,5,Customer service,2.4
51-2051,Fiberglass laminators and fabricators,6,Detail oriented,3.6
51-2051,Fiberglass laminators and fabricators,7,Fine motor,3.3
51-2051,Fiberglass laminators and fabricators,8,Interpersonal,2.9
51-2051,Fiberglass laminators and fabricators,9,Leadership,3.1
51-2051,Fiberglass laminators and fabricators,10,Mathematics,2.5
51-2051,Fiberglass laminators and fabricators,11,Mechanical,2.4
51-2051,Fiberglass laminators and fabricators,12,Physical strength and stamina,3.2
51-2051,Fiberglass laminators and fabricators,13,Problem solving and decision making,2.9
51-2051,Fiberglass laminators and fabricators,14,Project management,2.4
51-2051,Fiberglass laminators and fabricators,15,Science,2.2
51-2051,Fiberglass laminators and fabricators,16,Speaking and listening,2.7
51-2051,Fiberglass laminators and fabricators,17,Writing and reading,2.9
51-2061,Timing device assemblers and adjusters,1,Adaptability,3.2
51-2061,Timing device assemblers and adjusters,2,Computers and information technology,2.4
51-2061,Timing device assemblers and adjusters,3,Creativity and innovation,2.4
51-2061,Timing device assemblers and adjusters,4,Critical and analytical thinking,2.7
51-2061,Timing device assemblers and adjusters,5,Customer service,2.3
51-2061,Timing device assemblers and adjusters,6,Detail oriented,3.2
51-2061,Timing device assemblers and adjusters,7,Fine motor,3.1
51-2061,Timing device assemblers and adjusters,8,Interpersonal,2.6
51-2061,Timing device assemblers and adjusters,9,Leadership,2.3
51-2061,Timing device assemblers and adjusters,10,Mathematics,2.3
51-2061,Timing device assemblers and adjusters,11,Mechanical,3.0
51-2061,Timing device assemblers and adjusters,12,Physical strength and stamina,1.5
51-2061,Timing device assemblers and adjusters,13,Problem solving and decision making,3.3
51-2061,Timing device assemblers and adjusters,14,Project management,2.1
51-2061,Timing device assemblers and adjusters,15,Science,1.6
51-2061,Timing device assemblers and adjusters,16,Speaking and listening,2.5
51-2061,Timing device assemblers and adjusters,17,Writing and reading,2.6
51-2090,Miscellaneous assemblers and fabricators,1,Adaptability,3.4
51-2090,Miscellaneous assemblers and fabricators,2,Computers and information technology,2.7
51-2090,Miscellaneous assemblers and fabricators,3,Creativity and innovation,2.4
51-2090,Miscellaneous assemblers and fabricators,4,Critical and analytical thinking,2.8
51-2090,Miscellaneous assemblers and fabricators,5,Customer service,2.2
51-2090,Miscellaneous assemblers and fabricators,6,Detail oriented,3.6
51-2090,Miscellaneous assemblers and fabricators,7,Fine motor,3.2
51-2090,Miscellaneous assemblers and fabricators,8,Interpersonal,3.0
51-2090,Miscellaneous assemblers and fabricators,9,Leadership,3.1
51-2090,Miscellaneous assemblers and fabricators,10,Mathematics,2.3
51-2090,Miscellaneous assemblers and fabricators,11,Mechanical,2.4
51-2090,Miscellaneous assemblers and fabricators,12,Physical strength and stamina,2.6
51-2090,Miscellaneous assemblers and fabricators,13,Problem solving and decision making,3.2
51-2090,Miscellaneous assemblers and fabricators,14,Project management,2.4
51-2090,Miscellaneous assemblers and fabricators,15,Science,1.7
51-2090,Miscellaneous assemblers and fabricators,16,Speaking and listening,2.8
51-2090,Miscellaneous assemblers and fabricators,17,Writing and reading,2.9
51-3011,Bakers,1,Adaptability,3.4
51-3011,Bakers,2,Computers and information technology,2.2
51-3011,Bakers,3,Creativity and innovation,2.6
51-3011,Bakers,4,Critical and analytical thinking,2.6
51-3011,Bakers,5,Customer service,2.7
51-3011,Bakers,6,Detail oriented,3.6
51-3011,Bakers,7,Fine motor,3.0
51-3011,Bakers,8,Interpersonal,3.0
51-3011,Bakers,9,Leadership,2.8
51-3011,Bakers,10,Mathematics,2.5
51-3011,Bakers,11,Mechanical,1.7
51-3011,Bakers,12,Physical strength and stamina,2.4
51-3011,Bakers,13,Problem solving and decision making,3.1
51-3011,Bakers,14,Project management,2.3
51-3011,Bakers,15,Science,1.7
51-3011,Bakers,16,Speaking and listening,2.8
51-3011,Bakers,17,Writing and reading,2.6
51-3021,Butchers and meat cutters,1,Adaptability,3.4
51-3021,Butchers and meat cutters,2,Computers and information technology,2.2
51-3021,Butchers and meat cutters,3,Creativity and innovation,2.2
51-3021,Butchers and meat cutters,4,Critical and analytical thinking,2.6
51-3021,Butchers and meat cutters,5,Customer service,3.8
51-3021,Butchers and meat cutters,6,Detail oriented,3.7
51-3021,Butchers and meat cutters,7,Fine motor,3.4
51-3021,Butchers and meat cutters,8,Interpersonal,3.3
51-3021,Butchers and meat cutters,9,Leadership,3.3
51-3021,Butchers and meat cutters,10,Mathematics,2.5
51-3021,Butchers and meat cutters,11,Mechanical,2.1
51-3021,Butchers and meat cutters,12,Physical strength and stamina,2.8
51-3021,Butchers and meat cutters,13,Problem solving and decision making,3.4
51-3021,Butchers and meat cutters,14,Project management,2.8
51-3021,Butchers and meat cutters,15,Science,1.4
51-3021,Butchers and meat cutters,16,Speaking and listening,2.7
51-3021,Butchers and meat cutters,17,Writing and reading,2.5
51-3022,"Meat, poultry, and fish cutters and trimmers",1,Adaptability,3.3
51-3022,"Meat, poultry, and fish cutters and trimmers",2,Computers and information technology,2.1
51-3022,"Meat, poultry, and fish cutters and trimmers",3,Creativity and innovation,2.5
51-3022,"Meat, poultry, and fish cutters and trimmers",4,Critical and analytical thinking,2.5
51-3022,"Meat, poultry, and fish cutters and trimmers",5,Customer service,3.0
51-3022,"Meat, poultry, and fish cutters and trimmers",6,Detail oriented,3.9
51-3022,"Meat, poultry, and fish cutters and trimmers",7,Fine motor,3.3
51-3022,"Meat, poultry, and fish cutters and trimmers",8,Interpersonal,3.2
51-3022,"Meat, poultry, and fish cutters and trimmers",9,Leadership,3.3
51-3022,"Meat, poultry, and fish cutters and trimmers",10,Mathematics,2.5
51-3022,"Meat, poultry, and fish cutters and trimmers",11,Mechanical,2.4
51-3022,"Meat, poultry, and fish cutters and trimmers",12,Physical strength and stamina,2.8
51-3022,"Meat, poultry, and fish cutters and trimmers",13,Problem solving and decision making,3.1
51-3022,"Meat, poultry, and fish cutters and trimmers",14,Project management,2.6
51-3022,"Meat, poultry, and fish cutters and trimmers",15,Science,2.1
51-3022,"Meat, poultry, and fish cutters and trimmers",16,Speaking and listening,2.7
51-3022,"Meat, poultry, and fish cutters and trimmers",17,Writing and reading,2.5
51-3023,Slaughterers and meat packers,1,Adaptability,3.3
51-3023,Slaughterers and meat packers,2,Computers and information technology,1.6
51-3023,Slaughterers and meat packers,3,Creativity and innovation,2.1
51-3023,Slaughterers and meat packers,4,Critical and analytical thinking,2.3
51-3023,Slaughterers and meat packers,5,Customer service,2.4
51-3023,Slaughterers and meat packers,6,Detail oriented,3.5
51-3023,Slaughterers and meat packers,7,Fine motor,3.4
51-3023,Slaughterers and meat packers,8,Interpersonal,2.7
51-3023,Slaughterers and meat packers,9,Leadership,2.6
51-3023,Slaughterers and meat packers,10,Mathematics,2.1
51-3023,Slaughterers and meat packers,11,Mechanical,1.9
51-3023,Slaughterers and meat packers,12,Physical strength and stamina,2.7
51-3023,Slaughterers and meat packers,13,Problem solving and decision making,2.5
51-3023,Slaughterers and meat packers,14,Project management,2.1
51-3023,Slaughterers and meat packers,15,Science,1.6
51-3023,Slaughterers and meat packers,16,Speaking and listening,2.5
51-3023,Slaughterers and meat packers,17,Writing and reading,2.0
51-3091,"Food and tobacco roasting, baking, and drying machine operators and tenders",1,Adaptability,3.3
51-3091,"Food and tobacco roasting, baking, and drying machine operators and tenders",2,Computers and information technology,2.4
51-3091,"Food and tobacco roasting, baking, and drying machine operators and tenders",3,Creativity and innovation,2.2
51-3091,"Food and tobacco roasting, baking, and drying machine operators and tenders",4,Critical and analytical thinking,2.8
51-3091,"Food and tobacco roasting, baking, and drying machine operators and tenders",5,Customer service,2.5
51-3091,"Food and tobacco roasting, baking, and drying machine operators and tenders",6,Detail oriented,3.8
51-3091,"Food and tobacco roasting, baking, and drying machine operators and tenders",7,Fine motor,3.1
51-3091,"Food and tobacco roasting, baking, and drying machine operators and tenders",8,Interpersonal,3.0
51-3091,"Food and tobacco roasting, baking, and drying machine operators and tenders",9,Leadership,3.0
51-3091,"Food and tobacco roasting, baking, and drying machine operators and tenders",10,Mathematics,1.8
51-3091,"Food and tobacco roasting, baking, and drying machine operators and tenders",11,Mechanical,2.6
51-3091,"Food and tobacco roasting, baking, and drying machine operators and tenders",12,Physical strength and stamina,2.7
51-3091,"Food and tobacco roasting, baking, and drying machine operators and tenders",13,Problem solving and decision making,3.2
51-3091,"Food and tobacco roasting, baking, and drying machine operators and tenders",14,Project management,2.3
51-3091,"Food and tobacco roasting, baking, and drying machine operators and tenders",15,Science,1.5
51-3091,"Food and tobacco roasting, baking, and drying machine operators and tenders",16,Speaking and listening,2.8
51-3091,"Food and tobacco roasting, baking, and drying machine operators and tenders",17,Writing and reading,3.0
51-3092,Food batchmakers,1,Adaptability,3.6
51-3092,Food batchmakers,2,Computers and information technology,2.7
51-3092,Food batchmakers,3,Creativity and innovation,2.3
51-3092,Food batchmakers,4,Critical and analytical thinking,2.8
51-3092,Food batchmakers,5,Customer service,2.0
51-3092,Food batchmakers,6,Detail oriented,3.8
51-3092,Food batchmakers,7,Fine motor,3.0
51-3092,Food batchmakers,8,Interpersonal,3.1
51-3092,Food batchmakers,9,Leadership,2.9
51-3092,Food batchmakers,10,Mathematics,2.6
51-3092,Food batchmakers,11,Mechanical,2.4
51-3092,Food batchmakers,12,Physical strength and stamina,2.6
51-3092,Food batchmakers,13,Problem solving and decision making,3.1
51-3092,Food batchmakers,14,Project management,2.1
51-3092,Food batchmakers,15,Science,2.3
51-3092,Food batchmakers,16,Speaking and listening,2.8
51-3092,Food batchmakers,17,Writing and reading,3.0
51-3093,Food cooking machine operators and tenders,1,Adaptability,3.4
51-3093,Food cooking machine operators and tenders,2,Computers and information technology,2.5
51-3093,Food cooking machine operators and tenders,3,Creativity and innovation,2.1
51-3093,Food cooking machine operators and tenders,4,Critical and analytical thinking,2.7
51-3093,Food cooking machine operators and tenders,5,Customer service,2.2
51-3093,Food cooking machine operators and tenders,6,Detail oriented,3.6
51-3093,Food cooking machine operators and tenders,7,Fine motor,3.2
51-3093,Food cooking machine operators and tenders,8,Interpersonal,2.6
51-3093,Food cooking machine operators and tenders,9,Leadership,2.6
51-3093,Food cooking machine operators and tenders,10,Mathematics,2.1
51-3093,Food cooking machine operators and tenders,11,Mechanical,2.2
51-3093,Food cooking machine operators and tenders,12,Physical strength and stamina,2.6
51-3093,Food cooking machine operators and tenders,13,Problem solving and decision making,3.3
51-3093,Food cooking machine operators and tenders,14,Project management,2.4
51-3093,Food cooking machine operators and tenders,15,Science,1.7
51-3093,Food cooking machine operators and tenders,16,Speaking and listening,2.6
51-3093,Food cooking machine operators and tenders,17,Writing and reading,3.1
51-3099,"Food processing workers, all other",1,Adaptability,3.4
51-3099,"Food processing workers, all other",2,Computers and information technology,2.3
51-3099,"Food processing workers, all other",3,Creativity and innovation,2.4
51-3099,"Food processing workers, all other",4,Critical and analytical thinking,2.6
51-3099,"Food processing workers, all other",5,Customer service,2.7
51-3099,"Food processing workers, all other",6,Detail oriented,3.7
51-3099,"Food processing workers, all other",7,Fine motor,3.2
51-3099,"Food processing workers, all other",8,Interpersonal,3.1
51-3099,"Food processing workers, all other",9,Leadership,3.0
51-3099,"Food processing workers, all other",10,Mathematics,2.4
51-3099,"Food processing workers, all other",11,Mechanical,2.1
51-3099,"Food processing workers, all other",12,Physical strength and stamina,2.6
51-3099,"Food processing workers, all other",13,Problem solving and decision making,3.1
51-3099,"Food processing workers, all other",14,Project management,2.4
51-3099,"Food processing workers, all other",15,Science,1.8
51-3099,"Food processing workers, all other",16,Speaking and listening,2.7
51-3099,"Food processing workers, all other",17,Writing and reading,2.6
51-4021,"Extruding and drawing machine setters, operators, and tenders, metal and plastic",1,Adaptability,3.4
51-4021,"Extruding and drawing machine setters, operators, and tenders, metal and plastic",2,Computers and information technology,2.5
51-4021,"Extruding and drawing machine setters, operators, and tenders, metal and plastic",3,Creativity and innovation,2.3
51-4021,"Extruding and drawing machine setters, operators, and tenders, metal and plastic",4,Critical and analytical thinking,2.7
51-4021,"Extruding and drawing machine setters, operators, and tenders, metal and plastic",5,Customer service,2.1
51-4021,"Extruding and drawing machine setters, operators, and tenders, metal and plastic",6,Detail oriented,3.9
51-4021,"Extruding and drawing machine setters, operators, and tenders, metal and plastic",7,Fine motor,3.3
51-4021,"Extruding and drawing machine setters, operators, and tenders, metal and plastic",8,Interpersonal,2.9
51-4021,"Extruding and drawing machine setters, operators, and tenders, metal and plastic",9,Leadership,3.0
51-4021,"Extruding and drawing machine setters, operators, and tenders, metal and plastic",10,Mathematics,2.7
51-4021,"Extruding and drawing machine setters, operators, and tenders, metal and plastic",11,Mechanical,2.8
51-4021,"Extruding and drawing machine setters, operators, and tenders, metal and plastic",12,Physical strength and stamina,3.2
51-4021,"Extruding and drawing machine setters, operators, and tenders, metal and plastic",13,Problem solving and decision making,3.6
51-4021,"Extruding and drawing machine setters, operators, and tenders, metal and plastic",14,Project management,2.4
51-4021,"Extruding and drawing machine setters, operators, and tenders, metal and plastic",15,Science,1.4
51-4021,"Extruding and drawing machine setters, operators, and tenders, metal and plastic",16,Speaking and listening,2.6
51-4021,"Extruding and drawing machine setters, operators, and tenders, metal and plastic",17,Writing and reading,2.6
51-4022,"Forging machine setters, operators, and tenders, metal and plastic",1,Adaptability,3.4
51-4022,"Forging machine setters, operators, and tenders, metal and plastic",2,Computers and information technology,2.5
51-4022,"Forging machine setters, operators, and tenders, metal and plastic",3,Creativity and innovation,2.7
51-4022,"Forging machine setters, operators, and tenders, metal and plastic",4,Critical and analytical thinking,2.7
51-4022,"Forging machine setters, operators, and tenders, metal and plastic",5,Customer service,2.3
51-4022,"Forging machine setters, operators, and tenders, metal and plastic",6,Detail oriented,3.7
51-4022,"Forging machine setters, operators, and tenders, metal and plastic",7,Fine motor,3.2
51-4022,"Forging machine setters, operators, and tenders, metal and plastic",8,Interpersonal,2.9
51-4022,"Forging machine setters, operators, and tenders, metal and plastic",9,Leadership,3.1
51-4022,"Forging machine setters, operators, and tenders, metal and plastic",10,Mathematics,2.5
51-4022,"Forging machine setters, operators, and tenders, metal and plastic",11,Mechanical,2.9
51-4022,"Forging machine setters, operators, and tenders, metal and plastic",12,Physical strength and stamina,2.6
51-4022,"Forging machine setters, operators, and tenders, metal and plastic",13,Problem solving and decision making,3.3
51-4022,"Forging machine setters, operators, and tenders, metal and plastic",14,Project management,2.1
51-4022,"Forging machine setters, operators, and tenders, metal and plastic",15,Science,1.9
51-4022,"Forging machine setters, operators, and tenders, metal and plastic",16,Speaking and listening,2.9
51-4022,"Forging machine setters, operators, and tenders, metal and plastic",17,Writing and reading,3.0
51-4023,"Rolling machine setters, operators, and tenders, metal and plastic",1,Adaptability,3.6
51-4023,"Rolling machine setters, operators, and tenders, metal and plastic",2,Computers and information technology,2.6
51-4023,"Rolling machine setters, operators, and tenders, metal and plastic",3,Creativity and innovation,2.5
51-4023,"Rolling machine setters, operators, and tenders, metal and plastic",4,Critical and analytical thinking,3.0
51-4023,"Rolling machine setters, operators, and tenders, metal and plastic",5,Customer service,2.5
51-4023,"Rolling machine setters, operators, and tenders, metal and plastic",6,Detail oriented,3.8
51-4023,"Rolling machine setters, operators, and tenders, metal and plastic",7,Fine motor,3.5
51-4023,"Rolling machine setters, operators, and tenders, metal and plastic",8,Interpersonal,2.9
51-4023,"Rolling machine setters, operators, and tenders, metal and plastic",9,Leadership,3.2
51-4023,"Rolling machine setters, operators, and tenders, metal and plastic",10,Mathematics,2.5
51-4023,"Rolling machine setters, operators, and tenders, metal and plastic",11,Mechanical,3.4
51-4023,"Rolling machine setters, operators, and tenders, metal and plastic",12,Physical strength and stamina,3.0
51-4023,"Rolling machine setters, operators, and tenders, metal and plastic",13,Problem solving and decision making,3.5
51-4023,"Rolling machine setters, operators, and tenders, metal and plastic",14,Project management,2.5
51-4023,"Rolling machine setters, operators, and tenders, metal and plastic",15,Science,1.6
51-4023,"Rolling machine setters, operators, and tenders, metal and plastic",16,Speaking and listening,2.8
51-4023,"Rolling machine setters, operators, and tenders, metal and plastic",17,Writing and reading,2.8
51-4031,"Cutting, punching, and press machine setters, operators, and tenders, metal and plastic",1,Adaptability,3.1
51-4031,"Cutting, punching, and press machine setters, operators, and tenders, metal and plastic",2,Computers and information technology,2.0
51-4031,"Cutting, punching, and press machine setters, operators, and tenders, metal and plastic",3,Creativity and innovation,2.3
51-4031,"Cutting, punching, and press machine setters, operators, and tenders, metal and plastic",4,Critical and analytical thinking,2.7
51-4031,"Cutting, punching, and press machine setters, operators, and tenders, metal and plastic",5,Customer service,2.1
51-4031,"Cutting, punching, and press machine setters, operators, and tenders, metal and plastic",6,Detail oriented,3.8
51-4031,"Cutting, punching, and press machine setters, operators, and tenders, metal and plastic",7,Fine motor,3.3
51-4031,"Cutting, punching, and press machine setters, operators, and tenders, metal and plastic",8,Interpersonal,2.5
51-4031,"Cutting, punching, and press machine setters, operators, and tenders, metal and plastic",9,Leadership,2.1
51-4031,"Cutting, punching, and press machine setters, operators, and tenders, metal and plastic",10,Mathematics,2.1
51-4031,"Cutting, punching, and press machine setters, operators, and tenders, metal and plastic",11,Mechanical,2.7
51-4031,"Cutting, punching, and press machine setters, operators, and tenders, metal and plastic",12,Physical strength and stamina,2.7
51-4031,"Cutting, punching, and press machine setters, operators, and tenders, metal and plastic",13,Problem solving and decision making,2.8
51-4031,"Cutting, punching, and press machine setters, operators, and tenders, metal and plastic",14,Project management,1.9
51-4031,"Cutting, punching, and press machine setters, operators, and tenders, metal and plastic",15,Science,1.5
51-4031,"Cutting, punching, and press machine setters, operators, and tenders, metal and plastic",16,Speaking and listening,2.5
51-4031,"Cutting, punching, and press machine setters, operators, and tenders, metal and plastic",17,Writing and reading,2.6
51-4032,"Drilling and boring machine tool setters, operators, and tenders, metal and plastic",1,Adaptability,3.7
51-4032,"Drilling and boring machine tool setters, operators, and tenders, metal and plastic",2,Computers and information technology,3.0
51-4032,"Drilling and boring machine tool setters, operators, and tenders, metal and plastic",3,Creativity and innovation,2.6
51-4032,"Drilling and boring machine tool setters, operators, and tenders, metal and plastic",4,Critical and analytical thinking,3.0
51-4032,"Drilling and boring machine tool setters, operators, and tenders, metal and plastic",5,Customer service,2.1
51-4032,"Drilling and boring machine tool setters, operators, and tenders, metal and plastic",6,Detail oriented,4.1
51-4032,"Drilling and boring machine tool setters, operators, and tenders, metal and plastic",7,Fine motor,3.4
51-4032,"Drilling and boring machine tool setters, operators, and tenders, metal and plastic",8,Interpersonal,2.6
51-4032,"Drilling and boring machine tool setters, operators, and tenders, metal and plastic",9,Leadership,2.6
51-4032,"Drilling and boring machine tool setters, operators, and tenders, metal and plastic",10,Mathematics,3.0
51-4032,"Drilling and boring machine tool setters, operators, and tenders, metal and plastic",11,Mechanical,3.1
51-4032,"Drilling and boring machine tool setters, operators, and tenders, metal and plastic",12,Physical strength and stamina,2.6
51-4032,"Drilling and boring machine tool setters, operators, and tenders, metal and plastic",13,Problem solving and decision making,3.4
51-4032,"Drilling and boring machine tool setters, operators, and tenders, metal and plastic",14,Project management,2.0
51-4032,"Drilling and boring machine tool setters, operators, and tenders, metal and plastic",15,Science,2.0
51-4032,"Drilling and boring machine tool setters, operators, and tenders, metal and plastic",16,Speaking and listening,2.7
51-4032,"Drilling and boring machine tool setters, operators, and tenders, metal and plastic",17,Writing and reading,3.0
51-4033,"Grinding, lapping, polishing, and buffing machine tool setters, operators, and tenders, metal and plastic",1,Adaptability,3.3
51-4033,"Grinding, lapping, polishing, and buffing machine tool setters, operators, and tenders, metal and plastic",2,Computers and information technology,2.8
51-4033,"Grinding, lapping, polishing, and buffing machine tool setters, operators, and tenders, metal and plastic",3,Creativity and innovation,2.2
51-4033,"Grinding, lapping, polishing, and buffing machine tool setters, operators, and tenders, metal and plastic",4,Critical and analytical thinking,2.7
51-4033,"Grinding, lapping, polishing, and buffing machine tool setters, operators, and tenders, metal and plastic",5,Customer service,2.2
51-4033,"Grinding, lapping, polishing, and buffing machine tool setters, operators, and tenders, metal and plastic",6,Detail oriented,3.7
51-4033,"Grinding, lapping, polishing, and buffing machine tool setters, operators, and tenders, metal and plastic",7,Fine motor,3.8
51-4033,"Grinding, lapping, polishing, and buffing machine tool setters, operators, and tenders, metal and plastic",8,Interpersonal,2.8
51-4033,"Grinding, lapping, polishing, and buffing machine tool setters, operators, and tenders, metal and plastic",9,Leadership,2.8
51-4033,"Grinding, lapping, polishing, and buffing machine tool setters, operators, and tenders, metal and plastic",10,Mathematics,2.7
51-4033,"Grinding, lapping, polishing, and buffing machine tool setters, operators, and tenders, metal and plastic",11,Mechanical,2.9
51-4033,"Grinding, lapping, polishing, and buffing machine tool setters, operators, and tenders, metal and plastic",12,Physical strength and stamina,2.7
51-4033,"Grinding, lapping, polishing, and buffing machine tool setters, operators, and tenders, metal and plastic",13,Problem solving and decision making,3.2
51-4033,"Grinding, lapping, polishing, and buffing machine tool setters, operators, and tenders, metal and plastic",14,Project management,2.5
51-4033,"Grinding, lapping, polishing, and buffing machine tool setters, operators, and tenders, metal and plastic",15,Science,1.5
51-4033,"Grinding, lapping, polishing, and buffing machine tool setters, operators, and tenders, metal and plastic",16,Speaking and listening,2.6
51-4033,"Grinding, lapping, polishing, and buffing machine tool setters, operators, and tenders, metal and plastic",17,Writing and reading,2.7
51-4034,"Lathe and turning machine tool setters, operators, and tenders, metal and plastic",1,Adaptability,3.3
51-4034,"Lathe and turning machine tool setters, operators, and tenders, metal and plastic",2,Computers and information technology,2.8
51-4034,"Lathe and turning machine tool setters, operators, and tenders, metal and plastic",3,Creativity and innovation,2.5
51-4034,"Lathe and turning machine tool setters, operators, and tenders, metal and plastic",4,Critical and analytical thinking,2.7
51-4034,"Lathe and turning machine tool setters, operators, and tenders, metal and plastic",5,Customer service,2.4
51-4034,"Lathe and turning machine tool setters, operators, and tenders, metal and plastic",6,Detail oriented,3.3
51-4034,"Lathe and turning machine tool setters, operators, and tenders, metal and plastic",7,Fine motor,3.4
51-4034,"Lathe and turning machine tool setters, operators, and tenders, metal and plastic",8,Interpersonal,2.7
51-4034,"Lathe and turning machine tool setters, operators, and tenders, metal and plastic",9,Leadership,3.2
51-4034,"Lathe and turning machine tool setters, operators, and tenders, metal and plastic",10,Mathematics,2.5
51-4034,"Lathe and turning machine tool setters, operators, and tenders, metal and plastic",11,Mechanical,3.1
51-4034,"Lathe and turning machine tool setters, operators, and tenders, metal and plastic",12,Physical strength and stamina,2.6
51-4034,"Lathe and turning machine tool setters, operators, and tenders, metal and plastic",13,Problem solving and decision making,2.8
51-4034,"Lathe and turning machine tool setters, operators, and tenders, metal and plastic",14,Project management,2.8
51-4034,"Lathe and turning machine tool setters, operators, and tenders, metal and plastic",15,Science,1.8
51-4034,"Lathe and turning machine tool setters, operators, and tenders, metal and plastic",16,Speaking and listening,2.6
51-4034,"Lathe and turning machine tool setters, operators, and tenders, metal and plastic",17,Writing and reading,2.8
51-4035,"Milling and planing machine setters, operators, and tenders, metal and plastic",1,Adaptability,3.5
51-4035,"Milling and planing machine setters, operators, and tenders, metal and plastic",2,Computers and information technology,2.6
51-4035,"Milling and planing machine setters, operators, and tenders, metal and plastic",3,Creativity and innovation,2.4
51-4035,"Milling and planing machine setters, operators, and tenders, metal and plastic",4,Critical and analytical thinking,2.8
51-4035,"Milling and planing machine setters, operators, and tenders, metal and plastic",5,Customer service,2.2
51-4035,"Milling and planing machine setters, operators, and tenders, metal and plastic",6,Detail oriented,3.8
51-4035,"Milling and planing machine setters, operators, and tenders, metal and plastic",7,Fine motor,3.3
51-4035,"Milling and planing machine setters, operators, and tenders, metal and plastic",8,Interpersonal,2.7
51-4035,"Milling and planing machine setters, operators, and tenders, metal and plastic",9,Leadership,2.8
51-4035,"Milling and planing machine setters, operators, and tenders, metal and plastic",10,Mathematics,2.9
51-4035,"Milling and planing machine setters, operators, and tenders, metal and plastic",11,Mechanical,3.0
51-4035,"Milling and planing machine setters, operators, and tenders, metal and plastic",12,Physical strength and stamina,2.9
51-4035,"Milling and planing machine setters, operators, and tenders, metal and plastic",13,Problem solving and decision making,2.9
51-4035,"Milling and planing machine setters, operators, and tenders, metal and plastic",14,Project management,2.2
51-4035,"Milling and planing machine setters, operators, and tenders, metal and plastic",15,Science,1.7
51-4035,"Milling and planing machine setters, operators, and tenders, metal and plastic",16,Speaking and listening,2.6
51-4035,"Milling and planing machine setters, operators, and tenders, metal and plastic",17,Writing and reading,2.8
51-4041,Machinists,1,Adaptability,3.4
51-4041,Machinists,2,Computers and information technology,2.6
51-4041,Machinists,3,Creativity and innovation,2.7
51-4041,Machinists,4,Critical and analytical thinking,3.0
51-4041,Machinists,5,Customer service,2.1
51-4041,Machinists,6,Detail oriented,3.9
51-4041,Machinists,7,Fine motor,3.7
51-4041,Machinists,8,Interpersonal,2.7
51-4041,Machinists,9,Leadership,2.8
51-4041,Machinists,10,Mathematics,3.0
51-4041,Machinists,11,Mechanical,3.1
51-4041,Machinists,12,Physical strength and stamina,2.6
51-4041,Machinists,13,Problem solving and decision making,3.3
51-4041,Machinists,14,Project management,2.5
51-4041,Machinists,15,Science,1.7
51-4041,Machinists,16,Speaking and listening,2.6
51-4041,Machinists,17,Writing and reading,2.8
51-4051,Metal-refining furnace operators and tenders,1,Adaptability,3.5
51-4051,Metal-refining furnace operators and tenders,2,Computers and information technology,2.2
51-4051,Metal-refining furnace operators and tenders,3,Creativity and innovation,2.3
51-4051,Metal-refining furnace operators and tenders,4,Critical and analytical thinking,2.9
51-4051,Metal-refining furnace operators and tenders,5,Customer service,2.2
51-4051,Metal-refining furnace operators and tenders,6,Detail oriented,3.8
51-4051,Metal-refining furnace operators and tenders,7,Fine motor,3.5
51-4051,Metal-refining furnace operators and tenders,8,Interpersonal,2.9
51-4051,Metal-refining furnace operators and tenders,9,Leadership,3.1
51-4051,Metal-refining furnace operators and tenders,10,Mathematics,2.6
51-4051,Metal-refining furnace operators and tenders,11,Mechanical,2.9
51-4051,Metal-refining furnace operators and tenders,12,Physical strength and stamina,3.0
51-4051,Metal-refining furnace operators and tenders,13,Problem solving and decision making,3.3
51-4051,Metal-refining furnace operators and tenders,14,Project management,2.5
51-4051,Metal-refining furnace operators and tenders,15,Science,2.2
51-4051,Metal-refining furnace operators and tenders,16,Speaking and listening,2.7
51-4051,Metal-refining furnace operators and tenders,17,Writing and reading,2.8
51-4052,"Pourers and casters, metal",1,Adaptability,3.2
51-4052,"Pourers and casters, metal",2,Computers and information technology,2.1
51-4052,"Pourers and casters, metal",3,Creativity and innovation,2.1
51-4052,"Pourers and casters, metal",4,Critical and analytical thinking,2.6
51-4052,"Pourers and casters, metal",5,Customer service,1.7
51-4052,"Pourers and casters, metal",6,Detail oriented,3.4
51-4052,"Pourers and casters, metal",7,Fine motor,3.1
51-4052,"Pourers and casters, metal",8,Interpersonal,2.7
51-4052,"Pourers and casters, metal",9,Leadership,2.8
51-4052,"Pourers and casters, metal",10,Mathematics,2.0
51-4052,"Pourers and casters, metal",11,Mechanical,2.7
51-4052,"Pourers and casters, metal",12,Physical strength and stamina,2.8
51-4052,"Pourers and casters, metal",13,Problem solving and decision making,2.7
51-4052,"Pourers and casters, metal",14,Project management,2.4
51-4052,"Pourers and casters, metal",15,Science,1.5
51-4052,"Pourers and casters, metal",16,Speaking and listening,2.5
51-4052,"Pourers and casters, metal",17,Writing and reading,2.5
51-4061,"Model makers, metal and plastic",1,Adaptability,3.2
51-4061,"Model makers, metal and plastic",2,Computers and information technology,2.5
51-4061,"Model makers, metal and plastic",3,Creativity and innovation,3.0
51-4061,"Model makers, metal and plastic",4,Critical and analytical thinking,3.0
51-4061,"Model makers, metal and plastic",5,Customer service,1.8
51-4061,"Model makers, metal and plastic",6,Detail oriented,3.8
51-4061,"Model makers, metal and plastic",7,Fine motor,3.7
51-4061,"Model makers, metal and plastic",8,Interpersonal,2.1
51-4061,"Model makers, metal and plastic",9,Leadership,2.1
51-4061,"Model makers, metal and plastic",10,Mathematics,3.0
51-4061,"Model makers, metal and plastic",11,Mechanical,3.1
51-4061,"Model makers, metal and plastic",12,Physical strength and stamina,2.5
51-4061,"Model makers, metal and plastic",13,Problem solving and decision making,3.1
51-4061,"Model makers, metal and plastic",14,Project management,2.2
51-4061,"Model makers, metal and plastic",15,Science,1.5
51-4061,"Model makers, metal and plastic",16,Speaking and listening,2.5
51-4061,"Model makers, metal and plastic",17,Writing and reading,2.9
51-4062,"Patternmakers, metal and plastic",1,Adaptability,3.5
51-4062,"Patternmakers, metal and plastic",2,Computers and information technology,2.8
51-4062,"Patternmakers, metal and plastic",3,Creativity and innovation,2.6
51-4062,"Patternmakers, metal and plastic",4,Critical and analytical thinking,2.8
51-4062,"Patternmakers, metal and plastic",5,Customer service,2.1
51-4062,"Patternmakers, metal and plastic",6,Detail oriented,3.8
51-4062,"Patternmakers, metal and plastic",7,Fine motor,3.3
51-4062,"Patternmakers, metal and plastic",8,Interpersonal,2.5
51-4062,"Patternmakers, metal and plastic",9,Leadership,2.7
51-4062,"Patternmakers, metal and plastic",10,Mathematics,2.6
51-4062,"Patternmakers, metal and plastic",11,Mechanical,2.7
51-4062,"Patternmakers, metal and plastic",12,Physical strength and stamina,2.5
51-4062,"Patternmakers, metal and plastic",13,Problem solving and decision making,3.1
51-4062,"Patternmakers, metal and plastic",14,Project management,2.3
51-4062,"Patternmakers, metal and plastic",15,Science,1.5
51-4062,"Patternmakers, metal and plastic",16,Speaking and listening,2.6
51-4062,"Patternmakers, metal and plastic",17,Writing and reading,2.7
51-4071,Foundry mold and coremakers,1,Adaptability,3.3
51-4071,Foundry mold and coremakers,2,Computers and information technology,1.9
51-4071,Foundry mold and coremakers,3,Creativity and innovation,2.2
51-4071,Foundry mold and coremakers,4,Critical and analytical thinking,2.6
51-4071,Foundry mold and coremakers,5,Customer service,2.1
51-4071,Foundry mold and coremakers,6,Detail oriented,3.7
51-4071,Foundry mold and coremakers,7,Fine motor,3.2
51-4071,Foundry mold and coremakers,8,Interpersonal,2.7
51-4071,Foundry mold and coremakers,9,Leadership,2.7
51-4071,Foundry mold and coremakers,10,Mathematics,2.2
51-4071,Foundry mold and coremakers,11,Mechanical,2.4
51-4071,Foundry mold and coremakers,12,Physical strength and stamina,3.1
51-4071,Foundry mold and coremakers,13,Problem solving and decision making,3.1
51-4071,Foundry mold and coremakers,14,Project management,2.3
51-4071,Foundry mold and coremakers,15,Science,2.3
51-4071,Foundry mold and coremakers,16,Speaking and listening,2.5
51-4071,Foundry mold and coremakers,17,Writing and reading,2.1
51-4072,"Molding, coremaking, and casting machine setters, operators, and tenders, metal and plastic",1,Adaptability,3.3
51-4072,"Molding, coremaking, and casting machine setters, operators, and tenders, metal and plastic",2,Computers and information technology,2.3
51-4072,"Molding, coremaking, and casting machine setters, operators, and tenders, metal and plastic",3,Creativity and innovation,2.2
51-4072,"Molding, coremaking, and casting machine setters, operators, and tenders, metal and plastic",4,Critical and analytical thinking,2.7
51-4072,"Molding, coremaking, and casting machine setters, operators, and tenders, metal and plastic",5,Customer service,1.9
51-4072,"Molding, coremaking, and casting machine setters, operators, and tenders, metal and plastic",6,Detail oriented,3.6
51-4072,"Molding, coremaking, and casting machine setters, operators, and tenders, metal and plastic",7,Fine motor,3.3
51-4072,"Molding, coremaking, and casting machine setters, operators, and tenders, metal and plastic",8,Interpersonal,2.8
51-4072,"Molding, coremaking, and casting machine setters, operators, and tenders, metal and plastic",9,Leadership,2.8
51-4072,"Molding, coremaking, and casting machine setters, operators, and tenders, metal and plastic",10,Mathematics,2.5
51-4072,"Molding, coremaking, and casting machine setters, operators, and tenders, metal and plastic",11,Mechanical,3.0
51-4072,"Molding, coremaking, and casting machine setters, operators, and tenders, metal and plastic",12,Physical strength and stamina,3.0
51-4072,"Molding, coremaking, and casting machine setters, operators, and tenders, metal and plastic",13,Problem solving and decision making,3.0
51-4072,"Molding, coremaking, and casting machine setters, operators, and tenders, metal and plastic",14,Project management,2.1
51-4072,"Molding, coremaking, and casting machine setters, operators, and tenders, metal and plastic",15,Science,1.7
51-4072,"Molding, coremaking, and casting machine setters, operators, and tenders, metal and plastic",16,Speaking and listening,2.7
51-4072,"Molding, coremaking, and casting machine setters, operators, and tenders, metal and plastic",17,Writing and reading,2.9
51-4081,"Multiple machine tool setters, operators, and tenders, metal and plastic",1,Adaptability,3.9
51-4081,"Multiple machine tool setters, operators, and tenders, metal and plastic",2,Computers and information technology,3.0
51-4081,"Multiple machine tool setters, operators, and tenders, metal and plastic",3,Creativity and innovation,2.7
51-4081,"Multiple machine tool setters, operators, and tenders, metal and plastic",4,Critical and analytical thinking,3.1
51-4081,"Multiple machine tool setters, operators, and tenders, metal and plastic",5,Customer service,2.2
51-4081,"Multiple machine tool setters, operators, and tenders, metal and plastic",6,Detail oriented,3.9
51-4081,"Multiple machine tool setters, operators, and tenders, metal and plastic",7,Fine motor,3.3
51-4081,"Multiple machine tool setters, operators, and tenders, metal and plastic",8,Interpersonal,3.1
51-4081,"Multiple machine tool setters, operators, and tenders, metal and plastic",9,Leadership,3.1
51-4081,"Multiple machine tool setters, operators, and tenders, metal and plastic",10,Mathematics,2.7
51-4081,"Multiple machine tool setters, operators, and tenders, metal and plastic",11,Mechanical,3.2
51-4081,"Multiple machine tool setters, operators, and tenders, metal and plastic",12,Physical strength and stamina,2.7
51-4081,"Multiple machine tool setters, operators, and tenders, metal and plastic",13,Problem solving and decision making,3.2
51-4081,"Multiple machine tool setters, operators, and tenders, metal and plastic",14,Project management,2.7
51-4081,"Multiple machine tool setters, operators, and tenders, metal and plastic",15,Science,1.6
51-4081,"Multiple machine tool setters, operators, and tenders, metal and plastic",16,Speaking and listening,2.7
51-4081,"Multiple machine tool setters, operators, and tenders, metal and plastic",17,Writing and reading,3.0
51-4111,Tool and die makers,1,Adaptability,3.7
51-4111,Tool and die makers,2,Computers and information technology,2.8
51-4111,Tool and die makers,3,Creativity and innovation,2.9
51-4111,Tool and die makers,4,Critical and analytical thinking,3.1
51-4111,Tool and die makers,5,Customer service,1.9
51-4111,Tool and die makers,6,Detail oriented,4.1
51-4111,Tool and die makers,7,Fine motor,3.3
51-4111,Tool and die makers,8,Interpersonal,2.5
51-4111,Tool and die makers,9,Leadership,2.7
51-4111,Tool and die makers,10,Mathematics,2.9
51-4111,Tool and die makers,11,Mechanical,3.1
51-4111,Tool and die makers,12,Physical strength and stamina,2.4
51-4111,Tool and die makers,13,Problem solving and decision making,3.6
51-4111,Tool and die makers,14,Project management,2.3
51-4111,Tool and die makers,15,Science,1.6
51-4111,Tool and die makers,16,Speaking and listening,2.6
51-4111,Tool and die makers,17,Writing and reading,2.8
51-4121,"Welders, cutters, solderers, and brazers",1,Adaptability,3.1
51-4121,"Welders, cutters, solderers, and brazers",2,Computers and information technology,1.8
51-4121,"Welders, cutters, solderers, and brazers",3,Creativity and innovation,2.3
51-4121,"Welders, cutters, solderers, and brazers",4,Critical and analytical thinking,2.6
51-4121,"Welders, cutters, solderers, and brazers",5,Customer service,2.0
51-4121,"Welders, cutters, solderers, and brazers",6,Detail oriented,3.7
51-4121,"Welders, cutters, solderers, and brazers",7,Fine motor,3.2
51-4121,"Welders, cutters, solderers, and brazers",8,Interpersonal,2.7
51-4121,"Welders, cutters, solderers, and brazers",9,Leadership,2.4
51-4121,"Welders, cutters, solderers, and brazers",10,Mathematics,2.3
51-4121,"Welders, cutters, solderers, and brazers",11,Mechanical,2.3
51-4121,"Welders, cutters, solderers, and brazers",12,Physical strength and stamina,2.6
51-4121,"Welders, cutters, solderers, and brazers",13,Problem solving and decision making,2.9
51-4121,"Welders, cutters, solderers, and brazers",14,Project management,2.0
51-4121,"Welders, cutters, solderers, and brazers",15,Science,1.7
51-4121,"Welders, cutters, solderers, and brazers",16,Speaking and listening,2.4
51-4121,"Welders, cutters, solderers, and brazers",17,Writing and reading,2.1
51-4122,"Welding, soldering, and brazing machine setters, operators, and tenders",1,Adaptability,3.3
51-4122,"Welding, soldering, and brazing machine setters, operators, and tenders",2,Computers and information technology,2.3
51-4122,"Welding, soldering, and brazing machine setters, operators, and tenders",3,Creativity and innovation,2.5
51-4122,"Welding, soldering, and brazing machine setters, operators, and tenders",4,Critical and analytical thinking,2.8
51-4122,"Welding, soldering, and brazing machine setters, operators, and tenders",5,Customer service,2.2
51-4122,"Welding, soldering, and brazing machine setters, operators, and tenders",6,Detail oriented,3.9
51-4122,"Welding, soldering, and brazing machine setters, operators, and tenders",7,Fine motor,3.2
51-4122,"Welding, soldering, and brazing machine setters, operators, and tenders",8,Interpersonal,2.6
51-4122,"Welding, soldering, and brazing machine setters, operators, and tenders",9,Leadership,2.8
51-4122,"Welding, soldering, and brazing machine setters, operators, and tenders",10,Mathematics,2.2
51-4122,"Welding, soldering, and brazing machine setters, operators, and tenders",11,Mechanical,2.8
51-4122,"Welding, soldering, and brazing machine setters, operators, and tenders",12,Physical strength and stamina,2.7
51-4122,"Welding, soldering, and brazing machine setters, operators, and tenders",13,Problem solving and decision making,3.2
51-4122,"Welding, soldering, and brazing machine setters, operators, and tenders",14,Project management,2.3
51-4122,"Welding, soldering, and brazing machine setters, operators, and tenders",15,Science,1.6
51-4122,"Welding, soldering, and brazing machine setters, operators, and tenders",16,Speaking and listening,2.6
51-4122,"Welding, soldering, and brazing machine setters, operators, and tenders",17,Writing and reading,2.7
51-4191,"Heat treating equipment setters, operators, and tenders, metal and plastic",1,Adaptability,3.3
51-4191,"Heat treating equipment setters, operators, and tenders, metal and plastic",2,Computers and information technology,2.5
51-4191,"Heat treating equipment setters, operators, and tenders, metal and plastic",3,Creativity and innovation,2.2
51-4191,"Heat treating equipment setters, operators, and tenders, metal and plastic",4,Critical and analytical thinking,2.7
51-4191,"Heat treating equipment setters, operators, and tenders, metal and plastic",5,Customer service,2.2
51-4191,"Heat treating equipment setters, operators, and tenders, metal and plastic",6,Detail oriented,3.5
51-4191,"Heat treating equipment setters, operators, and tenders, metal and plastic",7,Fine motor,3.4
51-4191,"Heat treating equipment setters, operators, and tenders, metal and plastic",8,Interpersonal,2.8
51-4191,"Heat treating equipment setters, operators, and tenders, metal and plastic",9,Leadership,2.9
51-4191,"Heat treating equipment setters, operators, and tenders, metal and plastic",10,Mathematics,2.9
51-4191,"Heat treating equipment setters, operators, and tenders, metal and plastic",11,Mechanical,2.9
51-4191,"Heat treating equipment setters, operators, and tenders, metal and plastic",12,Physical strength and stamina,3.2
51-4191,"Heat treating equipment setters, operators, and tenders, metal and plastic",13,Problem solving and decision making,3.1
51-4191,"Heat treating equipment setters, operators, and tenders, metal and plastic",14,Project management,2.1
51-4191,"Heat treating equipment setters, operators, and tenders, metal and plastic",15,Science,2.1
51-4191,"Heat treating equipment setters, operators, and tenders, metal and plastic",16,Speaking and listening,2.7
51-4191,"Heat treating equipment setters, operators, and tenders, metal and plastic",17,Writing and reading,2.9
51-4192,"Layout workers, metal and plastic",1,Adaptability,3.4
51-4192,"Layout workers, metal and plastic",2,Computers and information technology,2.3
51-4192,"Layout workers, metal and plastic",3,Creativity and innovation,2.7
51-4192,"Layout workers, metal and plastic",4,Critical and analytical thinking,2.9
51-4192,"Layout workers, metal and plastic",5,Customer service,2.6
51-4192,"Layout workers, metal and plastic",6,Detail oriented,4.0
51-4192,"Layout workers, metal and plastic",7,Fine motor,3.2
51-4192,"Layout workers, metal and plastic",8,Interpersonal,2.9
51-4192,"Layout workers, metal and plastic",9,Leadership,3.1
51-4192,"Layout workers, metal and plastic",10,Mathematics,3.3
51-4192,"Layout workers, metal and plastic",11,Mechanical,2.7
51-4192,"Layout workers, metal and plastic",12,Physical strength and stamina,2.8
51-4192,"Layout workers, metal and plastic",13,Problem solving and decision making,3.1
51-4192,"Layout workers, metal and plastic",14,Project management,2.5
51-4192,"Layout workers, metal and plastic",15,Science,1.7
51-4192,"Layout workers, metal and plastic",16,Speaking and listening,2.6
51-4192,"Layout workers, metal and plastic",17,Writing and reading,3.0
51-4193,"Plating machine setters, operators, and tenders, metal and plastic",1,Adaptability,3.3
51-4193,"Plating machine setters, operators, and tenders, metal and plastic",2,Computers and information technology,2.0
51-4193,"Plating machine setters, operators, and tenders, metal and plastic",3,Creativity and innovation,2.5
51-4193,"Plating machine setters, operators, and tenders, metal and plastic",4,Critical and analytical thinking,2.8
51-4193,"Plating machine setters, operators, and tenders, metal and plastic",5,Customer service,2.3
51-4193,"Plating machine setters, operators, and tenders, metal and plastic",6,Detail oriented,3.8
51-4193,"Plating machine setters, operators, and tenders, metal and plastic",7,Fine motor,3.2
51-4193,"Plating machine setters, operators, and tenders, metal and plastic",8,Interpersonal,2.9
51-4193,"Plating machine setters, operators, and tenders, metal and plastic",9,Leadership,3.1
51-4193,"Plating machine setters, operators, and tenders, metal and plastic",10,Mathematics,2.4
51-4193,"Plating machine setters, operators, and tenders, metal and plastic",11,Mechanical,2.6
51-4193,"Plating machine setters, operators, and tenders, metal and plastic",12,Physical strength and stamina,2.7
51-4193,"Plating machine setters, operators, and tenders, metal and plastic",13,Problem solving and decision making,3.1
51-4193,"Plating machine setters, operators, and tenders, metal and plastic",14,Project management,2.3
51-4193,"Plating machine setters, operators, and tenders, metal and plastic",15,Science,2.5
51-4193,"Plating machine setters, operators, and tenders, metal and plastic",16,Speaking and listening,2.7
51-4193,"Plating machine setters, operators, and tenders, metal and plastic",17,Writing and reading,2.9
51-4194,"Tool grinders, filers, and sharpeners",1,Adaptability,3.3
51-4194,"Tool grinders, filers, and sharpeners",2,Computers and information technology,2.4
51-4194,"Tool grinders, filers, and sharpeners",3,Creativity and innovation,2.6
51-4194,"Tool grinders, filers, and sharpeners",4,Critical and analytical thinking,2.9
51-4194,"Tool grinders, filers, and sharpeners",5,Customer service,2.2
51-4194,"Tool grinders, filers, and sharpeners",6,Detail oriented,3.8
51-4194,"Tool grinders, filers, and sharpeners",7,Fine motor,3.8
51-4194,"Tool grinders, filers, and sharpeners",8,Interpersonal,2.6
51-4194,"Tool grinders, filers, and sharpeners",9,Leadership,2.6
51-4194,"Tool grinders, filers, and sharpeners",10,Mathematics,3.0
51-4194,"Tool grinders, filers, and sharpeners",11,Mechanical,3.1
51-4194,"Tool grinders, filers, and sharpeners",12,Physical strength and stamina,2.7
51-4194,"Tool grinders, filers, and sharpeners",13,Problem solving and decision making,3.2
51-4194,"Tool grinders, filers, and sharpeners",14,Project management,2.5
51-4194,"Tool grinders, filers, and sharpeners",15,Science,1.6
51-4194,"Tool grinders, filers, and sharpeners",16,Speaking and listening,2.4
51-4194,"Tool grinders, filers, and sharpeners",17,Writing and reading,2.7
51-4199,"Metal workers and plastic workers, all other",1,Adaptability,3.3
51-4199,"Metal workers and plastic workers, all other",2,Computers and information technology,2.3
51-4199,"Metal workers and plastic workers, all other",3,Creativity and innovation,2.4
51-4199,"Metal workers and plastic workers, all other",4,Critical and analytical thinking,2.8
51-4199,"Metal workers and plastic workers, all other",5,Customer service,2.1
51-4199,"Metal workers and plastic workers, all other",6,Detail oriented,3.8
51-4199,"Metal workers and plastic workers, all other",7,Fine motor,3.4
51-4199,"Metal workers and plastic workers, all other",8,Interpersonal,2.7
51-4199,"Metal workers and plastic workers, all other",9,Leadership,2.7
51-4199,"Metal workers and plastic workers, all other",10,Mathematics,2.5
51-4199,"Metal workers and plastic workers, all other",11,Mechanical,2.8
51-4199,"Metal workers and plastic workers, all other",12,Physical strength and stamina,2.7
51-4199,"Metal workers and plastic workers, all other",13,Problem solving and decision making,3.1
51-4199,"Metal workers and plastic workers, all other",14,Project management,2.2
51-4199,"Metal workers and plastic workers, all other",15,Science,1.7
51-4199,"Metal workers and plastic workers, all other",16,Speaking and listening,2.6
51-4199,"Metal workers and plastic workers, all other",17,Writing and reading,2.6
51-5111,Prepress technicians and workers,1,Adaptability,3.8
51-5111,Prepress technicians and workers,2,Computers and information technology,3.6
51-5111,Prepress technicians and workers,3,Creativity and innovation,3.1
51-5111,Prepress technicians and workers,4,Critical and analytical thinking,2.9
51-5111,Prepress technicians and workers,5,Customer service,2.5
51-5111,Prepress technicians and workers,6,Detail oriented,3.8
51-5111,Prepress technicians and workers,7,Fine motor,2.9
51-5111,Prepress technicians and workers,8,Interpersonal,2.8
51-5111,Prepress technicians and workers,9,Leadership,3.0
51-5111,Prepress technicians and workers,10,Mathematics,2.4
51-5111,Prepress technicians and workers,11,Mechanical,2.2
51-5111,Prepress technicians and workers,12,Physical strength and stamina,1.4
51-5111,Prepress technicians and workers,13,Problem solving and decision making,3.2
51-5111,Prepress technicians and workers,14,Project management,2.6
51-5111,Prepress technicians and workers,15,Science,1.4
51-5111,Prepress technicians and workers,16,Speaking and listening,2.8
51-5111,Prepress technicians and workers,17,Writing and reading,3.0
51-5112,Printing press operators,1,Adaptability,3.4
51-5112,Printing press operators,2,Computers and information technology,2.6
51-5112,Printing press operators,3,Creativity and innovation,2.5
51-5112,Printing press operators,4,Critical and analytical thinking,2.8
51-5112,Printing press operators,5,Customer service,2.7
51-5112,Printing press operators,6,Detail oriented,3.9
51-5112,Printing press operators,7,Fine motor,3.4
51-5112,Printing press operators,8,Interpersonal,2.9
51-5112,Printing press operators,9,Leadership,3.2
51-5112,Printing press operators,10,Mathematics,2.2
51-5112,Printing press operators,11,Mechanical,3.3
51-5112,Printing press operators,12,Physical strength and stamina,2.8
51-5112,Printing press operators,13,Problem solving and decision making,3.5
51-5112,Printing press operators,14,Project management,3.1
51-5112,Printing press operators,15,Science,1.4
51-5112,Printing press operators,16,Speaking and listening,2.7
51-5112,Printing press operators,17,Writing and reading,2.8
51-5113,Print binding and finishing workers,1,Adaptability,3.4
51-5113,Print binding and finishing workers,2,Computers and information technology,2.2
51-5113,Print binding and finishing workers,3,Creativity and innovation,2.4
51-5113,Print binding and finishing workers,4,Critical and analytical thinking,2.8
51-5113,Print binding and finishing workers,5,Customer service,2.3
51-5113,Print binding and finishing workers,6,Detail oriented,3.8
51-5113,Print binding and finishing workers,7,Fine motor,3.3
51-5113,Print binding and finishing workers,8,Interpersonal,2.8
51-5113,Print binding and finishing workers,9,Leadership,3.0
51-5113,Print binding and finishing workers,10,Mathematics,2.3
51-5113,Print binding and finishing workers,11,Mechanical,2.9
51-5113,Print binding and finishing workers,12,Physical strength and stamina,2.8
51-5113,Print binding and finishing workers,13,Problem solving and decision making,3.3
51-5113,Print binding and finishing workers,14,Project management,2.3
51-5113,Print binding and finishing workers,15,Science,1.4
51-5113,Print binding and finishing workers,16,Speaking and listening,2.7
51-5113,Print binding and finishing workers,17,Writing and reading,3.0
51-6011,Laundry and dry-cleaning workers,1,Adaptability,3.1
51-6011,Laundry and dry-cleaning workers,2,Computers and information technology,1.7
51-6011,Laundry and dry-cleaning workers,3,Creativity and innovation,2.1
51-6011,Laundry and dry-cleaning workers,4,Critical and analytical thinking,2.4
51-6011,Laundry and dry-cleaning workers,5,Customer service,2.5
51-6011,Laundry and dry-cleaning workers,6,Detail oriented,3.1
51-6011,Laundry and dry-cleaning workers,7,Fine motor,2.8
51-6011,Laundry and dry-cleaning workers,8,Interpersonal,3.1
51-6011,Laundry and dry-cleaning workers,9,Leadership,2.9
51-6011,Laundry and dry-cleaning workers,10,Mathematics,1.9
51-6011,Laundry and dry-cleaning workers,11,Mechanical,2.2
51-6011,Laundry and dry-cleaning workers,12,Physical strength and stamina,2.7
51-6011,Laundry and dry-cleaning workers,13,Problem solving and decision making,2.8
51-6011,Laundry and dry-cleaning workers,14,Project management,2.5
51-6011,Laundry and dry-cleaning workers,15,Science,1.6
51-6011,Laundry and dry-cleaning workers,16,Speaking and listening,2.7
51-6011,Laundry and dry-cleaning workers,17,Writing and reading,2.3
51-6021,"Pressers, textile, garment, and related materials",1,Adaptability,3.3
51-6021,"Pressers, textile, garment, and related materials",2,Computers and information technology,1.8
51-6021,"Pressers, textile, garment, and related materials",3,Creativity and innovation,2.5
51-6021,"Pressers, textile, garment, and related materials",4,Critical and analytical thinking,2.3
51-6021,"Pressers, textile, garment, and related materials",5,Customer service,2.5
51-6021,"Pressers, textile, garment, and related materials",6,Detail oriented,3.4
51-6021,"Pressers, textile, garment, and related materials",7,Fine motor,3.2
51-6021,"Pressers, textile, garment, and related materials",8,Interpersonal,2.8
51-6021,"Pressers, textile, garment, and related materials",9,Leadership,2.4
51-6021,"Pressers, textile, garment, and related materials",10,Mathematics,1.8
51-6021,"Pressers, textile, garment, and related materials",11,Mechanical,2.4
51-6021,"Pressers, textile, garment, and related materials",12,Physical strength and stamina,2.8
51-6021,"Pressers, textile, garment, and related materials",13,Problem solving and decision making,2.2
51-6021,"Pressers, textile, garment, and related materials",14,Project management,2.3
51-6021,"Pressers, textile, garment, and related materials",15,Science,1.3
51-6021,"Pressers, textile, garment, and related materials",16,Speaking and listening,2.1
51-6021,"Pressers, textile, garment, and related materials",17,Writing and reading,2.0
51-6031,Sewing machine operators,1,Adaptability,3.1
51-6031,Sewing machine operators,2,Computers and information technology,1.6
51-6031,Sewing machine operators,3,Creativity and innovation,2.1
51-6031,Sewing machine operators,4,Critical and analytical thinking,2.4
51-6031,Sewing machine operators,5,Customer service,1.9
51-6031,Sewing machine operators,6,Detail oriented,3.3
51-6031,Sewing machine operators,7,Fine motor,3.5
51-6031,Sewing machine operators,8,Interpersonal,2.6
51-6031,Sewing machine operators,9,Leadership,2.3
51-6031,Sewing machine operators,10,Mathematics,2.1
51-6031,Sewing machine operators,11,Mechanical,2.1
51-6031,Sewing machine operators,12,Physical strength and stamina,2.3
51-6031,Sewing machine operators,13,Problem solving and decision making,2.7
51-6031,Sewing machine operators,14,Project management,2.1
51-6031,Sewing machine operators,15,Science,1.1
51-6031,Sewing machine operators,16,Speaking and listening,2.4
51-6031,Sewing machine operators,17,Writing and reading,2.3
51-6041,Shoe and leather workers and repairers,1,Adaptability,2.9
51-6041,Shoe and leather workers and repairers,2,Computers and information technology,1.8
51-6041,Shoe and leather workers and repairers,3,Creativity and innovation,2.4
51-6041,Shoe and leather workers and repairers,4,Critical and analytical thinking,2.7
51-6041,Shoe and leather workers and repairers,5,Customer service,2.7
51-6041,Shoe and leather workers and repairers,6,Detail oriented,3.4
51-6041,Shoe and leather workers and repairers,7,Fine motor,3.3
51-6041,Shoe and leather workers and repairers,8,Interpersonal,3.0
51-6041,Shoe and leather workers and repairers,9,Leadership,2.6
51-6041,Shoe and leather workers and repairers,10,Mathematics,1.9
51-6041,Shoe and leather workers and repairers,11,Mechanical,2.1
51-6041,Shoe and leather workers and repairers,12,Physical strength and stamina,2.5
51-6041,Shoe and leather workers and repairers,13,Problem solving and decision making,3.1
51-6041,Shoe and leather workers and repairers,14,Project management,2.3
51-6041,Shoe and leather workers and repairers,15,Science,1.3
51-6041,Shoe and leather workers and repairers,16,Speaking and listening,2.5
51-6041,Shoe and leather workers and repairers,17,Writing and reading,2.6
51-6042,Shoe machine operators and tenders,1,Adaptability,3.8
51-6042,Shoe machine operators and tenders,2,Computers and information technology,2.2
51-6042,Shoe machine operators and tenders,3,Creativity and innovation,2.4
51-6042,Shoe machine operators and tenders,4,Critical and analytical thinking,2.6
51-6042,Shoe machine operators and tenders,5,Customer service,2.5
51-6042,Shoe machine operators and tenders,6,Detail oriented,3.5
51-6042,Shoe machine operators and tenders,7,Fine motor,3.5
51-6042,Shoe machine operators and tenders,8,Interpersonal,3.0
51-6042,Shoe machine operators and tenders,9,Leadership,3.2
51-6042,Shoe machine operators and tenders,10,Mathematics,2.0
51-6042,Shoe machine operators and tenders,11,Mechanical,2.6
51-6042,Shoe machine operators and tenders,12,Physical strength and stamina,2.5
51-6042,Shoe machine operators and tenders,13,Problem solving and decision making,3.1
51-6042,Shoe machine operators and tenders,14,Project management,2.7
51-6042,Shoe machine operators and tenders,15,Science,1.4
51-6042,Shoe machine operators and tenders,16,Speaking and listening,2.6
51-6042,Shoe machine operators and tenders,17,Writing and reading,2.6
51-6051,"Sewers, hand",1,Adaptability,3.0
51-6051,"Sewers, hand",2,Computers and information technology,1.9
51-6051,"Sewers, hand",3,Creativity and innovation,2.4
51-6051,"Sewers, hand",4,Critical and analytical thinking,2.4
51-6051,"Sewers, hand",5,Customer service,2.3
51-6051,"Sewers, hand",6,Detail oriented,3.7
51-6051,"Sewers, hand",7,Fine motor,3.4
51-6051,"Sewers, hand",8,Interpersonal,2.5
51-6051,"Sewers, hand",9,Leadership,2.0
51-6051,"Sewers, hand",10,Mathematics,2.1
51-6051,"Sewers, hand",11,Mechanical,1.9
51-6051,"Sewers, hand",12,Physical strength and stamina,1.9
51-6051,"Sewers, hand",13,Problem solving and decision making,2.7
51-6051,"Sewers, hand",14,Project management,2.3
51-6051,"Sewers, hand",15,Science,1.2
51-6051,"Sewers, hand",16,Speaking and listening,2.3
51-6051,"Sewers, hand",17,Writing and reading,2.1
51-6052,"Tailors, dressmakers, and custom sewers",1,Adaptability,3.4
51-6052,"Tailors, dressmakers, and custom sewers",2,Computers and information technology,1.8
51-6052,"Tailors, dressmakers, and custom sewers",3,Creativity and innovation,2.9
51-6052,"Tailors, dressmakers, and custom sewers",4,Critical and analytical thinking,2.6
51-6052,"Tailors, dressmakers, and custom sewers",5,Customer service,3.0
51-6052,"Tailors, dressmakers, and custom sewers",6,Detail oriented,3.6
51-6052,"Tailors, dressmakers, and custom sewers",7,Fine motor,3.6
51-6052,"Tailors, dressmakers, and custom sewers",8,Interpersonal,2.9
51-6052,"Tailors, dressmakers, and custom sewers",9,Leadership,2.3
51-6052,"Tailors, dressmakers, and custom sewers",10,Mathematics,2.2
51-6052,"Tailors, dressmakers, and custom sewers",11,Mechanical,2.1
51-6052,"Tailors, dressmakers, and custom sewers",12,Physical strength and stamina,2.2
51-6052,"Tailors, dressmakers, and custom sewers",13,Problem solving and decision making,3.3
51-6052,"Tailors, dressmakers, and custom sewers",14,Project management,2.4
51-6052,"Tailors, dressmakers, and custom sewers",15,Science,1.3
51-6052,"Tailors, dressmakers, and custom sewers",16,Speaking and listening,2.8
51-6052,"Tailors, dressmakers, and custom sewers",17,Writing and reading,2.6
51-6061,Textile bleaching and dyeing machine operators and tenders,1,Adaptability,3.0
51-6061,Textile bleaching and dyeing machine operators and tenders,2,Computers and information technology,2.1
51-6061,Textile bleaching and dyeing machine operators and tenders,3,Creativity and innovation,2.1
51-6061,Textile bleaching and dyeing machine operators and tenders,4,Critical and analytical thinking,2.6
51-6061,Textile bleaching and dyeing machine operators and tenders,5,Customer service,2.0
51-6061,Textile bleaching and dyeing machine operators and tenders,6,Detail oriented,3.6
51-6061,Textile bleaching and dyeing machine operators and tenders,7,Fine motor,3.3
51-6061,Textile bleaching and dyeing machine operators and tenders,8,Interpersonal,2.4
51-6061,Textile bleaching and dyeing machine operators and tenders,9,Leadership,2.4
51-6061,Textile bleaching and dyeing machine operators and tenders,10,Mathematics,2.4
51-6061,Textile bleaching and dyeing machine operators and tenders,11,Mechanical,2.6
51-6061,Textile bleaching and dyeing machine operators and tenders,12,Physical strength and stamina,2.8
51-6061,Textile bleaching and dyeing machine operators and tenders,13,Problem solving and decision making,3.2
51-6061,Textile bleaching and dyeing machine operators and tenders,14,Project management,2.3
51-6061,Textile bleaching and dyeing machine operators and tenders,15,Science,1.5
51-6061,Textile bleaching and dyeing machine operators and tenders,16,Speaking and listening,2.6
51-6061,Textile bleaching and dyeing machine operators and tenders,17,Writing and reading,2.7
51-6062,"Textile cutting machine setters, operators, and tenders",1,Adaptability,3.3
51-6062,"Textile cutting machine setters, operators, and tenders",2,Computers and information technology,2.3
51-6062,"Textile cutting machine setters, operators, and tenders",3,Creativity and innovation,2.3
51-6062,"Textile cutting machine setters, operators, and tenders",4,Critical and analytical thinking,2.7
51-6062,"Textile cutting machine setters, operators, and tenders",5,Customer service,2.0
51-6062,"Textile cutting machine setters, operators, and tenders",6,Detail oriented,3.9
51-6062,"Textile cutting machine setters, operators, and tenders",7,Fine motor,3.2
51-6062,"Textile cutting machine setters, operators, and tenders",8,Interpersonal,2.8
51-6062,"Textile cutting machine setters, operators, and tenders",9,Leadership,2.8
51-6062,"Textile cutting machine setters, operators, and tenders",10,Mathematics,2.2
51-6062,"Textile cutting machine setters, operators, and tenders",11,Mechanical,2.9
51-6062,"Textile cutting machine setters, operators, and tenders",12,Physical strength and stamina,2.8
51-6062,"Textile cutting machine setters, operators, and tenders",13,Problem solving and decision making,2.8
51-6062,"Textile cutting machine setters, operators, and tenders",14,Project management,2.4
51-6062,"Textile cutting machine setters, operators, and tenders",15,Science,1.3
51-6062,"Textile cutting machine setters, operators, and tenders",16,Speaking and listening,2.5
51-6062,"Textile cutting machine setters, operators, and tenders",17,Writing and reading,2.6
51-6063,"Textile knitting and weaving machine setters, operators, and tenders",1,Adaptability,3.5
51-6063,"Textile knitting and weaving machine setters, operators, and tenders",2,Computers and information technology,2.3
51-6063,"Textile knitting and weaving machine setters, operators, and tenders",3,Creativity and innovation,2.3
51-6063,"Textile knitting and weaving machine setters, operators, and tenders",4,Critical and analytical thinking,2.6
51-6063,"Textile knitting and weaving machine setters, operators, and tenders",5,Customer service,2.1
51-6063,"Textile knitting and weaving machine setters, operators, and tenders",6,Detail oriented,3.5
51-6063,"Textile knitting and weaving machine setters, operators, and tenders",7,Fine motor,3.6
51-6063,"Textile knitting and weaving machine setters, operators, and tenders",8,Interpersonal,2.7
51-6063,"Textile knitting and weaving machine setters, operators, and tenders",9,Leadership,2.8
51-6063,"Textile knitting and weaving machine setters, operators, and tenders",10,Mathematics,2.0
51-6063,"Textile knitting and weaving machine setters, operators, and tenders",11,Mechanical,2.7
51-6063,"Textile knitting and weaving machine setters, operators, and tenders",12,Physical strength and stamina,2.9
51-6063,"Textile knitting and weaving machine setters, operators, and tenders",13,Problem solving and decision making,2.9
51-6063,"Textile knitting and weaving machine setters, operators, and tenders",14,Project management,2.2
51-6063,"Textile knitting and weaving machine setters, operators, and tenders",15,Science,1.3
51-6063,"Textile knitting and weaving machine setters, operators, and tenders",16,Speaking and listening,2.6
51-6063,"Textile knitting and weaving machine setters, operators, and tenders",17,Writing and reading,2.6
51-6064,"Textile winding, twisting, and drawing out machine setters, operators, and tenders",1,Adaptability,3.3
51-6064,"Textile winding, twisting, and drawing out machine setters, operators, and tenders",2,Computers and information technology,2.0
51-6064,"Textile winding, twisting, and drawing out machine setters, operators, and tenders",3,Creativity and innovation,2.1
51-6064,"Textile winding, twisting, and drawing out machine setters, operators, and tenders",4,Critical and analytical thinking,2.6
51-6064,"Textile winding, twisting, and drawing out machine setters, operators, and tenders",5,Customer service,2.0
51-6064,"Textile winding, twisting, and drawing out machine setters, operators, and tenders",6,Detail oriented,3.4
51-6064,"Textile winding, twisting, and drawing out machine setters, operators, and tenders",7,Fine motor,3.6
51-6064,"Textile winding, twisting, and drawing out machine setters, operators, and tenders",8,Interpersonal,2.6
51-6064,"Textile winding, twisting, and drawing out machine setters, operators, and tenders",9,Leadership,2.5
51-6064,"Textile winding, twisting, and drawing out machine setters, operators, and tenders",10,Mathematics,2.2
51-6064,"Textile winding, twisting, and drawing out machine setters, operators, and tenders",11,Mechanical,2.7
51-6064,"Textile winding, twisting, and drawing out machine setters, operators, and tenders",12,Physical strength and stamina,3.1
51-6064,"Textile winding, twisting, and drawing out machine setters, operators, and tenders",13,Problem solving and decision making,2.7
51-6064,"Textile winding, twisting, and drawing out machine setters, operators, and tenders",14,Project management,2.1
51-6064,"Textile winding, twisting, and drawing out machine setters, operators, and tenders",15,Science,1.3
51-6064,"Textile winding, twisting, and drawing out machine setters, operators, and tenders",16,Speaking and listening,2.6
51-6064,"Textile winding, twisting, and drawing out machine setters, operators, and tenders",17,Writing and reading,2.4
51-6091,"Extruding and forming machine setters, operators, and tenders, synthetic and glass fibers",1,Adaptability,3.5
51-6091,"Extruding and forming machine setters, operators, and tenders, synthetic and glass fibers",2,Computers and information technology,2.8
51-6091,"Extruding and forming machine setters, operators, and tenders, synthetic and glass fibers",3,Creativity and innovation,2.3
51-6091,"Extruding and forming machine setters, operators, and tenders, synthetic and glass fibers",4,Critical and analytical thinking,2.8
51-6091,"Extruding and forming machine setters, operators, and tenders, synthetic and glass fibers",5,Customer service,2.3
51-6091,"Extruding and forming machine setters, operators, and tenders, synthetic and glass fibers",6,Detail oriented,3.7
51-6091,"Extruding and forming machine setters, operators, and tenders, synthetic and glass fibers",7,Fine motor,3.4
51-6091,"Extruding and forming machine setters, operators, and tenders, synthetic and glass fibers",8,Interpersonal,2.7
51-6091,"Extruding and forming machine setters, operators, and tenders, synthetic and glass fibers",9,Leadership,3.0
51-6091,"Extruding and forming machine setters, operators, and tenders, synthetic and glass fibers",10,Mathematics,2.3
51-6091,"Extruding and forming machine setters, operators, and tenders, synthetic and glass fibers",11,Mechanical,3.0
51-6091,"Extruding and forming machine setters, operators, and tenders, synthetic and glass fibers",12,Physical strength and stamina,2.7
51-6091,"Extruding and forming machine setters, operators, and tenders, synthetic and glass fibers",13,Problem solving and decision making,3.4
51-6091,"Extruding and forming machine setters, operators, and tenders, synthetic and glass fibers",14,Project management,2.3
51-6091,"Extruding and forming machine setters, operators, and tenders, synthetic and glass fibers",15,Science,1.6
51-6091,"Extruding and forming machine setters, operators, and tenders, synthetic and glass fibers",16,Speaking and listening,2.8
51-6091,"Extruding and forming machine setters, operators, and tenders, synthetic and glass fibers",17,Writing and reading,2.8
51-6092,Fabric and apparel patternmakers,1,Adaptability,3.9
51-6092,Fabric and apparel patternmakers,2,Computers and information technology,3.2
51-6092,Fabric and apparel patternmakers,3,Creativity and innovation,3.4
51-6092,Fabric and apparel patternmakers,4,Critical and analytical thinking,3.4
51-6092,Fabric and apparel patternmakers,5,Customer service,2.2
51-6092,Fabric and apparel patternmakers,6,Detail oriented,4.0
51-6092,Fabric and apparel patternmakers,7,Fine motor,3.1
51-6092,Fabric and apparel patternmakers,8,Interpersonal,3.0
51-6092,Fabric and apparel patternmakers,9,Leadership,2.9
51-6092,Fabric and apparel patternmakers,10,Mathematics,3.6
51-6092,Fabric and apparel patternmakers,11,Mechanical,1.8
51-6092,Fabric and apparel patternmakers,12,Physical strength and stamina,2.3
51-6092,Fabric and apparel patternmakers,13,Problem solving and decision making,3.6
51-6092,Fabric and apparel patternmakers,14,Project management,2.5
51-6092,Fabric and apparel patternmakers,15,Science,1.4
51-6092,Fabric and apparel patternmakers,16,Speaking and listening,2.9
51-6092,Fabric and apparel patternmakers,17,Writing and reading,3.3
51-6093,Upholsterers,1,Adaptability,3.3
51-6093,Upholsterers,2,Computers and information technology,1.6
51-6093,Upholsterers,3,Creativity and innovation,2.8
51-6093,Upholsterers,4,Critical and analytical thinking,2.8
51-6093,Upholsterers,5,Customer service,2.8
51-6093,Upholsterers,6,Detail oriented,3.5
51-6093,Upholsterers,7,Fine motor,3.7
51-6093,Upholsterers,8,Interpersonal,3.0
51-6093,Upholsterers,9,Leadership,2.8
51-6093,Upholsterers,10,Mathematics,2.6
51-6093,Upholsterers,11,Mechanical,2.4
51-6093,Upholsterers,12,Physical strength and stamina,3.1
51-6093,Upholsterers,13,Problem solving and decision making,3.1
51-6093,Upholsterers,14,Project management,2.7
51-6093,Upholsterers,15,Science,1.4
51-6093,Upholsterers,16,Speaking and listening,2.6
51-6093,Upholsterers,17,Writing and reading,2.8
51-6099,"Textile, apparel, and furnishings workers, all other",1,Adaptability,3.2
51-6099,"Textile, apparel, and furnishings workers, all other",2,Computers and information technology,1.8
51-6099,"Textile, apparel, and furnishings workers, all other",3,Creativity and innovation,2.2
51-6099,"Textile, apparel, and furnishings workers, all other",4,Critical and analytical thinking,2.5
51-6099,"Textile, apparel, and furnishings workers, all other",5,Customer service,2.4
51-6099,"Textile, apparel, and furnishings workers, all other",6,Detail oriented,3.3
51-6099,"Textile, apparel, and furnishings workers, all other",7,Fine motor,3.2
51-6099,"Textile, apparel, and furnishings workers, all other",8,Interpersonal,2.9
51-6099,"Textile, apparel, and furnishings workers, all other",9,Leadership,2.7
51-6099,"Textile, apparel, and furnishings workers, all other",10,Mathematics,2.0
51-6099,"Textile, apparel, and furnishings workers, all other",11,Mechanical,2.3
51-6099,"Textile, apparel, and furnishings workers, all other",12,Physical strength and stamina,2.6
51-6099,"Textile, apparel, and furnishings workers, all other",13,Problem solving and decision making,2.8
51-6099,"Textile, apparel, and furnishings workers, all other",14,Project management,2.4
51-6099,"Textile, apparel, and furnishings workers, all other",15,Science,1.4
51-6099,"Textile, apparel, and furnishings workers, all other",16,Speaking and listening,2.6
51-6099,"Textile, apparel, and furnishings workers, all other",17,Writing and reading,2.4
51-7011,Cabinetmakers and bench carpenters,1,Adaptability,3.4
51-7011,Cabinetmakers and bench carpenters,2,Computers and information technology,1.8
51-7011,Cabinetmakers and bench carpenters,3,Creativity and innovation,2.6
51-7011,Cabinetmakers and bench carpenters,4,Critical and analytical thinking,3.0
51-7011,Cabinetmakers and bench carpenters,5,Customer service,2.8
51-7011,Cabinetmakers and bench carpenters,6,Detail oriented,3.5
51-7011,Cabinetmakers and bench carpenters,7,Fine motor,3.6
51-7011,Cabinetmakers and bench carpenters,8,Interpersonal,2.7
51-7011,Cabinetmakers and bench carpenters,9,Leadership,2.4
51-7011,Cabinetmakers and bench carpenters,10,Mathematics,3.2
51-7011,Cabinetmakers and bench carpenters,11,Mechanical,3.0
51-7011,Cabinetmakers and bench carpenters,12,Physical strength and stamina,3.2
51-7011,Cabinetmakers and bench carpenters,13,Problem solving and decision making,3.3
51-7011,Cabinetmakers and bench carpenters,14,Project management,2.4
51-7011,Cabinetmakers and bench carpenters,15,Science,1.5
51-7011,Cabinetmakers and bench carpenters,16,Speaking and listening,2.5
51-7011,Cabinetmakers and bench carpenters,17,Writing and reading,2.8
51-7021,Furniture finishers,1,Adaptability,3.3
51-7021,Furniture finishers,2,Computers and information technology,1.8
51-7021,Furniture finishers,3,Creativity and innovation,2.9
51-7021,Furniture finishers,4,Critical and analytical thinking,2.8
51-7021,Furniture finishers,5,Customer service,2.3
51-7021,Furniture finishers,6,Detail oriented,3.6
51-7021,Furniture finishers,7,Fine motor,3.6
51-7021,Furniture finishers,8,Interpersonal,3.2
51-7021,Furniture finishers,9,Leadership,3.1
51-7021,Furniture finishers,10,Mathematics,2.1
51-7021,Furniture finishers,11,Mechanical,2.3
51-7021,Furniture finishers,12,Physical strength and stamina,3.1
51-7021,Furniture finishers,13,Problem solving and decision making,3.3
51-7021,Furniture finishers,14,Project management,2.6
51-7021,Furniture finishers,15,Science,1.6
51-7021,Furniture finishers,16,Speaking and listening,2.7
51-7021,Furniture finishers,17,Writing and reading,2.6
51-7031,"Model makers, wood",1,Adaptability,3.5
51-7031,"Model makers, wood",2,Computers and information technology,2.3
51-7031,"Model makers, wood",3,Creativity and innovation,3.1
51-7031,"Model makers, wood",4,Critical and analytical thinking,3.1
51-7031,"Model makers, wood",5,Customer service,2.3
51-7031,"Model makers, wood",6,Detail oriented,3.6
51-7031,"Model makers, wood",7,Fine motor,3.4
51-7031,"Model makers, wood",8,Interpersonal,2.9
51-7031,"Model makers, wood",9,Leadership,2.8
51-7031,"Model makers, wood",10,Mathematics,2.8
51-7031,"Model makers, wood",11,Mechanical,2.5
51-7031,"Model makers, wood",12,Physical strength and stamina,2.6
51-7031,"Model makers, wood",13,Problem solving and decision making,3.1
51-7031,"Model makers, wood",14,Project management,2.2
51-7031,"Model makers, wood",15,Science,1.7
51-7031,"Model makers, wood",16,Speaking and listening,2.7
51-7031,"Model makers, wood",17,Writing and reading,3.0
51-7032,"Patternmakers, wood",1,Adaptability,3.5
51-7032,"Patternmakers, wood",2,Computers and information technology,2.6
51-7032,"Patternmakers, wood",3,Creativity and innovation,3.0
51-7032,"Patternmakers, wood",4,Critical and analytical thinking,3.0
51-7032,"Patternmakers, wood",5,Customer service,2.5
51-7032,"Patternmakers, wood",6,Detail oriented,3.8
51-7032,"Patternmakers, wood",7,Fine motor,3.6
51-7032,"Patternmakers, wood",8,Interpersonal,2.7
51-7032,"Patternmakers, wood",9,Leadership,2.6
51-7032,"Patternmakers, wood",10,Mathematics,3.2
51-7032,"Patternmakers, wood",11,Mechanical,2.8
51-7032,"Patternmakers, wood",12,Physical strength and stamina,2.7
51-7032,"Patternmakers, wood",13,Problem solving and decision making,3.5
51-7032,"Patternmakers, wood",14,Project management,2.7
51-7032,"Patternmakers, wood",15,Science,1.6
51-7032,"Patternmakers, wood",16,Speaking and listening,2.7
51-7032,"Patternmakers, wood",17,Writing and reading,2.9
51-7041,"Sawing machine setters, operators, and tenders, wood",1,Adaptability,3.3
51-7041,"Sawing machine setters, operators, and tenders, wood",2,Computers and information technology,1.7
51-7041,"Sawing machine setters, operators, and tenders, wood",3,Creativity and innovation,2.2
51-7041,"Sawing machine setters, operators, and tenders, wood",4,Critical and analytical thinking,2.6
51-7041,"Sawing machine setters, operators, and tenders, wood",5,Customer service,1.6
51-7041,"Sawing machine setters, operators, and tenders, wood",6,Detail oriented,3.7
51-7041,"Sawing machine setters, operators, and tenders, wood",7,Fine motor,3.4
51-7041,"Sawing machine setters, operators, and tenders, wood",8,Interpersonal,2.7
51-7041,"Sawing machine setters, operators, and tenders, wood",9,Leadership,2.7
51-7041,"Sawing machine setters, operators, and tenders, wood",10,Mathematics,2.2
51-7041,"Sawing machine setters, operators, and tenders, wood",11,Mechanical,2.8
51-7041,"Sawing machine setters, operators, and tenders, wood",12,Physical strength and stamina,2.9
51-7041,"Sawing machine setters, operators, and tenders, wood",13,Problem solving and decision making,3.0
51-7041,"Sawing machine setters, operators, and tenders, wood",14,Project management,2.1
51-7041,"Sawing machine setters, operators, and tenders, wood",15,Science,1.2
51-7041,"Sawing machine setters, operators, and tenders, wood",16,Speaking and listening,2.4
51-7041,"Sawing machine setters, operators, and tenders, wood",17,Writing and reading,2.2
51-7042,"Woodworking machine setters, operators, and tenders, except sawing",1,Adaptability,3.1
51-7042,"Woodworking machine setters, operators, and tenders, except sawing",2,Computers and information technology,1.9
51-7042,"Woodworking machine setters, operators, and tenders, except sawing",3,Creativity and innovation,2.3
51-7042,"Woodworking machine setters, operators, and tenders, except sawing",4,Critical and analytical thinking,2.6
51-7042,"Woodworking machine setters, operators, and tenders, except sawing",5,Customer service,2.0
51-7042,"Woodworking machine setters, operators, and tenders, except sawing",6,Detail oriented,3.7
51-7042,"Woodworking machine setters, operators, and tenders, except sawing",7,Fine motor,3.5
51-7042,"Woodworking machine setters, operators, and tenders, except sawing",8,Interpersonal,2.3
51-7042,"Woodworking machine setters, operators, and tenders, except sawing",9,Leadership,2.4
51-7042,"Woodworking machine setters, operators, and tenders, except sawing",10,Mathematics,2.4
51-7042,"Woodworking machine setters, operators, and tenders, except sawing",11,Mechanical,2.9
51-7042,"Woodworking machine setters, operators, and tenders, except sawing",12,Physical strength and stamina,3.0
51-7042,"Woodworking machine setters, operators, and tenders, except sawing",13,Problem solving and decision making,3.1
51-7042,"Woodworking machine setters, operators, and tenders, except sawing",14,Project management,1.9
51-7042,"Woodworking machine setters, operators, and tenders, except sawing",15,Science,1.5
51-7042,"Woodworking machine setters, operators, and tenders, except sawing",16,Speaking and listening,2.6
51-7042,"Woodworking machine setters, operators, and tenders, except sawing",17,Writing and reading,2.3
51-7099,"Woodworkers, all other",1,Adaptability,3.3
51-7099,"Woodworkers, all other",2,Computers and information technology,1.8
51-7099,"Woodworkers, all other",3,Creativity and innovation,2.4
51-7099,"Woodworkers, all other",4,Critical and analytical thinking,2.8
51-7099,"Woodworkers, all other",5,Customer service,2.3
51-7099,"Woodworkers, all other",6,Detail oriented,3.6
51-7099,"Woodworkers, all other",7,Fine motor,3.5
51-7099,"Woodworkers, all other",8,Interpersonal,2.6
51-7099,"Woodworkers, all other",9,Leadership,2.5
51-7099,"Woodworkers, all other",10,Mathematics,2.7
51-7099,"Woodworkers, all other",11,Mechanical,2.8
51-7099,"Woodworkers, all other",12,Physical strength and stamina,3.1
51-7099,"Woodworkers, all other",13,Problem solving and decision making,3.2
51-7099,"Woodworkers, all other",14,Project management,2.2
51-7099,"Woodworkers, all other",15,Science,1.5
51-7099,"Woodworkers, all other",16,Speaking and listening,2.5
51-7099,"Woodworkers, all other",17,Writing and reading,2.5
51-8011,Nuclear power reactor operators,1,Adaptability,3.9
51-8011,Nuclear power reactor operators,2,Computers and information technology,3.6
51-8011,Nuclear power reactor operators,3,Creativity and innovation,2.3
51-8011,Nuclear power reactor operators,4,Critical and analytical thinking,3.5
51-8011,Nuclear power reactor operators,5,Customer service,2.2
51-8011,Nuclear power reactor operators,6,Detail oriented,4.5
51-8011,Nuclear power reactor operators,7,Fine motor,2.8
51-8011,Nuclear power reactor operators,8,Interpersonal,2.9
51-8011,Nuclear power reactor operators,9,Leadership,3.4
51-8011,Nuclear power reactor operators,10,Mathematics,3.1
51-8011,Nuclear power reactor operators,11,Mechanical,2.4
51-8011,Nuclear power reactor operators,12,Physical strength and stamina,1.5
51-8011,Nuclear power reactor operators,13,Problem solving and decision making,3.7
51-8011,Nuclear power reactor operators,14,Project management,2.5
51-8011,Nuclear power reactor operators,15,Science,3.0
51-8011,Nuclear power reactor operators,16,Speaking and listening,3.3
51-8011,Nuclear power reactor operators,17,Writing and reading,3.7
51-8012,Power distributors and dispatchers,1,Adaptability,4.1
51-8012,Power distributors and dispatchers,2,Computers and information technology,3.6
51-8012,Power distributors and dispatchers,3,Creativity and innovation,2.4
51-8012,Power distributors and dispatchers,4,Critical and analytical thinking,3.6
51-8012,Power distributors and dispatchers,5,Customer service,2.8
51-8012,Power distributors and dispatchers,6,Detail oriented,4.3
51-8012,Power distributors and dispatchers,7,Fine motor,2.4
51-8012,Power distributors and dispatchers,8,Interpersonal,2.9
51-8012,Power distributors and dispatchers,9,Leadership,3.1
51-8012,Power distributors and dispatchers,10,Mathematics,2.9
51-8012,Power distributors and dispatchers,11,Mechanical,2.0
51-8012,Power distributors and dispatchers,12,Physical strength and stamina,1.6
51-8012,Power distributors and dispatchers,13,Problem solving and decision making,3.9
51-8012,Power distributors and dispatchers,14,Project management,2.7
51-8012,Power distributors and dispatchers,15,Science,2.0
51-8012,Power distributors and dispatchers,16,Speaking and listening,3.2
51-8012,Power distributors and dispatchers,17,Writing and reading,3.5
51-8013,Power plant operators,1,Adaptability,3.6
51-8013,Power plant operators,2,Computers and information technology,3.1
51-8013,Power plant operators,3,Creativity and innovation,2.6
51-8013,Power plant operators,4,Critical and analytical thinking,3.3
51-8013,Power plant operators,5,Customer service,2.3
51-8013,Power plant operators,6,Detail oriented,4.1
51-8013,Power plant operators,7,Fine motor,3.0
51-8013,Power plant operators,8,Interpersonal,3.1
51-8013,Power plant operators,9,Leadership,3.1
51-8013,Power plant operators,10,Mathematics,2.1
51-8013,Power plant operators,11,Mechanical,3.3
51-8013,Power plant operators,12,Physical strength and stamina,2.4
51-8013,Power plant operators,13,Problem solving and decision making,3.5
51-8013,Power plant operators,14,Project management,2.6
51-8013,Power plant operators,15,Science,2.5
51-8013,Power plant operators,16,Speaking and listening,3.0
51-8013,Power plant operators,17,Writing and reading,3.0
51-8021,Stationary engineers and boiler operators,1,Adaptability,3.7
51-8021,Stationary engineers and boiler operators,2,Computers and information technology,3.3
51-8021,Stationary engineers and boiler operators,3,Creativity and innovation,2.6
51-8021,Stationary engineers and boiler operators,4,Critical and analytical thinking,3.0
51-8021,Stationary engineers and boiler operators,5,Customer service,2.7
51-8021,Stationary engineers and boiler operators,6,Detail oriented,4.0
51-8021,Stationary engineers and boiler operators,7,Fine motor,3.0
51-8021,Stationary engineers and boiler operators,8,Interpersonal,3.0
51-8021,Stationary engineers and boiler operators,9,Leadership,3.4
51-8021,Stationary engineers and boiler operators,10,Mathematics,2.4
51-8021,Stationary engineers and boiler operators,11,Mechanical,3.4
51-8021,Stationary engineers and boiler operators,12,Physical strength and stamina,2.6
51-8021,Stationary engineers and boiler operators,13,Problem solving and decision making,3.6
51-8021,Stationary engineers and boiler operators,14,Project management,2.7
51-8021,Stationary engineers and boiler operators,15,Science,2.7
51-8021,Stationary engineers and boiler operators,16,Speaking and listening,3.0
51-8021,Stationary engineers and boiler operators,17,Writing and reading,3.0
51-8031,Water and wastewater treatment plant and system operators,1,Adaptability,3.6
51-8031,Water and wastewater treatment plant and system operators,2,Computers and information technology,3.5
51-8031,Water and wastewater treatment plant and system operators,3,Creativity and innovation,2.3
51-8031,Water and wastewater treatment plant and system operators,4,Critical and analytical thinking,3.1
51-8031,Water and wastewater treatment plant and system operators,5,Customer service,2.9
51-8031,Water and wastewater treatment plant and system operators,6,Detail oriented,3.8
51-8031,Water and wastewater treatment plant and system operators,7,Fine motor,2.9
51-8031,Water and wastewater treatment plant and system operators,8,Interpersonal,2.9
51-8031,Water and wastewater treatment plant and system operators,9,Leadership,3.2
51-8031,Water and wastewater treatment plant and system operators,10,Mathematics,2.9
51-8031,Water and wastewater treatment plant and system operators,11,Mechanical,3.3
51-8031,Water and wastewater treatment plant and system operators,12,Physical strength and stamina,2.5
51-8031,Water and wastewater treatment plant and system operators,13,Problem solving and decision making,3.5
51-8031,Water and wastewater treatment plant and system operators,14,Project management,2.9
51-8031,Water and wastewater treatment plant and system operators,15,Science,3.0
51-8031,Water and wastewater treatment plant and system operators,16,Speaking and listening,3.0
51-8031,Water and wastewater treatment plant and system operators,17,Writing and reading,3.1
51-8091,Chemical plant and system operators,1,Adaptability,3.4
51-8091,Chemical plant and system operators,2,Computers and information technology,3.0
51-8091,Chemical plant and system operators,3,Creativity and innovation,1.9
51-8091,Chemical plant and system operators,4,Critical and analytical thinking,3.1
51-8091,Chemical plant and system operators,5,Customer service,2.1
51-8091,Chemical plant and system operators,6,Detail oriented,4.2
51-8091,Chemical plant and system operators,7,Fine motor,3.3
51-8091,Chemical plant and system operators,8,Interpersonal,2.8
51-8091,Chemical plant and system operators,9,Leadership,3.0
51-8091,Chemical plant and system operators,10,Mathematics,2.8
51-8091,Chemical plant and system operators,11,Mechanical,2.8
51-8091,Chemical plant and system operators,12,Physical strength and stamina,2.6
51-8091,Chemical plant and system operators,13,Problem solving and decision making,3.7
51-8091,Chemical plant and system operators,14,Project management,2.0
51-8091,Chemical plant and system operators,15,Science,2.6
51-8091,Chemical plant and system operators,16,Speaking and listening,2.9
51-8091,Chemical plant and system operators,17,Writing and reading,3.2
51-8092,Gas plant operators,1,Adaptability,3.7
51-8092,Gas plant operators,2,Computers and information technology,3.5
51-8092,Gas plant operators,3,Creativity and innovation,2.4
51-8092,Gas plant operators,4,Critical and analytical thinking,3.2
51-8092,Gas plant operators,5,Customer service,2.5
51-8092,Gas plant operators,6,Detail oriented,4.1
51-8092,Gas plant operators,7,Fine motor,3.0
51-8092,Gas plant operators,8,Interpersonal,3.1
51-8092,Gas plant operators,9,Leadership,3.1
51-8092,Gas plant operators,10,Mathematics,2.9
51-8092,Gas plant operators,11,Mechanical,3.0
51-8092,Gas plant operators,12,Physical strength and stamina,2.4
51-8092,Gas plant operators,13,Problem solving and decision making,3.7
51-8092,Gas plant operators,14,Project management,2.7
51-8092,Gas plant operators,15,Science,2.2
51-8092,Gas plant operators,16,Speaking and listening,2.8
51-8092,Gas plant operators,17,Writing and reading,3.1
51-8093,"Petroleum pump system operators, refinery operators, and gaugers",1,Adaptability,3.6
51-8093,"Petroleum pump system operators, refinery operators, and gaugers",2,Computers and information technology,3.0
51-8093,"Petroleum pump system operators, refinery operators, and gaugers",3,Creativity and innovation,2.3
51-8093,"Petroleum pump system operators, refinery operators, and gaugers",4,Critical and analytical thinking,3.0
51-8093,"Petroleum pump system operators, refinery operators, and gaugers",5,Customer service,2.2
51-8093,"Petroleum pump system operators, refinery operators, and gaugers",6,Detail oriented,4.0
51-8093,"Petroleum pump system operators, refinery operators, and gaugers",7,Fine motor,3.2
51-8093,"Petroleum pump system operators, refinery operators, and gaugers",8,Interpersonal,3.0
51-8093,"Petroleum pump system operators, refinery operators, and gaugers",9,Leadership,3.0
51-8093,"Petroleum pump system operators, refinery operators, and gaugers",10,Mathematics,2.9
51-8093,"Petroleum pump system operators, refinery operators, and gaugers",11,Mechanical,2.9
51-8093,"Petroleum pump system operators, refinery operators, and gaugers",12,Physical strength and stamina,2.8
51-8093,"Petroleum pump system operators, refinery operators, and gaugers",13,Problem solving and decision making,3.5
51-8093,"Petroleum pump system operators, refinery operators, and gaugers",14,Project management,2.3
51-8093,"Petroleum pump system operators, refinery operators, and gaugers",15,Science,2.1
51-8093,"Petroleum pump system operators, refinery operators, and gaugers",16,Speaking and listening,2.7
51-8093,"Petroleum pump system operators, refinery operators, and gaugers",17,Writing and reading,3.1
51-8099,"Plant and system operators, all other",1,Adaptability,3.6
51-8099,"Plant and system operators, all other",2,Computers and information technology,3.4
51-8099,"Plant and system operators, all other",3,Creativity and innovation,2.3
51-8099,"Plant and system operators, all other",4,Critical and analytical thinking,3.1
51-8099,"Plant and system operators, all other",5,Customer service,2.6
51-8099,"Plant and system operators, all other",6,Detail oriented,3.9
51-8099,"Plant and system operators, all other",7,Fine motor,2.9
51-8099,"Plant and system operators, all other",8,Interpersonal,3.0
51-8099,"Plant and system operators, all other",9,Leadership,3.2
51-8099,"Plant and system operators, all other",10,Mathematics,2.8
51-8099,"Plant and system operators, all other",11,Mechanical,3.1
51-8099,"Plant and system operators, all other",12,Physical strength and stamina,2.5
51-8099,"Plant and system operators, all other",13,Problem solving and decision making,3.6
51-8099,"Plant and system operators, all other",14,Project management,2.7
51-8099,"Plant and system operators, all other",15,Science,2.7
51-8099,"Plant and system operators, all other",16,Speaking and listening,3.0
51-8099,"Plant and system operators, all other",17,Writing and reading,3.1
51-9011,Chemical equipment operators and tenders,1,Adaptability,3.6
51-9011,Chemical equipment operators and tenders,2,Computers and information technology,3.4
51-9011,Chemical equipment operators and tenders,3,Creativity and innovation,2.3
51-9011,Chemical equipment operators and tenders,4,Critical and analytical thinking,3.1
51-9011,Chemical equipment operators and tenders,5,Customer service,2.3
51-9011,Chemical equipment operators and tenders,6,Detail oriented,3.9
51-9011,Chemical equipment operators and tenders,7,Fine motor,3.1
51-9011,Chemical equipment operators and tenders,8,Interpersonal,3.2
51-9011,Chemical equipment operators and tenders,9,Leadership,3.4
51-9011,Chemical equipment operators and tenders,10,Mathematics,2.9
51-9011,Chemical equipment operators and tenders,11,Mechanical,3.0
51-9011,Chemical equipment operators and tenders,12,Physical strength and stamina,2.8
51-9011,Chemical equipment operators and tenders,13,Problem solving and decision making,3.6
51-9011,Chemical equipment operators and tenders,14,Project management,2.4
51-9011,Chemical equipment operators and tenders,15,Science,2.8
51-9011,Chemical equipment operators and tenders,16,Speaking and listening,2.9
51-9011,Chemical equipment operators and tenders,17,Writing and reading,3.4
51-9012,"Separating, filtering, clarifying, precipitating, and still machine setters, operators, and tenders",1,Adaptability,3.4
51-9012,"Separating, filtering, clarifying, precipitating, and still machine setters, operators, and tenders",2,Computers and information technology,2.5
51-9012,"Separating, filtering, clarifying, precipitating, and still machine setters, operators, and tenders",3,Creativity and innovation,2.2
51-9012,"Separating, filtering, clarifying, precipitating, and still machine setters, operators, and tenders",4,Critical and analytical thinking,2.9
51-9012,"Separating, filtering, clarifying, precipitating, and still machine setters, operators, and tenders",5,Customer service,2.3
51-9012,"Separating, filtering, clarifying, precipitating, and still machine setters, operators, and tenders",6,Detail oriented,3.7
51-9012,"Separating, filtering, clarifying, precipitating, and still machine setters, operators, and tenders",7,Fine motor,3.1
51-9012,"Separating, filtering, clarifying, precipitating, and still machine setters, operators, and tenders",8,Interpersonal,2.7
51-9012,"Separating, filtering, clarifying, precipitating, and still machine setters, operators, and tenders",9,Leadership,2.7
51-9012,"Separating, filtering, clarifying, precipitating, and still machine setters, operators, and tenders",10,Mathematics,2.7
51-9012,"Separating, filtering, clarifying, precipitating, and still machine setters, operators, and tenders",11,Mechanical,2.9
51-9012,"Separating, filtering, clarifying, precipitating, and still machine setters, operators, and tenders",12,Physical strength and stamina,2.9
51-9012,"Separating, filtering, clarifying, precipitating, and still machine setters, operators, and tenders",13,Problem solving and decision making,3.3
51-9012,"Separating, filtering, clarifying, precipitating, and still machine setters, operators, and tenders",14,Project management,2.3
51-9012,"Separating, filtering, clarifying, precipitating, and still machine setters, operators, and tenders",15,Science,2.4
51-9012,"Separating, filtering, clarifying, precipitating, and still machine setters, operators, and tenders",16,Speaking and listening,2.7
51-9012,"Separating, filtering, clarifying, precipitating, and still machine setters, operators, and tenders",17,Writing and reading,2.8
51-9021,"Crushing, grinding, and polishing machine setters, operators, and tenders",1,Adaptability,3.3
51-9021,"Crushing, grinding, and polishing machine setters, operators, and tenders",2,Computers and information technology,2.5
51-9021,"Crushing, grinding, and polishing machine setters, operators, and tenders",3,Creativity and innovation,2.0
51-9021,"Crushing, grinding, and polishing machine setters, operators, and tenders",4,Critical and analytical thinking,2.7
51-9021,"Crushing, grinding, and polishing machine setters, operators, and tenders",5,Customer service,1.9
51-9021,"Crushing, grinding, and polishing machine setters, operators, and tenders",6,Detail oriented,3.5
51-9021,"Crushing, grinding, and polishing machine setters, operators, and tenders",7,Fine motor,3.4
51-9021,"Crushing, grinding, and polishing machine setters, operators, and tenders",8,Interpersonal,2.9
51-9021,"Crushing, grinding, and polishing machine setters, operators, and tenders",9,Leadership,2.8
51-9021,"Crushing, grinding, and polishing machine setters, operators, and tenders",10,Mathematics,2.5
51-9021,"Crushing, grinding, and polishing machine setters, operators, and tenders",11,Mechanical,2.8
51-9021,"Crushing, grinding, and polishing machine setters, operators, and tenders",12,Physical strength and stamina,2.9
51-9021,"Crushing, grinding, and polishing machine setters, operators, and tenders",13,Problem solving and decision making,3.3
51-9021,"Crushing, grinding, and polishing machine setters, operators, and tenders",14,Project management,2.4
51-9021,"Crushing, grinding, and polishing machine setters, operators, and tenders",15,Science,1.8
51-9021,"Crushing, grinding, and polishing machine setters, operators, and tenders",16,Speaking and listening,2.6
51-9021,"Crushing, grinding, and polishing machine setters, operators, and tenders",17,Writing and reading,2.9
51-9022,"Grinding and polishing workers, hand",1,Adaptability,3.5
51-9022,"Grinding and polishing workers, hand",2,Computers and information technology,2.3
51-9022,"Grinding and polishing workers, hand",3,Creativity and innovation,3.1
51-9022,"Grinding and polishing workers, hand",4,Critical and analytical thinking,2.7
51-9022,"Grinding and polishing workers, hand",5,Customer service,2.2
51-9022,"Grinding and polishing workers, hand",6,Detail oriented,3.8
51-9022,"Grinding and polishing workers, hand",7,Fine motor,3.8
51-9022,"Grinding and polishing workers, hand",8,Interpersonal,3.0
51-9022,"Grinding and polishing workers, hand",9,Leadership,2.8
51-9022,"Grinding and polishing workers, hand",10,Mathematics,2.2
51-9022,"Grinding and polishing workers, hand",11,Mechanical,3.2
51-9022,"Grinding and polishing workers, hand",12,Physical strength and stamina,2.8
51-9022,"Grinding and polishing workers, hand",13,Problem solving and decision making,3.0
51-9022,"Grinding and polishing workers, hand",14,Project management,3.0
51-9022,"Grinding and polishing workers, hand",15,Science,1.3
51-9022,"Grinding and polishing workers, hand",16,Speaking and listening,2.6
51-9022,"Grinding and polishing workers, hand",17,Writing and reading,2.9
51-9023,"Mixing and blending machine setters, operators, and tenders",1,Adaptability,3.1
51-9023,"Mixing and blending machine setters, operators, and tenders",2,Computers and information technology,2.3
51-9023,"Mixing and blending machine setters, operators, and tenders",3,Creativity and innovation,2.1
51-9023,"Mixing and blending machine setters, operators, and tenders",4,Critical and analytical thinking,2.6
51-9023,"Mixing and blending machine setters, operators, and tenders",5,Customer service,2.1
51-9023,"Mixing and blending machine setters, operators, and tenders",6,Detail oriented,3.9
51-9023,"Mixing and blending machine setters, operators, and tenders",7,Fine motor,3.3
51-9023,"Mixing and blending machine setters, operators, and tenders",8,Interpersonal,2.7
51-9023,"Mixing and blending machine setters, operators, and tenders",9,Leadership,3.2
51-9023,"Mixing and blending machine setters, operators, and tenders",10,Mathematics,2.3
51-9023,"Mixing and blending machine setters, operators, and tenders",11,Mechanical,3.0
51-9023,"Mixing and blending machine setters, operators, and tenders",12,Physical strength and stamina,2.9
51-9023,"Mixing and blending machine setters, operators, and tenders",13,Problem solving and decision making,3.3
51-9023,"Mixing and blending machine setters, operators, and tenders",14,Project management,2.3
51-9023,"Mixing and blending machine setters, operators, and tenders",15,Science,2.0
51-9023,"Mixing and blending machine setters, operators, and tenders",16,Speaking and listening,2.6
51-9023,"Mixing and blending machine setters, operators, and tenders",17,Writing and reading,3.0
51-9031,"Cutters and trimmers, hand",1,Adaptability,2.7
51-9031,"Cutters and trimmers, hand",2,Computers and information technology,1.7
51-9031,"Cutters and trimmers, hand",3,Creativity and innovation,1.9
51-9031,"Cutters and trimmers, hand",4,Critical and analytical thinking,2.3
51-9031,"Cutters and trimmers, hand",5,Customer service,1.5
51-9031,"Cutters and trimmers, hand",6,Detail oriented,3.5
51-9031,"Cutters and trimmers, hand",7,Fine motor,3.1
51-9031,"Cutters and trimmers, hand",8,Interpersonal,2.7
51-9031,"Cutters and trimmers, hand",9,Leadership,2.7
51-9031,"Cutters and trimmers, hand",10,Mathematics,2.1
51-9031,"Cutters and trimmers, hand",11,Mechanical,1.8
51-9031,"Cutters and trimmers, hand",12,Physical strength and stamina,2.5
51-9031,"Cutters and trimmers, hand",13,Problem solving and decision making,2.5
51-9031,"Cutters and trimmers, hand",14,Project management,2.0
51-9031,"Cutters and trimmers, hand",15,Science,1.2
51-9031,"Cutters and trimmers, hand",16,Speaking and listening,2.5
51-9031,"Cutters and trimmers, hand",17,Writing and reading,2.4
51-9032,"Cutting and slicing machine setters, operators, and tenders",1,Adaptability,3.2
51-9032,"Cutting and slicing machine setters, operators, and tenders",2,Computers and information technology,2.6
51-9032,"Cutting and slicing machine setters, operators, and tenders",3,Creativity and innovation,2.1
51-9032,"Cutting and slicing machine setters, operators, and tenders",4,Critical and analytical thinking,2.8
51-9032,"Cutting and slicing machine setters, operators, and tenders",5,Customer service,2.3
51-9032,"Cutting and slicing machine setters, operators, and tenders",6,Detail oriented,3.8
51-9032,"Cutting and slicing machine setters, operators, and tenders",7,Fine motor,3.8
51-9032,"Cutting and slicing machine setters, operators, and tenders",8,Interpersonal,2.8
51-9032,"Cutting and slicing machine setters, operators, and tenders",9,Leadership,3.1
51-9032,"Cutting and slicing machine setters, operators, and tenders",10,Mathematics,2.7
51-9032,"Cutting and slicing machine setters, operators, and tenders",11,Mechanical,3.0
51-9032,"Cutting and slicing machine setters, operators, and tenders",12,Physical strength and stamina,3.1
51-9032,"Cutting and slicing machine setters, operators, and tenders",13,Problem solving and decision making,3.3
51-9032,"Cutting and slicing machine setters, operators, and tenders",14,Project management,2.3
51-9032,"Cutting and slicing machine setters, operators, and tenders",15,Science,1.5
51-9032,"Cutting and slicing machine setters, operators, and tenders",16,Speaking and listening,2.5
51-9032,"Cutting and slicing machine setters, operators, and tenders",17,Writing and reading,2.9
51-9041,"Extruding, forming, pressing, and compacting machine setters, operators, and tenders",1,Adaptability,3.5
51-9041,"Extruding, forming, pressing, and compacting machine setters, operators, and tenders",2,Computers and information technology,2.7
51-9041,"Extruding, forming, pressing, and compacting machine setters, operators, and tenders",3,Creativity and innovation,2.5
51-9041,"Extruding, forming, pressing, and compacting machine setters, operators, and tenders",4,Critical and analytical thinking,2.8
51-9041,"Extruding, forming, pressing, and compacting machine setters, operators, and tenders",5,Customer service,2.3
51-9041,"Extruding, forming, pressing, and compacting machine setters, operators, and tenders",6,Detail oriented,3.7
51-9041,"Extruding, forming, pressing, and compacting machine setters, operators, and tenders",7,Fine motor,3.3
51-9041,"Extruding, forming, pressing, and compacting machine setters, operators, and tenders",8,Interpersonal,3.0
51-9041,"Extruding, forming, pressing, and compacting machine setters, operators, and tenders",9,Leadership,3.0
51-9041,"Extruding, forming, pressing, and compacting machine setters, operators, and tenders",10,Mathematics,2.4
51-9041,"Extruding, forming, pressing, and compacting machine setters, operators, and tenders",11,Mechanical,3.0
51-9041,"Extruding, forming, pressing, and compacting machine setters, operators, and tenders",12,Physical strength and stamina,3.0
51-9041,"Extruding, forming, pressing, and compacting machine setters, operators, and tenders",13,Problem solving and decision making,3.2
51-9041,"Extruding, forming, pressing, and compacting machine setters, operators, and tenders",14,Project management,2.2
51-9041,"Extruding, forming, pressing, and compacting machine setters, operators, and tenders",15,Science,2.1
51-9041,"Extruding, forming, pressing, and compacting machine setters, operators, and tenders",16,Speaking and listening,2.8
51-9041,"Extruding, forming, pressing, and compacting machine setters, operators, and tenders",17,Writing and reading,2.9
51-9051,"Furnace, kiln, oven, drier, and kettle operators and tenders",1,Adaptability,3.4
51-9051,"Furnace, kiln, oven, drier, and kettle operators and tenders",2,Computers and information technology,2.4
51-9051,"Furnace, kiln, oven, drier, and kettle operators and tenders",3,Creativity and innovation,2.3
51-9051,"Furnace, kiln, oven, drier, and kettle operators and tenders",4,Critical and analytical thinking,2.7
51-9051,"Furnace, kiln, oven, drier, and kettle operators and tenders",5,Customer service,1.9
51-9051,"Furnace, kiln, oven, drier, and kettle operators and tenders",6,Detail oriented,3.8
51-9051,"Furnace, kiln, oven, drier, and kettle operators and tenders",7,Fine motor,3.1
51-9051,"Furnace, kiln, oven, drier, and kettle operators and tenders",8,Interpersonal,2.7
51-9051,"Furnace, kiln, oven, drier, and kettle operators and tenders",9,Leadership,2.9
51-9051,"Furnace, kiln, oven, drier, and kettle operators and tenders",10,Mathematics,2.3
51-9051,"Furnace, kiln, oven, drier, and kettle operators and tenders",11,Mechanical,2.6
51-9051,"Furnace, kiln, oven, drier, and kettle operators and tenders",12,Physical strength and stamina,2.8
51-9051,"Furnace, kiln, oven, drier, and kettle operators and tenders",13,Problem solving and decision making,3.1
51-9051,"Furnace, kiln, oven, drier, and kettle operators and tenders",14,Project management,2.2
51-9051,"Furnace, kiln, oven, drier, and kettle operators and tenders",15,Science,1.9
51-9051,"Furnace, kiln, oven, drier, and kettle operators and tenders",16,Speaking and listening,2.8
51-9051,"Furnace, kiln, oven, drier, and kettle operators and tenders",17,Writing and reading,2.9
51-9061,"Inspectors, testers, sorters, samplers, and weighers",1,Adaptability,3.9
51-9061,"Inspectors, testers, sorters, samplers, and weighers",2,Computers and information technology,3.2
51-9061,"Inspectors, testers, sorters, samplers, and weighers",3,Creativity and innovation,2.4
51-9061,"Inspectors, testers, sorters, samplers, and weighers",4,Critical and analytical thinking,3.0
51-9061,"Inspectors, testers, sorters, samplers, and weighers",5,Customer service,2.7
51-9061,"Inspectors, testers, sorters, samplers, and weighers",6,Detail oriented,3.7
51-9061,"Inspectors, testers, sorters, samplers, and weighers",7,Fine motor,2.8
51-9061,"Inspectors, testers, sorters, samplers, and weighers",8,Interpersonal,3.0
51-9061,"Inspectors, testers, sorters, samplers, and weighers",9,Leadership,3.0
51-9061,"Inspectors, testers, sorters, samplers, and weighers",10,Mathematics,2.6
51-9061,"Inspectors, testers, sorters, samplers, and weighers",11,Mechanical,2.3
51-9061,"Inspectors, testers, sorters, samplers, and weighers",12,Physical strength and stamina,2.5
51-9061,"Inspectors, testers, sorters, samplers, and weighers",13,Problem solving and decision making,3.4
51-9061,"Inspectors, testers, sorters, samplers, and weighers",14,Project management,2.3
51-9061,"Inspectors, testers, sorters, samplers, and weighers",15,Science,1.9
51-9061,"Inspectors, testers, sorters, samplers, and weighers",16,Speaking and listening,2.9
51-9061,"Inspectors, testers, sorters, samplers, and weighers",17,Writing and reading,3.0
51-9071,Jewelers and precious stone and metal workers,1,Adaptability,3.5
51-9071,Jewelers and precious stone and metal workers,2,Computers and information technology,2.9
51-9071,Jewelers and precious stone and metal workers,3,Creativity and innovation,3.8
51-9071,Jewelers and precious stone and metal workers,4,Critical and analytical thinking,2.7
51-9071,Jewelers and precious stone and metal workers,5,Customer service,3.4
51-9071,Jewelers and precious stone and metal workers,6,Detail oriented,3.7
51-9071,Jewelers and precious stone and metal workers,7,Fine motor,3.3
51-9071,Jewelers and precious stone and metal workers,8,Interpersonal,3.1
51-9071,Jewelers and precious stone and metal workers,9,Leadership,2.9
51-9071,Jewelers and precious stone and metal workers,10,Mathematics,2.3
51-9071,Jewelers and precious stone and metal workers,11,Mechanical,2.3
51-9071,Jewelers and precious stone and metal workers,12,Physical strength and stamina,1.8
51-9071,Jewelers and precious stone and metal workers,13,Problem solving and decision making,3.5
51-9071,Jewelers and precious stone and metal workers,14,Project management,2.6
51-9071,Jewelers and precious stone and metal workers,15,Science,1.9
51-9071,Jewelers and precious stone and metal workers,16,Speaking and listening,2.9
51-9071,Jewelers and precious stone and metal workers,17,Writing and reading,2.7
51-9081,Dental laboratory technicians,1,Adaptability,3.8
51-9081,Dental laboratory technicians,2,Computers and information technology,2.7
51-9081,Dental laboratory technicians,3,Creativity and innovation,3.2
51-9081,Dental laboratory technicians,4,Critical and analytical thinking,3.0
51-9081,Dental laboratory technicians,5,Customer service,2.5
51-9081,Dental laboratory technicians,6,Detail oriented,3.9
51-9081,Dental laboratory technicians,7,Fine motor,3.7
51-9081,Dental laboratory technicians,8,Interpersonal,3.1
51-9081,Dental laboratory technicians,9,Leadership,3.2
51-9081,Dental laboratory technicians,10,Mathematics,2.0
51-9081,Dental laboratory technicians,11,Mechanical,2.6
51-9081,Dental laboratory technicians,12,Physical strength and stamina,1.8
51-9081,Dental laboratory technicians,13,Problem solving and decision making,3.3
51-9081,Dental laboratory technicians,14,Project management,2.9
51-9081,Dental laboratory technicians,15,Science,2.1
51-9081,Dental laboratory technicians,16,Speaking and listening,2.7
51-9081,Dental laboratory technicians,17,Writing and reading,3.1
51-9082,Medical appliance technicians,1,Adaptability,3.4
51-9082,Medical appliance technicians,2,Computers and information technology,2.7
51-9082,Medical appliance technicians,3,Creativity and innovation,3.0
51-9082,Medical appliance technicians,4,Critical and analytical thinking,3.3
51-9082,Medical appliance technicians,5,Customer service,3.0
51-9082,Medical appliance technicians,6,Detail oriented,3.7
51-9082,Medical appliance technicians,7,Fine motor,3.5
51-9082,Medical appliance technicians,8,Interpersonal,3.4
51-9082,Medical appliance technicians,9,Leadership,3.0
51-9082,Medical appliance technicians,10,Mathematics,2.8
51-9082,Medical appliance technicians,11,Mechanical,2.7
51-9082,Medical appliance technicians,12,Physical strength and stamina,2.6
51-9082,Medical appliance technicians,13,Problem solving and decision making,3.6
51-9082,Medical appliance technicians,14,Project management,2.7
51-9082,Medical appliance technicians,15,Science,2.4
51-9082,Medical appliance technicians,16,Speaking and listening,3.4
51-9082,Medical appliance technicians,17,Writing and reading,3.2
51-9083,Ophthalmic laboratory technicians,1,Adaptability,3.5
51-9083,Ophthalmic laboratory technicians,2,Computers and information technology,2.7
51-9083,Ophthalmic laboratory technicians,3,Creativity and innovation,2.2
51-9083,Ophthalmic laboratory technicians,4,Critical and analytical thinking,2.7
51-9083,Ophthalmic laboratory technicians,5,Customer service,2.9
51-9083,Ophthalmic laboratory technicians,6,Detail oriented,3.5
51-9083,Ophthalmic laboratory technicians,7,Fine motor,3.7
51-9083,Ophthalmic laboratory technicians,8,Interpersonal,3.1
51-9083,Ophthalmic laboratory technicians,9,Leadership,2.7
51-9083,Ophthalmic laboratory technicians,10,Mathematics,2.4
51-9083,Ophthalmic laboratory technicians,11,Mechanical,2.5
51-9083,Ophthalmic laboratory technicians,12,Physical strength and stamina,2.2
51-9083,Ophthalmic laboratory technicians,13,Problem solving and decision making,3.2
51-9083,Ophthalmic laboratory technicians,14,Project management,2.3
51-9083,Ophthalmic laboratory technicians,15,Science,1.7
51-9083,Ophthalmic laboratory technicians,16,Speaking and listening,2.6
51-9083,Ophthalmic laboratory technicians,17,Writing and reading,2.9
51-9111,Packaging and filling machine operators and tenders,1,Adaptability,3.3
51-9111,Packaging and filling machine operators and tenders,2,Computers and information technology,2.3
51-9111,Packaging and filling machine operators and tenders,3,Creativity and innovation,2.5
51-9111,Packaging and filling machine operators and tenders,4,Critical and analytical thinking,2.6
51-9111,Packaging and filling machine operators and tenders,5,Customer service,2.5
51-9111,Packaging and filling machine operators and tenders,6,Detail oriented,3.8
51-9111,Packaging and filling machine operators and tenders,7,Fine motor,3.3
51-9111,Packaging and filling machine operators and tenders,8,Interpersonal,2.9
51-9111,Packaging and filling machine operators and tenders,9,Leadership,3.0
51-9111,Packaging and filling machine operators and tenders,10,Mathematics,2.4
51-9111,Packaging and filling machine operators and tenders,11,Mechanical,2.7
51-9111,Packaging and filling machine operators and tenders,12,Physical strength and stamina,2.9
51-9111,Packaging and filling machine operators and tenders,13,Problem solving and decision making,3.3
51-9111,Packaging and filling machine operators and tenders,14,Project management,2.1
51-9111,Packaging and filling machine operators and tenders,15,Science,1.7
51-9111,Packaging and filling machine operators and tenders,16,Speaking and listening,2.7
51-9111,Packaging and filling machine operators and tenders,17,Writing and reading,2.8
51-9123,"Painting, coating, and decorating workers",1,Adaptability,2.9
51-9123,"Painting, coating, and decorating workers",2,Computers and information technology,1.9
51-9123,"Painting, coating, and decorating workers",3,Creativity and innovation,2.3
51-9123,"Painting, coating, and decorating workers",4,Critical and analytical thinking,2.4
51-9123,"Painting, coating, and decorating workers",5,Customer service,2.3
51-9123,"Painting, coating, and decorating workers",6,Detail oriented,3.1
51-9123,"Painting, coating, and decorating workers",7,Fine motor,2.9
51-9123,"Painting, coating, and decorating workers",8,Interpersonal,2.8
51-9123,"Painting, coating, and decorating workers",9,Leadership,2.5
51-9123,"Painting, coating, and decorating workers",10,Mathematics,2.0
51-9123,"Painting, coating, and decorating workers",11,Mechanical,1.6
51-9123,"Painting, coating, and decorating workers",12,Physical strength and stamina,2.3
51-9123,"Painting, coating, and decorating workers",13,Problem solving and decision making,2.8
51-9123,"Painting, coating, and decorating workers",14,Project management,2.5
51-9123,"Painting, coating, and decorating workers",15,Science,1.6
51-9123,"Painting, coating, and decorating workers",16,Speaking and listening,2.5
51-9123,"Painting, coating, and decorating workers",17,Writing and reading,2.5
51-9124,"Coating, painting, and spraying machine setters, operators, and tenders",1,Adaptability,3.5
51-9124,"Coating, painting, and spraying machine setters, operators, and tenders",2,Computers and information technology,2.1
51-9124,"Coating, painting, and spraying machine setters, operators, and tenders",3,Creativity and innovation,2.1
51-9124,"Coating, painting, and spraying machine setters, operators, and tenders",4,Critical and analytical thinking,2.7
51-9124,"Coating, painting, and spraying machine setters, operators, and tenders",5,Customer service,2.1
51-9124,"Coating, painting, and spraying machine setters, operators, and tenders",6,Detail oriented,3.4
51-9124,"Coating, painting, and spraying machine setters, operators, and tenders",7,Fine motor,3.6
51-9124,"Coating, painting, and spraying machine setters, operators, and tenders",8,Interpersonal,2.8
51-9124,"Coating, painting, and spraying machine setters, operators, and tenders",9,Leadership,2.8
51-9124,"Coating, painting, and spraying machine setters, operators, and tenders",10,Mathematics,1.9
51-9124,"Coating, painting, and spraying machine setters, operators, and tenders",11,Mechanical,2.9
51-9124,"Coating, painting, and spraying machine setters, operators, and tenders",12,Physical strength and stamina,3.0
51-9124,"Coating, painting, and spraying machine setters, operators, and tenders",13,Problem solving and decision making,3.2
51-9124,"Coating, painting, and spraying machine setters, operators, and tenders",14,Project management,2.5
51-9124,"Coating, painting, and spraying machine setters, operators, and tenders",15,Science,1.4
51-9124,"Coating, painting, and spraying machine setters, operators, and tenders",16,Speaking and listening,2.5
51-9124,"Coating, painting, and spraying machine setters, operators, and tenders",17,Writing and reading,2.6
51-9141,Semiconductor processing technicians,1,Adaptability,3.5
51-9141,Semiconductor processing technicians,2,Computers and information technology,2.9
51-9141,Semiconductor processing technicians,3,Creativity and innovation,2.5
51-9141,Semiconductor processing technicians,4,Critical and analytical thinking,2.9
51-9141,Semiconductor processing technicians,5,Customer service,2.4
51-9141,Semiconductor processing technicians,6,Detail oriented,3.8
51-9141,Semiconductor processing technicians,7,Fine motor,3.1
51-9141,Semiconductor processing technicians,8,Interpersonal,3.1
51-9141,Semiconductor processing technicians,9,Leadership,3.0
51-9141,Semiconductor processing technicians,10,Mathematics,2.2
51-9141,Semiconductor processing technicians,11,Mechanical,2.7
51-9141,Semiconductor processing technicians,12,Physical strength and stamina,2.6
51-9141,Semiconductor processing technicians,13,Problem solving and decision making,2.9
51-9141,Semiconductor processing technicians,14,Project management,2.3
51-9141,Semiconductor processing technicians,15,Science,1.9
51-9141,Semiconductor processing technicians,16,Speaking and listening,2.8
51-9141,Semiconductor processing technicians,17,Writing and reading,3.1
51-9151,Photographic process workers and processing machine operators,1,Adaptability,3.8
51-9151,Photographic process workers and processing machine operators,2,Computers and information technology,3.3
51-9151,Photographic process workers and processing machine operators,3,Creativity and innovation,3.0
51-9151,Photographic process workers and processing machine operators,4,Critical and analytical thinking,2.9
51-9151,Photographic process workers and processing machine operators,5,Customer service,3.5
51-9151,Photographic process workers and processing machine operators,6,Detail oriented,3.5
51-9151,Photographic process workers and processing machine operators,7,Fine motor,3.0
51-9151,Photographic process workers and processing machine operators,8,Interpersonal,3.2
51-9151,Photographic process workers and processing machine operators,9,Leadership,2.7
51-9151,Photographic process workers and processing machine operators,10,Mathematics,2.3
51-9151,Photographic process workers and processing machine operators,11,Mechanical,2.7
51-9151,Photographic process workers and processing machine operators,12,Physical strength and stamina,2.5
51-9151,Photographic process workers and processing machine operators,13,Problem solving and decision making,3.2
51-9151,Photographic process workers and processing machine operators,14,Project management,2.8
51-9151,Photographic process workers and processing machine operators,15,Science,1.7
51-9151,Photographic process workers and processing machine operators,16,Speaking and listening,2.9
51-9151,Photographic process workers and processing machine operators,17,Writing and reading,2.9
51-9161,Computer numerically controlled tool operators,1,Adaptability,3.5
51-9161,Computer numerically controlled tool operators,2,Computers and information technology,2.9
51-9161,Computer numerically controlled tool operators,3,Creativity and innovation,2.6
51-9161,Computer numerically controlled tool operators,4,Critical and analytical thinking,3.2
51-9161,Computer numerically controlled tool operators,5,Customer service,2.1
51-9161,Computer numerically controlled tool operators,6,Detail oriented,4.0
51-9161,Computer numerically controlled tool operators,7,Fine motor,3.5
51-9161,Computer numerically controlled tool operators,8,Interpersonal,2.7
51-9161,Computer numerically controlled tool operators,9,Leadership,2.8
51-9161,Computer numerically controlled tool operators,10,Mathematics,3.2
51-9161,Computer numerically controlled tool operators,11,Mechanical,3.3
51-9161,Computer numerically controlled tool operators,12,Physical strength and stamina,2.7
51-9161,Computer numerically controlled tool operators,13,Problem solving and decision making,3.5
51-9161,Computer numerically controlled tool operators,14,Project management,2.3
51-9161,Computer numerically controlled tool operators,15,Science,1.9
51-9161,Computer numerically controlled tool operators,16,Speaking and listening,2.7
51-9161,Computer numerically controlled tool operators,17,Writing and reading,2.8
51-9162,Computer numerically controlled tool programmers,1,Adaptability,3.7
51-9162,Computer numerically controlled tool programmers,2,Computers and information technology,4.0
51-9162,Computer numerically controlled tool programmers,3,Creativity and innovation,2.9
51-9162,Computer numerically controlled tool programmers,4,Critical and analytical thinking,3.2
51-9162,Computer numerically controlled tool programmers,5,Customer service,2.3
51-9162,Computer numerically controlled tool programmers,6,Detail oriented,3.9
51-9162,Computer numerically controlled tool programmers,7,Fine motor,3.1
51-9162,Computer numerically controlled tool programmers,8,Interpersonal,3.0
51-9162,Computer numerically controlled tool programmers,9,Leadership,2.8
51-9162,Computer numerically controlled tool programmers,10,Mathematics,3.4
51-9162,Computer numerically controlled tool programmers,11,Mechanical,2.9
51-9162,Computer numerically controlled tool programmers,12,Physical strength and stamina,2.3
51-9162,Computer numerically controlled tool programmers,13,Problem solving and decision making,3.7
51-9162,Computer numerically controlled tool programmers,14,Project management,2.5
51-9162,Computer numerically controlled tool programmers,15,Science,1.9
51-9162,Computer numerically controlled tool programmers,16,Speaking and listening,2.7
51-9162,Computer numerically controlled tool programmers,17,Writing and reading,3.0
51-9191,Adhesive bonding machine operators and tenders,1,Adaptability,3.3
51-9191,Adhesive bonding machine operators and tenders,2,Computers and information technology,2.6
51-9191,Adhesive bonding machine operators and tenders,3,Creativity and innovation,2.1
51-9191,Adhesive bonding machine operators and tenders,4,Critical and analytical thinking,2.7
51-9191,Adhesive bonding machine operators and tenders,5,Customer service,2.3
51-9191,Adhesive bonding machine operators and tenders,6,Detail oriented,3.8
51-9191,Adhesive bonding machine operators and tenders,7,Fine motor,3.6
51-9191,Adhesive bonding machine operators and tenders,8,Interpersonal,2.8
51-9191,Adhesive bonding machine operators and tenders,9,Leadership,2.9
51-9191,Adhesive bonding machine operators and tenders,10,Mathematics,2.6
51-9191,Adhesive bonding machine operators and tenders,11,Mechanical,3.1
51-9191,Adhesive bonding machine operators and tenders,12,Physical strength and stamina,3.3
51-9191,Adhesive bonding machine operators and tenders,13,Problem solving and decision making,3.3
51-9191,Adhesive bonding machine operators and tenders,14,Project management,2.3
51-9191,Adhesive bonding machine operators and tenders,15,Science,1.8
51-9191,Adhesive bonding machine operators and tenders,16,Speaking and listening,2.8
51-9191,Adhesive bonding machine operators and tenders,17,Writing and reading,2.9
51-9192,"Cleaning, washing, and metal pickling equipment operators and tenders",1,Adaptability,3.2
51-9192,"Cleaning, washing, and metal pickling equipment operators and tenders",2,Computers and information technology,2.4
51-9192,"Cleaning, washing, and metal pickling equipment operators and tenders",3,Creativity and innovation,2.2
51-9192,"Cleaning, washing, and metal pickling equipment operators and tenders",4,Critical and analytical thinking,2.6
51-9192,"Cleaning, washing, and metal pickling equipment operators and tenders",5,Customer service,2.1
51-9192,"Cleaning, washing, and metal pickling equipment operators and tenders",6,Detail oriented,3.2
51-9192,"Cleaning, washing, and metal pickling equipment operators and tenders",7,Fine motor,3.0
51-9192,"Cleaning, washing, and metal pickling equipment operators and tenders",8,Interpersonal,2.9
51-9192,"Cleaning, washing, and metal pickling equipment operators and tenders",9,Leadership,2.8
51-9192,"Cleaning, washing, and metal pickling equipment operators and tenders",10,Mathematics,2.0
51-9192,"Cleaning, washing, and metal pickling equipment operators and tenders",11,Mechanical,2.6
51-9192,"Cleaning, washing, and metal pickling equipment operators and tenders",12,Physical strength and stamina,2.9
51-9192,"Cleaning, washing, and metal pickling equipment operators and tenders",13,Problem solving and decision making,3.0
51-9192,"Cleaning, washing, and metal pickling equipment operators and tenders",14,Project management,2.2
51-9192,"Cleaning, washing, and metal pickling equipment operators and tenders",15,Science,1.8
51-9192,"Cleaning, washing, and metal pickling equipment operators and tenders",16,Speaking and listening,2.5
51-9192,"Cleaning, washing, and metal pickling equipment operators and tenders",17,Writing and reading,2.5
51-9193,Cooling and freezing equipment operators and tenders,1,Adaptability,3.6
51-9193,Cooling and freezing equipment operators and tenders,2,Computers and information technology,2.8
51-9193,Cooling and freezing equipment operators and tenders,3,Creativity and innovation,2.3
51-9193,Cooling and freezing equipment operators and tenders,4,Critical and analytical thinking,2.9
51-9193,Cooling and freezing equipment operators and tenders,5,Customer service,2.2
51-9193,Cooling and freezing equipment operators and tenders,6,Detail oriented,3.5
51-9193,Cooling and freezing equipment operators and tenders,7,Fine motor,3.2
51-9193,Cooling and freezing equipment operators and tenders,8,Interpersonal,3.0
51-9193,Cooling and freezing equipment operators and tenders,9,Leadership,3.2
51-9193,Cooling and freezing equipment operators and tenders,10,Mathematics,2.6
51-9193,Cooling and freezing equipment operators and tenders,11,Mechanical,3.2
51-9193,Cooling and freezing equipment operators and tenders,12,Physical strength and stamina,2.8
51-9193,Cooling and freezing equipment operators and tenders,13,Problem solving and decision making,3.5
51-9193,Cooling and freezing equipment operators and tenders,14,Project management,2.5
51-9193,Cooling and freezing equipment operators and tenders,15,Science,2.1
51-9193,Cooling and freezing equipment operators and tenders,16,Speaking and listening,2.8
51-9193,Cooling and freezing equipment operators and tenders,17,Writing and reading,3.0
51-9194,Etchers and engravers,1,Adaptability,3.3
51-9194,Etchers and engravers,2,Computers and information technology,2.9
51-9194,Etchers and engravers,3,Creativity and innovation,3.0
51-9194,Etchers and engravers,4,Critical and analytical thinking,2.9
51-9194,Etchers and engravers,5,Customer service,2.5
51-9194,Etchers and engravers,6,Detail oriented,3.8
51-9194,Etchers and engravers,7,Fine motor,3.3
51-9194,Etchers and engravers,8,Interpersonal,2.9
51-9194,Etchers and engravers,9,Leadership,2.7
51-9194,Etchers and engravers,10,Mathematics,2.2
51-9194,Etchers and engravers,11,Mechanical,2.7
51-9194,Etchers and engravers,12,Physical strength and stamina,2.4
51-9194,Etchers and engravers,13,Problem solving and decision making,3.0
51-9194,Etchers and engravers,14,Project management,2.6
51-9194,Etchers and engravers,15,Science,1.5
51-9194,Etchers and engravers,16,Speaking and listening,2.7
51-9194,Etchers and engravers,17,Writing and reading,2.8
51-9195,"Molders, shapers, and casters, except metal and plastic",1,Adaptability,3.2
51-9195,"Molders, shapers, and casters, except metal and plastic",2,Computers and information technology,2.0
51-9195,"Molders, shapers, and casters, except metal and plastic",3,Creativity and innovation,2.3
51-9195,"Molders, shapers, and casters, except metal and plastic",4,Critical and analytical thinking,2.5
51-9195,"Molders, shapers, and casters, except metal and plastic",5,Customer service,2.2
51-9195,"Molders, shapers, and casters, except metal and plastic",6,Detail oriented,3.7
51-9195,"Molders, shapers, and casters, except metal and plastic",7,Fine motor,3.4
51-9195,"Molders, shapers, and casters, except metal and plastic",8,Interpersonal,2.8
51-9195,"Molders, shapers, and casters, except metal and plastic",9,Leadership,2.7
51-9195,"Molders, shapers, and casters, except metal and plastic",10,Mathematics,2.2
51-9195,"Molders, shapers, and casters, except metal and plastic",11,Mechanical,2.5
51-9195,"Molders, shapers, and casters, except metal and plastic",12,Physical strength and stamina,3.0
51-9195,"Molders, shapers, and casters, except metal and plastic",13,Problem solving and decision making,2.5
51-9195,"Molders, shapers, and casters, except metal and plastic",14,Project management,2.3
51-9195,"Molders, shapers, and casters, except metal and plastic",15,Science,1.5
51-9195,"Molders, shapers, and casters, except metal and plastic",16,Speaking and listening,2.6
51-9195,"Molders, shapers, and casters, except metal and plastic",17,Writing and reading,2.8
51-9196,"Paper goods machine setters, operators, and tenders",1,Adaptability,3.4
51-9196,"Paper goods machine setters, operators, and tenders",2,Computers and information technology,2.2
51-9196,"Paper goods machine setters, operators, and tenders",3,Creativity and innovation,2.3
51-9196,"Paper goods machine setters, operators, and tenders",4,Critical and analytical thinking,2.7
51-9196,"Paper goods machine setters, operators, and tenders",5,Customer service,2.4
51-9196,"Paper goods machine setters, operators, and tenders",6,Detail oriented,3.6
51-9196,"Paper goods machine setters, operators, and tenders",7,Fine motor,3.3
51-9196,"Paper goods machine setters, operators, and tenders",8,Interpersonal,3.0
51-9196,"Paper goods machine setters, operators, and tenders",9,Leadership,3.2
51-9196,"Paper goods machine setters, operators, and tenders",10,Mathematics,2.4
51-9196,"Paper goods machine setters, operators, and tenders",11,Mechanical,2.8
51-9196,"Paper goods machine setters, operators, and tenders",12,Physical strength and stamina,2.7
51-9196,"Paper goods machine setters, operators, and tenders",13,Problem solving and decision making,3.4
51-9196,"Paper goods machine setters, operators, and tenders",14,Project management,2.4
51-9196,"Paper goods machine setters, operators, and tenders",15,Science,1.3
51-9196,"Paper goods machine setters, operators, and tenders",16,Speaking and listening,2.8
51-9196,"Paper goods machine setters, operators, and tenders",17,Writing and reading,2.7
51-9197,Tire builders,1,Adaptability,3.2
51-9197,Tire builders,2,Computers and information technology,2.1
51-9197,Tire builders,3,Creativity and innovation,2.1
51-9197,Tire builders,4,Critical and analytical thinking,2.5
51-9197,Tire builders,5,Customer service,2.5
51-9197,Tire builders,6,Detail oriented,3.5
51-9197,Tire builders,7,Fine motor,3.6
51-9197,Tire builders,8,Interpersonal,2.6
51-9197,Tire builders,9,Leadership,2.9
51-9197,Tire builders,10,Mathematics,2.1
51-9197,Tire builders,11,Mechanical,2.6
51-9197,Tire builders,12,Physical strength and stamina,3.2
51-9197,Tire builders,13,Problem solving and decision making,2.9
51-9197,Tire builders,14,Project management,2.5
51-9197,Tire builders,15,Science,1.6
51-9197,Tire builders,16,Speaking and listening,2.6
51-9197,Tire builders,17,Writing and reading,2.4
51-9198,Helpers--production workers,1,Adaptability,3.2
51-9198,Helpers--production workers,2,Computers and information technology,2.1
51-9198,Helpers--production workers,3,Creativity and innovation,2.0
51-9198,Helpers--production workers,4,Critical and analytical thinking,2.5
51-9198,Helpers--production workers,5,Customer service,2.1
51-9198,Helpers--production workers,6,Detail oriented,3.5
51-9198,Helpers--production workers,7,Fine motor,3.3
51-9198,Helpers--production workers,8,Interpersonal,2.9
51-9198,Helpers--production workers,9,Leadership,2.5
51-9198,Helpers--production workers,10,Mathematics,2.2
51-9198,Helpers--production workers,11,Mechanical,2.5
51-9198,Helpers--production workers,12,Physical strength and stamina,3.0
51-9198,Helpers--production workers,13,Problem solving and decision making,2.8
51-9198,Helpers--production workers,14,Project management,2.2
51-9198,Helpers--production workers,15,Science,1.5
51-9198,Helpers--production workers,16,Speaking and listening,2.6
51-9198,Helpers--production workers,17,Writing and reading,2.4
51-9199,"Production workers, all other",1,Adaptability,3.5
51-9199,"Production workers, all other",2,Computers and information technology,2.7
51-9199,"Production workers, all other",3,Creativity and innovation,2.4
51-9199,"Production workers, all other",4,Critical and analytical thinking,2.8
51-9199,"Production workers, all other",5,Customer service,2.4
51-9199,"Production workers, all other",6,Detail oriented,3.7
51-9199,"Production workers, all other",7,Fine motor,3.2
51-9199,"Production workers, all other",8,Interpersonal,2.9
51-9199,"Production workers, all other",9,Leadership,2.9
51-9199,"Production workers, all other",10,Mathematics,2.5
51-9199,"Production workers, all other",11,Mechanical,2.7
51-9199,"Production workers, all other",12,Physical strength and stamina,2.7
51-9199,"Production workers, all other",13,Problem solving and decision making,3.3
51-9199,"Production workers, all other",14,Project management,2.3
51-9199,"Production workers, all other",15,Science,1.8
51-9199,"Production workers, all other",16,Speaking and listening,2.7
51-9199,"Production workers, all other",17,Writing and reading,2.8
53-1041,Aircraft cargo handling supervisors,1,Adaptability,4.0
53-1041,Aircraft cargo handling supervisors,2,Computers and information technology,3.5
53-1041,Aircraft cargo handling supervisors,3,Creativity and innovation,2.8
53-1041,Aircraft cargo handling supervisors,4,Critical and analytical thinking,3.2
53-1041,Aircraft cargo handling supervisors,5,Customer service,3.8
53-1041,Aircraft cargo handling supervisors,6,Detail oriented,4.0
53-1041,Aircraft cargo handling supervisors,7,Fine motor,2.8
53-1041,Aircraft cargo handling supervisors,8,Interpersonal,3.5
53-1041,Aircraft cargo handling supervisors,9,Leadership,4.0
53-1041,Aircraft cargo handling supervisors,10,Mathematics,3.1
53-1041,Aircraft cargo handling supervisors,11,Mechanical,2.5
53-1041,Aircraft cargo handling supervisors,12,Physical strength and stamina,2.9
53-1041,Aircraft cargo handling supervisors,13,Problem solving and decision making,3.9
53-1041,Aircraft cargo handling supervisors,14,Project management,3.0
53-1041,Aircraft cargo handling supervisors,15,Science,1.9
53-1041,Aircraft cargo handling supervisors,16,Speaking and listening,3.4
53-1041,Aircraft cargo handling supervisors,17,Writing and reading,3.2
53-1047,"First-line supervisors of transportation and material moving workers, except aircraft cargo handling supervisors",1,Adaptability,3.9
53-1047,"First-line supervisors of transportation and material moving workers, except aircraft cargo handling supervisors",2,Computers and information technology,3.5
53-1047,"First-line supervisors of transportation and material moving workers, except aircraft cargo handling supervisors",3,Creativity and innovation,2.8
53-1047,"First-line supervisors of transportation and material moving workers, except aircraft cargo handling supervisors",4,Critical and analytical thinking,3.3
53-1047,"First-line supervisors of transportation and material moving workers, except aircraft cargo handling supervisors",5,Customer service,3.3
53-1047,"First-line supervisors of transportation and material moving workers, except aircraft cargo handling supervisors",6,Detail oriented,3.8
53-1047,"First-line supervisors of transportation and material moving workers, except aircraft cargo handling supervisors",7,Fine motor,2.6
53-1047,"First-line supervisors of transportation and material moving workers, except aircraft cargo handling supervisors",8,Interpersonal,3.4
53-1047,"First-line supervisors of transportation and material moving workers, except aircraft cargo handling supervisors",9,Leadership,4.0
53-1047,"First-line supervisors of transportation and material moving workers, except aircraft cargo handling supervisors",10,Mathematics,2.9
53-1047,"First-line supervisors of transportation and material moving workers, except aircraft cargo handling supervisors",11,Mechanical,2.6
53-1047,"First-line supervisors of transportation and material moving workers, except aircraft cargo handling supervisors",12,Physical strength and stamina,2.3
53-1047,"First-line supervisors of transportation and material moving workers, except aircraft cargo handling supervisors",13,Problem solving and decision making,3.9
53-1047,"First-line supervisors of transportation and material moving workers, except aircraft cargo handling supervisors",14,Project management,3.1
53-1047,"First-line supervisors of transportation and material moving workers, except aircraft cargo handling supervisors",15,Science,1.9
53-1047,"First-line supervisors of transportation and material moving workers, except aircraft cargo handling supervisors",16,Speaking and listening,3.5
53-1047,"First-line supervisors of transportation and material moving workers, except aircraft cargo handling supervisors",17,Writing and reading,3.4
53-2011,"Airline pilots, copilots, and flight engineers",1,Adaptability,4.4
53-2011,"Airline pilots, copilots, and flight engineers",2,Computers and information technology,3.2
53-2011,"Airline pilots, copilots, and flight engineers",3,Creativity and innovation,2.3
53-2011,"Airline pilots, copilots, and flight engineers",4,Critical and analytical thinking,3.7
53-2011,"Airline pilots, copilots, and flight engineers",5,Customer service,2.9
53-2011,"Airline pilots, copilots, and flight engineers",6,Detail oriented,4.5
53-2011,"Airline pilots, copilots, and flight engineers",7,Fine motor,3.8
53-2011,"Airline pilots, copilots, and flight engineers",8,Interpersonal,3.2
53-2011,"Airline pilots, copilots, and flight engineers",9,Leadership,3.2
53-2011,"Airline pilots, copilots, and flight engineers",10,Mathematics,3.2
53-2011,"Airline pilots, copilots, and flight engineers",11,Mechanical,2.7
53-2011,"Airline pilots, copilots, and flight engineers",12,Physical strength and stamina,2.2
53-2011,"Airline pilots, copilots, and flight engineers",13,Problem solving and decision making,4.1
53-2011,"Airline pilots, copilots, and flight engineers",14,Project management,2.4
53-2011,"Airline pilots, copilots, and flight engineers",15,Science,2.3
53-2011,"Airline pilots, copilots, and flight engineers",16,Speaking and listening,3.6
53-2011,"Airline pilots, copilots, and flight engineers",17,Writing and reading,3.6
53-2012,Commercial pilots,1,Adaptability,4.3
53-2012,Commercial pilots,2,Computers and information technology,3.4
53-2012,Commercial pilots,3,Creativity and innovation,2.7
53-2012,Commercial pilots,4,Critical and analytical thinking,3.6
53-2012,Commercial pilots,5,Customer service,3.1
53-2012,Commercial pilots,6,Detail oriented,4.3
53-2012,Commercial pilots,7,Fine motor,3.2
53-2012,Commercial pilots,8,Interpersonal,3.3
53-2012,Commercial pilots,9,Leadership,3.4
53-2012,Commercial pilots,10,Mathematics,2.8
53-2012,Commercial pilots,11,Mechanical,3.2
53-2012,Commercial pilots,12,Physical strength and stamina,2.5
53-2012,Commercial pilots,13,Problem solving and decision making,4.2
53-2012,Commercial pilots,14,Project management,3.0
53-2012,Commercial pilots,15,Science,2.2
53-2012,Commercial pilots,16,Speaking and listening,3.4
53-2012,Commercial pilots,17,Writing and reading,3.5
53-2021,Air traffic controllers,1,Adaptability,4.2
53-2021,Air traffic controllers,2,Computers and information technology,2.8
53-2021,Air traffic controllers,3,Creativity and innovation,3.0
53-2021,Air traffic controllers,4,Critical and analytical thinking,3.9
53-2021,Air traffic controllers,5,Customer service,3.5
53-2021,Air traffic controllers,6,Detail oriented,4.5
53-2021,Air traffic controllers,7,Fine motor,2.8
53-2021,Air traffic controllers,8,Interpersonal,3.1
53-2021,Air traffic controllers,9,Leadership,3.2
53-2021,Air traffic controllers,10,Mathematics,3.1
53-2021,Air traffic controllers,11,Mechanical,1.5
53-2021,Air traffic controllers,12,Physical strength and stamina,1.3
53-2021,Air traffic controllers,13,Problem solving and decision making,4.3
53-2021,Air traffic controllers,14,Project management,2.4
53-2021,Air traffic controllers,15,Science,1.6
53-2021,Air traffic controllers,16,Speaking and listening,3.8
53-2021,Air traffic controllers,17,Writing and reading,3.5
53-2022,Airfield operations specialists,1,Adaptability,3.8
53-2022,Airfield operations specialists,2,Computers and information technology,3.5
53-2022,Airfield operations specialists,3,Creativity and innovation,2.5
53-2022,Airfield operations specialists,4,Critical and analytical thinking,3.4
53-2022,Airfield operations specialists,5,Customer service,3.6
53-2022,Airfield operations specialists,6,Detail oriented,4.3
53-2022,Airfield operations specialists,7,Fine motor,2.6
53-2022,Airfield operations specialists,8,Interpersonal,3.2
53-2022,Airfield operations specialists,9,Leadership,3.5
53-2022,Airfield operations specialists,10,Mathematics,2.5
53-2022,Airfield operations specialists,11,Mechanical,2.2
53-2022,Airfield operations specialists,12,Physical strength and stamina,2.2
53-2022,Airfield operations specialists,13,Problem solving and decision making,4.0
53-2022,Airfield operations specialists,14,Project management,2.7
53-2022,Airfield operations specialists,15,Science,2.0
53-2022,Airfield operations specialists,16,Speaking and listening,3.6
53-2022,Airfield operations specialists,17,Writing and reading,3.6
53-2031,Flight attendants,1,Adaptability,4.1
53-2031,Flight attendants,2,Computers and information technology,2.9
53-2031,Flight attendants,3,Creativity and innovation,2.6
53-2031,Flight attendants,4,Critical and analytical thinking,2.9
53-2031,Flight attendants,5,Customer service,4.3
53-2031,Flight attendants,6,Detail oriented,4.0
53-2031,Flight attendants,7,Fine motor,2.3
53-2031,Flight attendants,8,Interpersonal,4.1
53-2031,Flight attendants,9,Leadership,2.9
53-2031,Flight attendants,10,Mathematics,2.0
53-2031,Flight attendants,11,Mechanical,1.5
53-2031,Flight attendants,12,Physical strength and stamina,3.1
53-2031,Flight attendants,13,Problem solving and decision making,3.7
53-2031,Flight attendants,14,Project management,2.5
53-2031,Flight attendants,15,Science,1.5
53-2031,Flight attendants,16,Speaking and listening,3.9
53-2031,Flight attendants,17,Writing and reading,2.9
53-3011,"Ambulance drivers and attendants, except emergency medical technicians",1,Adaptability,3.8
53-3011,"Ambulance drivers and attendants, except emergency medical technicians",2,Computers and information technology,2.9
53-3011,"Ambulance drivers and attendants, except emergency medical technicians",3,Creativity and innovation,2.5
53-3011,"Ambulance drivers and attendants, except emergency medical technicians",4,Critical and analytical thinking,2.8
53-3011,"Ambulance drivers and attendants, except emergency medical technicians",5,Customer service,3.5
53-3011,"Ambulance drivers and attendants, except emergency medical technicians",6,Detail oriented,3.9
53-3011,"Ambulance drivers and attendants, except emergency medical technicians",7,Fine motor,2.8
53-3011,"Ambulance drivers and attendants, except emergency medical technicians",8,Interpersonal,3.8
53-3011,"Ambulance drivers and attendants, except emergency medical technicians",9,Leadership,2.8
53-3011,"Ambulance drivers and attendants, except emergency medical technicians",10,Mathematics,2.2
53-3011,"Ambulance drivers and attendants, except emergency medical technicians",11,Mechanical,2.6
53-3011,"Ambulance drivers and attendants, except emergency medical technicians",12,Physical strength and stamina,2.9
53-3011,"Ambulance drivers and attendants, except emergency medical technicians",13,Problem solving and decision making,3.4
53-3011,"Ambulance drivers and attendants, except emergency medical technicians",14,Project management,2.5
53-3011,"Ambulance drivers and attendants, except emergency medical technicians",15,Science,1.8
53-3011,"Ambulance drivers and attendants, except emergency medical technicians",16,Speaking and listening,3.2
53-3011,"Ambulance drivers and attendants, except emergency medical technicians",17,Writing and reading,3.1
53-3031,Driver/sales workers,1,Adaptability,3.5
53-3031,Driver/sales workers,2,Computers and information technology,2.3
53-3031,Driver/sales workers,3,Creativity and innovation,2.3
53-3031,Driver/sales workers,4,Critical and analytical thinking,2.5
53-3031,Driver/sales workers,5,Customer service,3.6
53-3031,Driver/sales workers,6,Detail oriented,3.5
53-3031,Driver/sales workers,7,Fine motor,3.2
53-3031,Driver/sales workers,8,Interpersonal,3.0
53-3031,Driver/sales workers,9,Leadership,2.2
53-3031,Driver/sales workers,10,Mathematics,2.7
53-3031,Driver/sales workers,11,Mechanical,2.0
53-3031,Driver/sales workers,12,Physical strength and stamina,3.0
53-3031,Driver/sales workers,13,Problem solving and decision making,3.1
53-3031,Driver/sales workers,14,Project management,2.4
53-3031,Driver/sales workers,15,Science,1.1
53-3031,Driver/sales workers,16,Speaking and listening,3.2
53-3031,Driver/sales workers,17,Writing and reading,2.8
53-3032,Heavy and tractor-trailer truck drivers,1,Adaptability,3.5
53-3032,Heavy and tractor-trailer truck drivers,2,Computers and information technology,2.6
53-3032,Heavy and tractor-trailer truck drivers,3,Creativity and innovation,2.1
53-3032,Heavy and tractor-trailer truck drivers,4,Critical and analytical thinking,2.6
53-3032,Heavy and tractor-trailer truck drivers,5,Customer service,2.9
53-3032,Heavy and tractor-trailer truck drivers,6,Detail oriented,3.9
53-3032,Heavy and tractor-trailer truck drivers,7,Fine motor,3.5
53-3032,Heavy and tractor-trailer truck drivers,8,Interpersonal,2.8
53-3032,Heavy and tractor-trailer truck drivers,9,Leadership,2.3
53-3032,Heavy and tractor-trailer truck drivers,10,Mathematics,2.2
53-3032,Heavy and tractor-trailer truck drivers,11,Mechanical,2.9
53-3032,Heavy and tractor-trailer truck drivers,12,Physical strength and stamina,2.7
53-3032,Heavy and tractor-trailer truck drivers,13,Problem solving and decision making,3.4
53-3032,Heavy and tractor-trailer truck drivers,14,Project management,2.2
53-3032,Heavy and tractor-trailer truck drivers,15,Science,1.5
53-3032,Heavy and tractor-trailer truck drivers,16,Speaking and listening,2.7
53-3032,Heavy and tractor-trailer truck drivers,17,Writing and reading,2.7
53-3033,Light truck drivers,1,Adaptability,3.5
53-3033,Light truck drivers,2,Computers and information technology,2.5
53-3033,Light truck drivers,3,Creativity and innovation,2.3
53-3033,Light truck drivers,4,Critical and analytical thinking,2.7
53-3033,Light truck drivers,5,Customer service,3.1
53-3033,Light truck drivers,6,Detail oriented,3.6
53-3033,Light truck drivers,7,Fine motor,3.0
53-3033,Light truck drivers,8,Interpersonal,3.0
53-3033,Light truck drivers,9,Leadership,2.7
53-3033,Light truck drivers,10,Mathematics,2.2
53-3033,Light truck drivers,11,Mechanical,2.5
53-3033,Light truck drivers,12,Physical strength and stamina,3.1
53-3033,Light truck drivers,13,Problem solving and decision making,3.2
53-3033,Light truck drivers,14,Project management,2.4
53-3033,Light truck drivers,15,Science,1.6
53-3033,Light truck drivers,16,Speaking and listening,2.8
53-3033,Light truck drivers,17,Writing and reading,2.9
53-3051,"Bus drivers, school",1,Adaptability,3.6
53-3051,"Bus drivers, school",2,Computers and information technology,2.1
53-3051,"Bus drivers, school",3,Creativity and innovation,2.3
53-3051,"Bus drivers, school",4,Critical and analytical thinking,2.6
53-3051,"Bus drivers, school",5,Customer service,2.9
53-3051,"Bus drivers, school",6,Detail oriented,3.7
53-3051,"Bus drivers, school",7,Fine motor,3.1
53-3051,"Bus drivers, school",8,Interpersonal,3.6
53-3051,"Bus drivers, school",9,Leadership,2.6
53-3051,"Bus drivers, school",10,Mathematics,2.0
53-3051,"Bus drivers, school",11,Mechanical,2.3
53-3051,"Bus drivers, school",12,Physical strength and stamina,2.3
53-3051,"Bus drivers, school",13,Problem solving and decision making,3.3
53-3051,"Bus drivers, school",14,Project management,2.1
53-3051,"Bus drivers, school",15,Science,1.2
53-3051,"Bus drivers, school",16,Speaking and listening,2.9
53-3051,"Bus drivers, school",17,Writing and reading,2.7
53-3052,"Bus drivers, transit and intercity",1,Adaptability,3.7
53-3052,"Bus drivers, transit and intercity",2,Computers and information technology,2.3
53-3052,"Bus drivers, transit and intercity",3,Creativity and innovation,2.2
53-3052,"Bus drivers, transit and intercity",4,Critical and analytical thinking,2.6
53-3052,"Bus drivers, transit and intercity",5,Customer service,3.5
53-3052,"Bus drivers, transit and intercity",6,Detail oriented,3.8
53-3052,"Bus drivers, transit and intercity",7,Fine motor,3.3
53-3052,"Bus drivers, transit and intercity",8,Interpersonal,3.5
53-3052,"Bus drivers, transit and intercity",9,Leadership,2.6
53-3052,"Bus drivers, transit and intercity",10,Mathematics,2.1
53-3052,"Bus drivers, transit and intercity",11,Mechanical,2.4
53-3052,"Bus drivers, transit and intercity",12,Physical strength and stamina,2.3
53-3052,"Bus drivers, transit and intercity",13,Problem solving and decision making,3.3
53-3052,"Bus drivers, transit and intercity",14,Project management,2.1
53-3052,"Bus drivers, transit and intercity",15,Science,1.3
53-3052,"Bus drivers, transit and intercity",16,Speaking and listening,2.9
53-3052,"Bus drivers, transit and intercity",17,Writing and reading,2.8
53-3053,Shuttle drivers and chauffeurs,1,Adaptability,3.8
53-3053,Shuttle drivers and chauffeurs,2,Computers and information technology,2.6
53-3053,Shuttle drivers and chauffeurs,3,Creativity and innovation,2.8
53-3053,Shuttle drivers and chauffeurs,4,Critical and analytical thinking,2.7
53-3053,Shuttle drivers and chauffeurs,5,Customer service,3.6
53-3053,Shuttle drivers and chauffeurs,6,Detail oriented,4.0
53-3053,Shuttle drivers and chauffeurs,7,Fine motor,3.0
53-3053,Shuttle drivers and chauffeurs,8,Interpersonal,3.7
53-3053,Shuttle drivers and chauffeurs,9,Leadership,2.8
53-3053,Shuttle drivers and chauffeurs,10,Mathematics,2.3
53-3053,Shuttle drivers and chauffeurs,11,Mechanical,2.6
53-3053,Shuttle drivers and chauffeurs,12,Physical strength and stamina,2.5
53-3053,Shuttle drivers and chauffeurs,13,Problem solving and decision making,3.3
53-3053,Shuttle drivers and chauffeurs,14,Project management,2.4
53-3053,Shuttle drivers and chauffeurs,15,Science,1.9
53-3053,Shuttle drivers and chauffeurs,16,Speaking and listening,3.0
53-3053,Shuttle drivers and chauffeurs,17,Writing and reading,2.6
53-3054,Taxi drivers,1,Adaptability,3.8
53-3054,Taxi drivers,2,Computers and information technology,2.6
53-3054,Taxi drivers,3,Creativity and innovation,2.8
53-3054,Taxi drivers,4,Critical and analytical thinking,2.7
53-3054,Taxi drivers,5,Customer service,3.6
53-3054,Taxi drivers,6,Detail oriented,4.0
53-3054,Taxi drivers,7,Fine motor,3.0
53-3054,Taxi drivers,8,Interpersonal,3.7
53-3054,Taxi drivers,9,Leadership,2.8
53-3054,Taxi drivers,10,Mathematics,2.3
53-3054,Taxi drivers,11,Mechanical,2.6
53-3054,Taxi drivers,12,Physical strength and stamina,2.5
53-3054,Taxi drivers,13,Problem solving and decision making,3.3
53-3054,Taxi drivers,14,Project management,2.4
53-3054,Taxi drivers,15,Science,1.9
53-3054,Taxi drivers,16,Speaking and listening,3.0
53-3054,Taxi drivers,17,Writing and reading,2.6
53-3099,"Motor vehicle operators, all other",1,Adaptability,3.6
53-3099,"Motor vehicle operators, all other",2,Computers and information technology,2.5
53-3099,"Motor vehicle operators, all other",3,Creativity and innovation,2.2
53-3099,"Motor vehicle operators, all other",4,Critical and analytical thinking,2.7
53-3099,"Motor vehicle operators, all other",5,Customer service,3.1
53-3099,"Motor vehicle operators, all other",6,Detail oriented,3.8
53-3099,"Motor vehicle operators, all other",7,Fine motor,3.2
53-3099,"Motor vehicle operators, all other",8,Interpersonal,3.1
53-3099,"Motor vehicle operators, all other",9,Leadership,2.5
53-3099,"Motor vehicle operators, all other",10,Mathematics,2.2
53-3099,"Motor vehicle operators, all other",11,Mechanical,2.6
53-3099,"Motor vehicle operators, all other",12,Physical strength and stamina,2.8
53-3099,"Motor vehicle operators, all other",13,Problem solving and decision making,3.3
53-3099,"Motor vehicle operators, all other",14,Project management,2.3
53-3099,"Motor vehicle operators, all other",15,Science,1.5
53-3099,"Motor vehicle operators, all other",16,Speaking and listening,2.8
53-3099,"Motor vehicle operators, all other",17,Writing and reading,2.7
53-4011,Locomotive engineers,1,Adaptability,3.6
53-4011,Locomotive engineers,2,Computers and information technology,2.4
53-4011,Locomotive engineers,3,Creativity and innovation,2.3
53-4011,Locomotive engineers,4,Critical and analytical thinking,3.1
53-4011,Locomotive engineers,5,Customer service,2.8
53-4011,Locomotive engineers,6,Detail oriented,4.2
53-4011,Locomotive engineers,7,Fine motor,3.6
53-4011,Locomotive engineers,8,Interpersonal,3.0
53-4011,Locomotive engineers,9,Leadership,3.2
53-4011,Locomotive engineers,10,Mathematics,2.4
53-4011,Locomotive engineers,11,Mechanical,2.8
53-4011,Locomotive engineers,12,Physical strength and stamina,2.5
53-4011,Locomotive engineers,13,Problem solving and decision making,3.6
53-4011,Locomotive engineers,14,Project management,2.4
53-4011,Locomotive engineers,15,Science,1.6
53-4011,Locomotive engineers,16,Speaking and listening,3.2
53-4011,Locomotive engineers,17,Writing and reading,3.2
53-4013,"Rail yard engineers, dinkey operators, and hostlers",1,Adaptability,3.9
53-4013,"Rail yard engineers, dinkey operators, and hostlers",2,Computers and information technology,2.6
53-4013,"Rail yard engineers, dinkey operators, and hostlers",3,Creativity and innovation,2.3
53-4013,"Rail yard engineers, dinkey operators, and hostlers",4,Critical and analytical thinking,2.9
53-4013,"Rail yard engineers, dinkey operators, and hostlers",5,Customer service,2.7
53-4013,"Rail yard engineers, dinkey operators, and hostlers",6,Detail oriented,4.0
53-4013,"Rail yard engineers, dinkey operators, and hostlers",7,Fine motor,3.5
53-4013,"Rail yard engineers, dinkey operators, and hostlers",8,Interpersonal,3.2
53-4013,"Rail yard engineers, dinkey operators, and hostlers",9,Leadership,3.5
53-4013,"Rail yard engineers, dinkey operators, and hostlers",10,Mathematics,2.2
53-4013,"Rail yard engineers, dinkey operators, and hostlers",11,Mechanical,3.2
53-4013,"Rail yard engineers, dinkey operators, and hostlers",12,Physical strength and stamina,2.9
53-4013,"Rail yard engineers, dinkey operators, and hostlers",13,Problem solving and decision making,3.6
53-4013,"Rail yard engineers, dinkey operators, and hostlers",14,Project management,2.6
53-4013,"Rail yard engineers, dinkey operators, and hostlers",15,Science,1.4
53-4013,"Rail yard engineers, dinkey operators, and hostlers",16,Speaking and listening,3.2
53-4013,"Rail yard engineers, dinkey operators, and hostlers",17,Writing and reading,3.0
53-4022,"Railroad brake, signal, and switch operators and locomotive firers",1,Adaptability,3.7
53-4022,"Railroad brake, signal, and switch operators and locomotive firers",2,Computers and information technology,2.0
53-4022,"Railroad brake, signal, and switch operators and locomotive firers",3,Creativity and innovation,2.3
53-4022,"Railroad brake, signal, and switch operators and locomotive firers",4,Critical and analytical thinking,2.8
53-4022,"Railroad brake, signal, and switch operators and locomotive firers",5,Customer service,2.5
53-4022,"Railroad brake, signal, and switch operators and locomotive firers",6,Detail oriented,3.9
53-4022,"Railroad brake, signal, and switch operators and locomotive firers",7,Fine motor,3.5
53-4022,"Railroad brake, signal, and switch operators and locomotive firers",8,Interpersonal,2.9
53-4022,"Railroad brake, signal, and switch operators and locomotive firers",9,Leadership,2.9
53-4022,"Railroad brake, signal, and switch operators and locomotive firers",10,Mathematics,2.1
53-4022,"Railroad brake, signal, and switch operators and locomotive firers",11,Mechanical,2.4
53-4022,"Railroad brake, signal, and switch operators and locomotive firers",12,Physical strength and stamina,2.9
53-4022,"Railroad brake, signal, and switch operators and locomotive firers",13,Problem solving and decision making,3.4
53-4022,"Railroad brake, signal, and switch operators and locomotive firers",14,Project management,2.2
53-4022,"Railroad brake, signal, and switch operators and locomotive firers",15,Science,1.4
53-4022,"Railroad brake, signal, and switch operators and locomotive firers",16,Speaking and listening,2.9
53-4022,"Railroad brake, signal, and switch operators and locomotive firers",17,Writing and reading,3.0
53-4031,Railroad conductors and yardmasters,1,Adaptability,3.7
53-4031,Railroad conductors and yardmasters,2,Computers and information technology,2.9
53-4031,Railroad conductors and yardmasters,3,Creativity and innovation,2.2
53-4031,Railroad conductors and yardmasters,4,Critical and analytical thinking,3.1
53-4031,Railroad conductors and yardmasters,5,Customer service,2.7
53-4031,Railroad conductors and yardmasters,6,Detail oriented,3.9
53-4031,Railroad conductors and yardmasters,7,Fine motor,2.7
53-4031,Railroad conductors and yardmasters,8,Interpersonal,3.1
53-4031,Railroad conductors and yardmasters,9,Leadership,2.9
53-4031,Railroad conductors and yardmasters,10,Mathematics,2.4
53-4031,Railroad conductors and yardmasters,11,Mechanical,2.0
53-4031,Railroad conductors and yardmasters,12,Physical strength and stamina,2.7
53-4031,Railroad conductors and yardmasters,13,Problem solving and decision making,3.6
53-4031,Railroad conductors and yardmasters,14,Project management,2.3
53-4031,Railroad conductors and yardmasters,15,Science,2.0
53-4031,Railroad conductors and yardmasters,16,Speaking and listening,3.2
53-4031,Railroad conductors and yardmasters,17,Writing and reading,3.0
53-4041,Subway and streetcar operators,1,Adaptability,4.0
53-4041,Subway and streetcar operators,2,Computers and information technology,2.0
53-4041,Subway and streetcar operators,3,Creativity and innovation,2.0
53-4041,Subway and streetcar operators,4,Critical and analytical thinking,2.7
53-4041,Subway and streetcar operators,5,Customer service,3.6
53-4041,Subway and streetcar operators,6,Detail oriented,4.2
53-4041,Subway and streetcar operators,7,Fine motor,3.7
53-4041,Subway and streetcar operators,8,Interpersonal,3.2
53-4041,Subway and streetcar operators,9,Leadership,2.5
53-4041,Subway and streetcar operators,10,Mathematics,2.3
53-4041,Subway and streetcar operators,11,Mechanical,2.8
53-4041,Subway and streetcar operators,12,Physical strength and stamina,2.6
53-4041,Subway and streetcar operators,13,Problem solving and decision making,3.3
53-4041,Subway and streetcar operators,14,Project management,2.1
53-4041,Subway and streetcar operators,15,Science,1.3
53-4041,Subway and streetcar operators,16,Speaking and listening,3.1
53-4041,Subway and streetcar operators,17,Writing and reading,2.8
53-4099,"Rail transportation workers, all other",1,Adaptability,3.7
53-4099,"Rail transportation workers, all other",2,Computers and information technology,2.5
53-4099,"Rail transportation workers, all other",3,Creativity and innovation,2.2
53-4099,"Rail transportation workers, all other",4,Critical and analytical thinking,3.0
53-4099,"Rail transportation workers, all other",5,Customer service,2.8
53-4099,"Rail transportation workers, all other",6,Detail oriented,4.0
53-4099,"Rail transportation workers, all other",7,Fine motor,3.2
53-4099,"Rail transportation workers, all other",8,Interpersonal,3.1
53-4099,"Rail transportation workers, all other",9,Leadership,3.0
53-4099,"Rail transportation workers, all other",10,Mathematics,2.4
53-4099,"Rail transportation workers, all other",11,Mechanical,2.4
53-4099,"Rail transportation workers, all other",12,Physical strength and stamina,2.7
53-4099,"Rail transportation workers, all other",13,Problem solving and decision making,3.5
53-4099,"Rail transportation workers, all other",14,Project management,2.3
53-4099,"Rail transportation workers, all other",15,Science,1.7
53-4099,"Rail transportation workers, all other",16,Speaking and listening,3.2
53-4099,"Rail transportation workers, all other",17,Writing and reading,3.0
53-5011,Sailors and marine oilers,1,Adaptability,3.4
53-5011,Sailors and marine oilers,2,Computers and information technology,2.3
53-5011,Sailors and marine oilers,3,Creativity and innovation,2.4
53-5011,Sailors and marine oilers,4,Critical and analytical thinking,2.7
53-5011,Sailors and marine oilers,5,Customer service,2.6
53-5011,Sailors and marine oilers,6,Detail oriented,3.9
53-5011,Sailors and marine oilers,7,Fine motor,3.5
53-5011,Sailors and marine oilers,8,Interpersonal,3.3
53-5011,Sailors and marine oilers,9,Leadership,3.3
53-5011,Sailors and marine oilers,10,Mathematics,2.5
53-5011,Sailors and marine oilers,11,Mechanical,3.2
53-5011,Sailors and marine oilers,12,Physical strength and stamina,3.3
53-5011,Sailors and marine oilers,13,Problem solving and decision making,3.2
53-5011,Sailors and marine oilers,14,Project management,2.5
53-5011,Sailors and marine oilers,15,Science,2.0
53-5011,Sailors and marine oilers,16,Speaking and listening,3.0
53-5011,Sailors and marine oilers,17,Writing and reading,2.8
53-5021,"Captains, mates, and pilots of water vessels",1,Adaptability,3.9
53-5021,"Captains, mates, and pilots of water vessels",2,Computers and information technology,2.9
53-5021,"Captains, mates, and pilots of water vessels",3,Creativity and innovation,2.6
53-5021,"Captains, mates, and pilots of water vessels",4,Critical and analytical thinking,3.1
53-5021,"Captains, mates, and pilots of water vessels",5,Customer service,3.0
53-5021,"Captains, mates, and pilots of water vessels",6,Detail oriented,3.9
53-5021,"Captains, mates, and pilots of water vessels",7,Fine motor,3.4
53-5021,"Captains, mates, and pilots of water vessels",8,Interpersonal,3.3
53-5021,"Captains, mates, and pilots of water vessels",9,Leadership,3.6
53-5021,"Captains, mates, and pilots of water vessels",10,Mathematics,2.6
53-5021,"Captains, mates, and pilots of water vessels",11,Mechanical,3.2
53-5021,"Captains, mates, and pilots of water vessels",12,Physical strength and stamina,2.9
53-5021,"Captains, mates, and pilots of water vessels",13,Problem solving and decision making,3.9
53-5021,"Captains, mates, and pilots of water vessels",14,Project management,2.9
53-5021,"Captains, mates, and pilots of water vessels",15,Science,2.1
53-5021,"Captains, mates, and pilots of water vessels",16,Speaking and listening,3.3
53-5021,"Captains, mates, and pilots of water vessels",17,Writing and reading,3.3
53-5022,Motorboat operators,1,Adaptability,3.4
53-5022,Motorboat operators,2,Computers and information technology,2.4
53-5022,Motorboat operators,3,Creativity and innovation,2.4
53-5022,Motorboat operators,4,Critical and analytical thinking,2.9
53-5022,Motorboat operators,5,Customer service,3.3
53-5022,Motorboat operators,6,Detail oriented,3.6
53-5022,Motorboat operators,7,Fine motor,3.2
53-5022,Motorboat operators,8,Interpersonal,3.3
53-5022,Motorboat operators,9,Leadership,3.2
53-5022,Motorboat operators,10,Mathematics,2.2
53-5022,Motorboat operators,11,Mechanical,3.2
53-5022,Motorboat operators,12,Physical strength and stamina,2.6
53-5022,Motorboat operators,13,Problem solving and decision making,3.9
53-5022,Motorboat operators,14,Project management,2.1
53-5022,Motorboat operators,15,Science,1.8
53-5022,Motorboat operators,16,Speaking and listening,3.1
53-5022,Motorboat operators,17,Writing and reading,2.7
53-5031,Ship engineers,1,Adaptability,3.9
53-5031,Ship engineers,2,Computers and information technology,2.9
53-5031,Ship engineers,3,Creativity and innovation,2.7
53-5031,Ship engineers,4,Critical and analytical thinking,3.4
53-5031,Ship engineers,5,Customer service,2.7
53-5031,Ship engineers,6,Detail oriented,3.9
53-5031,Ship engineers,7,Fine motor,3.3
53-5031,Ship engineers,8,Interpersonal,3.3
53-5031,Ship engineers,9,Leadership,3.3
53-5031,Ship engineers,10,Mathematics,2.8
53-5031,Ship engineers,11,Mechanical,3.8
53-5031,Ship engineers,12,Physical strength and stamina,2.8
53-5031,Ship engineers,13,Problem solving and decision making,3.8
53-5031,Ship engineers,14,Project management,2.9
53-5031,Ship engineers,15,Science,2.2
53-5031,Ship engineers,16,Speaking and listening,3.2
53-5031,Ship engineers,17,Writing and reading,3.2
53-6011,Bridge and lock tenders,1,Adaptability,3.3
53-6011,Bridge and lock tenders,2,Computers and information technology,2.8
53-6011,Bridge and lock tenders,3,Creativity and innovation,1.8
53-6011,Bridge and lock tenders,4,Critical and analytical thinking,2.4
53-6011,Bridge and lock tenders,5,Customer service,2.7
53-6011,Bridge and lock tenders,6,Detail oriented,3.8
53-6011,Bridge and lock tenders,7,Fine motor,2.8
53-6011,Bridge and lock tenders,8,Interpersonal,2.9
53-6011,Bridge and lock tenders,9,Leadership,2.7
53-6011,Bridge and lock tenders,10,Mathematics,2.1
53-6011,Bridge and lock tenders,11,Mechanical,2.3
53-6011,Bridge and lock tenders,12,Physical strength and stamina,2.2
53-6011,Bridge and lock tenders,13,Problem solving and decision making,3.2
53-6011,Bridge and lock tenders,14,Project management,1.9
53-6011,Bridge and lock tenders,15,Science,1.4
53-6011,Bridge and lock tenders,16,Speaking and listening,2.8
53-6011,Bridge and lock tenders,17,Writing and reading,2.7
53-6021,Parking attendants,1,Adaptability,3.2
53-6021,Parking attendants,2,Computers and information technology,2.0
53-6021,Parking attendants,3,Creativity and innovation,1.9
53-6021,Parking attendants,4,Critical and analytical thinking,2.4
53-6021,Parking attendants,5,Customer service,3.3
53-6021,Parking attendants,6,Detail oriented,3.5
53-6021,Parking attendants,7,Fine motor,2.9
53-6021,Parking attendants,8,Interpersonal,3.2
53-6021,Parking attendants,9,Leadership,2.4
53-6021,Parking attendants,10,Mathematics,2.6
53-6021,Parking attendants,11,Mechanical,1.9
53-6021,Parking attendants,12,Physical strength and stamina,2.8
53-6021,Parking attendants,13,Problem solving and decision making,2.9
53-6021,Parking attendants,14,Project management,2.0
53-6021,Parking attendants,15,Science,1.3
53-6021,Parking attendants,16,Speaking and listening,3.1
53-6021,Parking attendants,17,Writing and reading,2.7
53-6031,Automotive and watercraft service attendants,1,Adaptability,3.6
53-6031,Automotive and watercraft service attendants,2,Computers and information technology,2.4
53-6031,Automotive and watercraft service attendants,3,Creativity and innovation,2.3
53-6031,Automotive and watercraft service attendants,4,Critical and analytical thinking,2.8
53-6031,Automotive and watercraft service attendants,5,Customer service,3.8
53-6031,Automotive and watercraft service attendants,6,Detail oriented,3.9
53-6031,Automotive and watercraft service attendants,7,Fine motor,3.4
53-6031,Automotive and watercraft service attendants,8,Interpersonal,3.2
53-6031,Automotive and watercraft service attendants,9,Leadership,2.8
53-6031,Automotive and watercraft service attendants,10,Mathematics,2.6
53-6031,Automotive and watercraft service attendants,11,Mechanical,3.1
53-6031,Automotive and watercraft service attendants,12,Physical strength and stamina,3.1
53-6031,Automotive and watercraft service attendants,13,Problem solving and decision making,3.6
53-6031,Automotive and watercraft service attendants,14,Project management,2.4
53-6031,Automotive and watercraft service attendants,15,Science,1.9
53-6031,Automotive and watercraft service attendants,16,Speaking and listening,2.8
53-6031,Automotive and watercraft service attendants,17,Writing and reading,2.7
53-6032,Aircraft service attendants,1,Adaptability,4.0
53-6032,Aircraft service attendants,2,Computers and information technology,3.3
53-6032,Aircraft service attendants,3,Creativity and innovation,2.6
53-6032,Aircraft service attendants,4,Critical and analytical thinking,3.6
53-6032,Aircraft service attendants,5,Customer service,2.7
53-6032,Aircraft service attendants,6,Detail oriented,4.0
53-6032,Aircraft service attendants,7,Fine motor,3.8
53-6032,Aircraft service attendants,8,Interpersonal,3.0
53-6032,Aircraft service attendants,9,Leadership,3.1
53-6032,Aircraft service attendants,10,Mathematics,2.8
53-6032,Aircraft service attendants,11,Mechanical,4.1
53-6032,Aircraft service attendants,12,Physical strength and stamina,3.1
53-6032,Aircraft service attendants,13,Problem solving and decision making,4.0
53-6032,Aircraft service attendants,14,Project management,2.8
53-6032,Aircraft service attendants,15,Science,2.4
53-6032,Aircraft service attendants,16,Speaking and listening,3.0
53-6032,Aircraft service attendants,17,Writing and reading,3.6
53-6041,Traffic technicians,1,Adaptability,3.7
53-6041,Traffic technicians,2,Computers and information technology,3.6
53-6041,Traffic technicians,3,Creativity and innovation,2.7
53-6041,Traffic technicians,4,Critical and analytical thinking,3.4
53-6041,Traffic technicians,5,Customer service,2.9
53-6041,Traffic technicians,6,Detail oriented,3.5
53-6041,Traffic technicians,7,Fine motor,2.4
53-6041,Traffic technicians,8,Interpersonal,3.0
53-6041,Traffic technicians,9,Leadership,2.8
53-6041,Traffic technicians,10,Mathematics,3.1
53-6041,Traffic technicians,11,Mechanical,2.4
53-6041,Traffic technicians,12,Physical strength and stamina,1.9
53-6041,Traffic technicians,13,Problem solving and decision making,3.6
53-6041,Traffic technicians,14,Project management,2.6
53-6041,Traffic technicians,15,Science,2.1
53-6041,Traffic technicians,16,Speaking and listening,3.2
53-6041,Traffic technicians,17,Writing and reading,3.2
53-6051,Transportation inspectors,1,Adaptability,3.7
53-6051,Transportation inspectors,2,Computers and information technology,3.2
53-6051,Transportation inspectors,3,Creativity and innovation,2.5
53-6051,Transportation inspectors,4,Critical and analytical thinking,3.3
53-6051,Transportation inspectors,5,Customer service,2.9
53-6051,Transportation inspectors,6,Detail oriented,3.8
53-6051,Transportation inspectors,7,Fine motor,2.0
53-6051,Transportation inspectors,8,Interpersonal,2.9
53-6051,Transportation inspectors,9,Leadership,2.8
53-6051,Transportation inspectors,10,Mathematics,2.9
53-6051,Transportation inspectors,11,Mechanical,1.9
53-6051,Transportation inspectors,12,Physical strength and stamina,2.4
53-6051,Transportation inspectors,13,Problem solving and decision making,3.8
53-6051,Transportation inspectors,14,Project management,2.8
53-6051,Transportation inspectors,15,Science,2.0
53-6051,Transportation inspectors,16,Speaking and listening,3.2
53-6051,Transportation inspectors,17,Writing and reading,3.6
53-6061,Passenger attendants,1,Adaptability,3.7
53-6061,Passenger attendants,2,Computers and information technology,1.6
53-6061,Passenger attendants,3,Creativity and innovation,2.1
53-6061,Passenger attendants,4,Critical and analytical thinking,2.6
53-6061,Passenger attendants,5,Customer service,2.9
53-6061,Passenger attendants,6,Detail oriented,3.3
53-6061,Passenger attendants,7,Fine motor,2.2
53-6061,Passenger attendants,8,Interpersonal,3.9
53-6061,Passenger attendants,9,Leadership,2.5
53-6061,Passenger attendants,10,Mathematics,2.1
53-6061,Passenger attendants,11,Mechanical,1.6
53-6061,Passenger attendants,12,Physical strength and stamina,2.4
53-6061,Passenger attendants,13,Problem solving and decision making,2.8
53-6061,Passenger attendants,14,Project management,1.8
53-6061,Passenger attendants,15,Science,1.3
53-6061,Passenger attendants,16,Speaking and listening,3.2
53-6061,Passenger attendants,17,Writing and reading,2.6
53-6099,"Transportation workers, all other",1,Adaptability,3.5
53-6099,"Transportation workers, all other",2,Computers and information technology,2.4
53-6099,"Transportation workers, all other",3,Creativity and innovation,2.2
53-6099,"Transportation workers, all other",4,Critical and analytical thinking,2.7
53-6099,"Transportation workers, all other",5,Customer service,3.3
53-6099,"Transportation workers, all other",6,Detail oriented,3.7
53-6099,"Transportation workers, all other",7,Fine motor,3.0
53-6099,"Transportation workers, all other",8,Interpersonal,3.2
53-6099,"Transportation workers, all other",9,Leadership,2.6
53-6099,"Transportation workers, all other",10,Mathematics,2.6
53-6099,"Transportation workers, all other",11,Mechanical,2.5
53-6099,"Transportation workers, all other",12,Physical strength and stamina,2.8
53-6099,"Transportation workers, all other",13,Problem solving and decision making,3.3
53-6099,"Transportation workers, all other",14,Project management,2.3
53-6099,"Transportation workers, all other",15,Science,1.7
53-6099,"Transportation workers, all other",16,Speaking and listening,3.0
53-6099,"Transportation workers, all other",17,Writing and reading,2.8
53-7011,Conveyor operators and tenders,1,Adaptability,3.6
53-7011,Conveyor operators and tenders,2,Computers and information technology,2.0
53-7011,Conveyor operators and tenders,3,Creativity and innovation,2.2
53-7011,Conveyor operators and tenders,4,Critical and analytical thinking,2.8
53-7011,Conveyor operators and tenders,5,Customer service,2.2
53-7011,Conveyor operators and tenders,6,Detail oriented,3.8
53-7011,Conveyor operators and tenders,7,Fine motor,3.3
53-7011,Conveyor operators and tenders,8,Interpersonal,3.3
53-7011,Conveyor operators and tenders,9,Leadership,2.9
53-7011,Conveyor operators and tenders,10,Mathematics,1.9
53-7011,Conveyor operators and tenders,11,Mechanical,2.9
53-7011,Conveyor operators and tenders,12,Physical strength and stamina,2.7
53-7011,Conveyor operators and tenders,13,Problem solving and decision making,3.4
53-7011,Conveyor operators and tenders,14,Project management,2.4
53-7011,Conveyor operators and tenders,15,Science,1.4
53-7011,Conveyor operators and tenders,16,Speaking and listening,2.9
53-7011,Conveyor operators and tenders,17,Writing and reading,2.8
53-7021,Crane and tower operators,1,Adaptability,3.6
53-7021,Crane and tower operators,2,Computers and information technology,2.3
53-7021,Crane and tower operators,3,Creativity and innovation,2.4
53-7021,Crane and tower operators,4,Critical and analytical thinking,2.7
53-7021,Crane and tower operators,5,Customer service,2.4
53-7021,Crane and tower operators,6,Detail oriented,4.0
53-7021,Crane and tower operators,7,Fine motor,3.5
53-7021,Crane and tower operators,8,Interpersonal,2.8
53-7021,Crane and tower operators,9,Leadership,3.1
53-7021,Crane and tower operators,10,Mathematics,2.6
53-7021,Crane and tower operators,11,Mechanical,3.1
53-7021,Crane and tower operators,12,Physical strength and stamina,2.7
53-7021,Crane and tower operators,13,Problem solving and decision making,3.4
53-7021,Crane and tower operators,14,Project management,2.3
53-7021,Crane and tower operators,15,Science,1.5
53-7021,Crane and tower operators,16,Speaking and listening,2.8
53-7021,Crane and tower operators,17,Writing and reading,2.9
53-7031,Dredge operators,1,Adaptability,3.2
53-7031,Dredge operators,2,Computers and information technology,1.8
53-7031,Dredge operators,3,Creativity and innovation,2.2
53-7031,Dredge operators,4,Critical and analytical thinking,2.5
53-7031,Dredge operators,5,Customer service,1.9
53-7031,Dredge operators,6,Detail oriented,3.2
53-7031,Dredge operators,7,Fine motor,3.5
53-7031,Dredge operators,8,Interpersonal,3.0
53-7031,Dredge operators,9,Leadership,3.0
53-7031,Dredge operators,10,Mathematics,2.2
53-7031,Dredge operators,11,Mechanical,2.9
53-7031,Dredge operators,12,Physical strength and stamina,2.5
53-7031,Dredge operators,13,Problem solving and decision making,3.3
53-7031,Dredge operators,14,Project management,2.1
53-7031,Dredge operators,15,Science,1.6
53-7031,Dredge operators,16,Speaking and listening,2.6
53-7031,Dredge operators,17,Writing and reading,2.5
53-7041,Hoist and winch operators,1,Adaptability,3.3
53-7041,Hoist and winch operators,2,Computers and information technology,1.9
53-7041,Hoist and winch operators,3,Creativity and innovation,2.3
53-7041,Hoist and winch operators,4,Critical and analytical thinking,2.9
53-7041,Hoist and winch operators,5,Customer service,2.6
53-7041,Hoist and winch operators,6,Detail oriented,4.2
53-7041,Hoist and winch operators,7,Fine motor,3.5
53-7041,Hoist and winch operators,8,Interpersonal,3.0
53-7041,Hoist and winch operators,9,Leadership,3.1
53-7041,Hoist and winch operators,10,Mathematics,2.3
53-7041,Hoist and winch operators,11,Mechanical,3.1
53-7041,Hoist and winch operators,12,Physical strength and stamina,2.9
53-7041,Hoist and winch operators,13,Problem solving and decision making,3.7
53-7041,Hoist and winch operators,14,Project management,2.5
53-7041,Hoist and winch operators,15,Science,1.5
53-7041,Hoist and winch operators,16,Speaking and listening,2.8
53-7041,Hoist and winch operators,17,Writing and reading,2.8
53-7051,Industrial truck and tractor operators,1,Adaptability,3.4
53-7051,Industrial truck and tractor operators,2,Computers and information technology,2.4
53-7051,Industrial truck and tractor operators,3,Creativity and innovation,2.2
53-7051,Industrial truck and tractor operators,4,Critical and analytical thinking,2.7
53-7051,Industrial truck and tractor operators,5,Customer service,2.5
53-7051,Industrial truck and tractor operators,6,Detail oriented,4.1
53-7051,Industrial truck and tractor operators,7,Fine motor,3.5
53-7051,Industrial truck and tractor operators,8,Interpersonal,2.9
53-7051,Industrial truck and tractor operators,9,Leadership,3.1
53-7051,Industrial truck and tractor operators,10,Mathematics,2.3
53-7051,Industrial truck and tractor operators,11,Mechanical,2.9
53-7051,Industrial truck and tractor operators,12,Physical strength and stamina,3.0
53-7051,Industrial truck and tractor operators,13,Problem solving and decision making,3.4
53-7051,Industrial truck and tractor operators,14,Project management,2.8
53-7051,Industrial truck and tractor operators,15,Science,1.3
53-7051,Industrial truck and tractor operators,16,Speaking and listening,2.6
53-7051,Industrial truck and tractor operators,17,Writing and reading,2.7
53-7061,Cleaners of vehicles and equipment,1,Adaptability,3.2
53-7061,Cleaners of vehicles and equipment,2,Computers and information technology,2.3
53-7061,Cleaners of vehicles and equipment,3,Creativity and innovation,2.2
53-7061,Cleaners of vehicles and equipment,4,Critical and analytical thinking,2.5
53-7061,Cleaners of vehicles and equipment,5,Customer service,2.7
53-7061,Cleaners of vehicles and equipment,6,Detail oriented,3.3
53-7061,Cleaners of vehicles and equipment,7,Fine motor,3.1
53-7061,Cleaners of vehicles and equipment,8,Interpersonal,3.0
53-7061,Cleaners of vehicles and equipment,9,Leadership,3.1
53-7061,Cleaners of vehicles and equipment,10,Mathematics,1.9
53-7061,Cleaners of vehicles and equipment,11,Mechanical,2.6
53-7061,Cleaners of vehicles and equipment,12,Physical strength and stamina,3.0
53-7061,Cleaners of vehicles and equipment,13,Problem solving and decision making,2.9
53-7061,Cleaners of vehicles and equipment,14,Project management,2.5
53-7061,Cleaners of vehicles and equipment,15,Science,1.8
53-7061,Cleaners of vehicles and equipment,16,Speaking and listening,2.5
53-7061,Cleaners of vehicles and equipment,17,Writing and reading,2.2
53-7062,"Laborers and freight, stock, and material movers, hand",1,Adaptability,3.1
53-7062,"Laborers and freight, stock, and material movers, hand",2,Computers and information technology,1.8
53-7062,"Laborers and freight, stock, and material movers, hand",3,Creativity and innovation,2.1
53-7062,"Laborers and freight, stock, and material movers, hand",4,Critical and analytical thinking,2.4
53-7062,"Laborers and freight, stock, and material movers, hand",5,Customer service,2.7
53-7062,"Laborers and freight, stock, and material movers, hand",6,Detail oriented,3.7
53-7062,"Laborers and freight, stock, and material movers, hand",7,Fine motor,3.0
53-7062,"Laborers and freight, stock, and material movers, hand",8,Interpersonal,2.7
53-7062,"Laborers and freight, stock, and material movers, hand",9,Leadership,3.0
53-7062,"Laborers and freight, stock, and material movers, hand",10,Mathematics,2.3
53-7062,"Laborers and freight, stock, and material movers, hand",11,Mechanical,1.9
53-7062,"Laborers and freight, stock, and material movers, hand",12,Physical strength and stamina,3.1
53-7062,"Laborers and freight, stock, and material movers, hand",13,Problem solving and decision making,2.9
53-7062,"Laborers and freight, stock, and material movers, hand",14,Project management,2.3
53-7062,"Laborers and freight, stock, and material movers, hand",15,Science,1.4
53-7062,"Laborers and freight, stock, and material movers, hand",16,Speaking and listening,2.6
53-7062,"Laborers and freight, stock, and material movers, hand",17,Writing and reading,2.7
53-7063,Machine feeders and offbearers,1,Adaptability,2.9
53-7063,Machine feeders and offbearers,2,Computers and information technology,2.0
53-7063,Machine feeders and offbearers,3,Creativity and innovation,2.0
53-7063,Machine feeders and offbearers,4,Critical and analytical thinking,2.2
53-7063,Machine feeders and offbearers,5,Customer service,2.0
53-7063,Machine feeders and offbearers,6,Detail oriented,3.5
53-7063,Machine feeders and offbearers,7,Fine motor,3.4
53-7063,Machine feeders and offbearers,8,Interpersonal,2.8
53-7063,Machine feeders and offbearers,9,Leadership,2.5
53-7063,Machine feeders and offbearers,10,Mathematics,2.4
53-7063,Machine feeders and offbearers,11,Mechanical,2.3
53-7063,Machine feeders and offbearers,12,Physical strength and stamina,2.7
53-7063,Machine feeders and offbearers,13,Problem solving and decision making,2.5
53-7063,Machine feeders and offbearers,14,Project management,2.0
53-7063,Machine feeders and offbearers,15,Science,1.4
53-7063,Machine feeders and offbearers,16,Speaking and listening,2.7
53-7063,Machine feeders and offbearers,17,Writing and reading,2.5
53-7064,"Packers and packagers, hand",1,Adaptability,3.4
53-7064,"Packers and packagers, hand",2,Computers and information technology,2.6
53-7064,"Packers and packagers, hand",3,Creativity and innovation,2.3
53-7064,"Packers and packagers, hand",4,Critical and analytical thinking,2.5
53-7064,"Packers and packagers, hand",5,Customer service,2.5
53-7064,"Packers and packagers, hand",6,Detail oriented,3.5
53-7064,"Packers and packagers, hand",7,Fine motor,2.8
53-7064,"Packers and packagers, hand",8,Interpersonal,3.0
53-7064,"Packers and packagers, hand",9,Leadership,3.1
53-7064,"Packers and packagers, hand",10,Mathematics,2.2
53-7064,"Packers and packagers, hand",11,Mechanical,2.1
53-7064,"Packers and packagers, hand",12,Physical strength and stamina,2.8
53-7064,"Packers and packagers, hand",13,Problem solving and decision making,2.9
53-7064,"Packers and packagers, hand",14,Project management,2.3
53-7064,"Packers and packagers, hand",15,Science,1.6
53-7064,"Packers and packagers, hand",16,Speaking and listening,2.5
53-7064,"Packers and packagers, hand",17,Writing and reading,2.3
53-7065,Stockers and order fillers,1,Adaptability,3.2
53-7065,Stockers and order fillers,2,Computers and information technology,2.7
53-7065,Stockers and order fillers,3,Creativity and innovation,2.3
53-7065,Stockers and order fillers,4,Critical and analytical thinking,2.5
53-7065,Stockers and order fillers,5,Customer service,3.2
53-7065,Stockers and order fillers,6,Detail oriented,3.4
53-7065,Stockers and order fillers,7,Fine motor,2.5
53-7065,Stockers and order fillers,8,Interpersonal,3.1
53-7065,Stockers and order fillers,9,Leadership,2.8
53-7065,Stockers and order fillers,10,Mathematics,2.2
53-7065,Stockers and order fillers,11,Mechanical,1.8
53-7065,Stockers and order fillers,12,Physical strength and stamina,3.0
53-7065,Stockers and order fillers,13,Problem solving and decision making,3.0
53-7065,Stockers and order fillers,14,Project management,2.3
53-7065,Stockers and order fillers,15,Science,1.4
53-7065,Stockers and order fillers,16,Speaking and listening,2.9
53-7065,Stockers and order fillers,17,Writing and reading,2.7
53-7071,Gas compressor and gas pumping station operators,1,Adaptability,3.9
53-7071,Gas compressor and gas pumping station operators,2,Computers and information technology,3.6
53-7071,Gas compressor and gas pumping station operators,3,Creativity and innovation,2.5
53-7071,Gas compressor and gas pumping station operators,4,Critical and analytical thinking,3.0
53-7071,Gas compressor and gas pumping station operators,5,Customer service,2.5
53-7071,Gas compressor and gas pumping station operators,6,Detail oriented,4.1
53-7071,Gas compressor and gas pumping station operators,7,Fine motor,3.3
53-7071,Gas compressor and gas pumping station operators,8,Interpersonal,3.0
53-7071,Gas compressor and gas pumping station operators,9,Leadership,3.2
53-7071,Gas compressor and gas pumping station operators,10,Mathematics,2.5
53-7071,Gas compressor and gas pumping station operators,11,Mechanical,3.4
53-7071,Gas compressor and gas pumping station operators,12,Physical strength and stamina,2.6
53-7071,Gas compressor and gas pumping station operators,13,Problem solving and decision making,3.5
53-7071,Gas compressor and gas pumping station operators,14,Project management,2.6
53-7071,Gas compressor and gas pumping station operators,15,Science,2.6
53-7071,Gas compressor and gas pumping station operators,16,Speaking and listening,2.8
53-7071,Gas compressor and gas pumping station operators,17,Writing and reading,3.0
53-7072,"Pump operators, except wellhead pumpers",1,Adaptability,3.2
53-7072,"Pump operators, except wellhead pumpers",2,Computers and information technology,2.8
53-7072,"Pump operators, except wellhead pumpers",3,Creativity and innovation,2.3
53-7072,"Pump operators, except wellhead pumpers",4,Critical and analytical thinking,2.9
53-7072,"Pump operators, except wellhead pumpers",5,Customer service,2.2
53-7072,"Pump operators, except wellhead pumpers",6,Detail oriented,3.5
53-7072,"Pump operators, except wellhead pumpers",7,Fine motor,3.3
53-7072,"Pump operators, except wellhead pumpers",8,Interpersonal,2.6
53-7072,"Pump operators, except wellhead pumpers",9,Leadership,2.8
53-7072,"Pump operators, except wellhead pumpers",10,Mathematics,2.8
53-7072,"Pump operators, except wellhead pumpers",11,Mechanical,3.1
53-7072,"Pump operators, except wellhead pumpers",12,Physical strength and stamina,2.9
53-7072,"Pump operators, except wellhead pumpers",13,Problem solving and decision making,3.5
53-7072,"Pump operators, except wellhead pumpers",14,Project management,3.0
53-7072,"Pump operators, except wellhead pumpers",15,Science,2.0
53-7072,"Pump operators, except wellhead pumpers",16,Speaking and listening,2.8
53-7072,"Pump operators, except wellhead pumpers",17,Writing and reading,3.2
53-7073,Wellhead pumpers,1,Adaptability,3.5
53-7073,Wellhead pumpers,2,Computers and information technology,3.1
53-7073,Wellhead pumpers,3,Creativity and innovation,2.5
53-7073,Wellhead pumpers,4,Critical and analytical thinking,2.9
53-7073,Wellhead pumpers,5,Customer service,2.5
53-7073,Wellhead pumpers,6,Detail oriented,3.6
53-7073,Wellhead pumpers,7,Fine motor,2.9
53-7073,Wellhead pumpers,8,Interpersonal,2.9
53-7073,Wellhead pumpers,9,Leadership,3.1
53-7073,Wellhead pumpers,10,Mathematics,2.4
53-7073,Wellhead pumpers,11,Mechanical,3.2
53-7073,Wellhead pumpers,12,Physical strength and stamina,2.8
53-7073,Wellhead pumpers,13,Problem solving and decision making,3.6
53-7073,Wellhead pumpers,14,Project management,2.7
53-7073,Wellhead pumpers,15,Science,2.0
53-7073,Wellhead pumpers,16,Speaking and listening,2.6
53-7073,Wellhead pumpers,17,Writing and reading,2.8
53-7081,Refuse and recyclable material collectors,1,Adaptability,2.7
53-7081,Refuse and recyclable material collectors,2,Computers and information technology,1.6
53-7081,Refuse and recyclable material collectors,3,Creativity and innovation,1.6
53-7081,Refuse and recyclable material collectors,4,Critical and analytical thinking,2.1
53-7081,Refuse and recyclable material collectors,5,Customer service,2.3
53-7081,Refuse and recyclable material collectors,6,Detail oriented,3.1
53-7081,Refuse and recyclable material collectors,7,Fine motor,2.9
53-7081,Refuse and recyclable material collectors,8,Interpersonal,2.5
53-7081,Refuse and recyclable material collectors,9,Leadership,2.1
53-7081,Refuse and recyclable material collectors,10,Mathematics,1.3
53-7081,Refuse and recyclable material collectors,11,Mechanical,2.6
53-7081,Refuse and recyclable material collectors,12,Physical strength and stamina,3.0
53-7081,Refuse and recyclable material collectors,13,Problem solving and decision making,2.7
53-7081,Refuse and recyclable material collectors,14,Project management,1.5
53-7081,Refuse and recyclable material collectors,15,Science,1.2
53-7081,Refuse and recyclable material collectors,16,Speaking and listening,2.5
53-7081,Refuse and recyclable material collectors,17,Writing and reading,2.3
53-7121,"Tank car, truck, and ship loaders",1,Adaptability,3.6
53-7121,"Tank car, truck, and ship loaders",2,Computers and information technology,3.0
53-7121,"Tank car, truck, and ship loaders",3,Creativity and innovation,2.5
53-7121,"Tank car, truck, and ship loaders",4,Critical and analytical thinking,2.8
53-7121,"Tank car, truck, and ship loaders",5,Customer service,2.6
53-7121,"Tank car, truck, and ship loaders",6,Detail oriented,4.2
53-7121,"Tank car, truck, and ship loaders",7,Fine motor,3.4
53-7121,"Tank car, truck, and ship loaders",8,Interpersonal,3.0
53-7121,"Tank car, truck, and ship loaders",9,Leadership,3.2
53-7121,"Tank car, truck, and ship loaders",10,Mathematics,2.5
53-7121,"Tank car, truck, and ship loaders",11,Mechanical,2.9
53-7121,"Tank car, truck, and ship loaders",12,Physical strength and stamina,3.3
53-7121,"Tank car, truck, and ship loaders",13,Problem solving and decision making,3.5
53-7121,"Tank car, truck, and ship loaders",14,Project management,2.8
53-7121,"Tank car, truck, and ship loaders",15,Science,1.8
53-7121,"Tank car, truck, and ship loaders",16,Speaking and listening,2.8
53-7121,"Tank car, truck, and ship loaders",17,Writing and reading,3.1
53-7199,"Material moving workers, all other",1,Adaptability,3.2
53-7199,"Material moving workers, all other",2,Computers and information technology,2.3
53-7199,"Material moving workers, all other",3,Creativity and innovation,2.2
53-7199,"Material moving workers, all other",4,Critical and analytical thinking,2.5
53-7199,"Material moving workers, all other",5,Customer service,2.8
53-7199,"Material moving workers, all other",6,Detail oriented,3.6
53-7199,"Material moving workers, all other",7,Fine motor,2.9
53-7199,"Material moving workers, all other",8,Interpersonal,2.9
53-7199,"Material moving workers, all other",9,Leadership,2.9
53-7199,"Material moving workers, all other",10,Mathematics,2.2
53-7199,"Material moving workers, all other",11,Mechanical,2.0
53-7199,"Material moving workers, all other",12,Physical strength and stamina,3.0
53-7199,"Material moving workers, all other",13,Problem solving and decision making,3.0
53-7199,"Material moving workers, all other",14,Project management,2.4
53-7199,"Material moving workers, all other",15,Science,1.4
53-7199,"Material moving workers, all other",16,Speaking and listening,2.7
53-7199,"Material moving workers, all other",17,Writing and reading,2.6
